/*M!999999\- enable the sandbox mode */ 
-- MariaDB dump 10.19  Distrib 10.11.11-MariaDB, for debian-linux-gnu (x86_64)
--
-- Host: localhost    Database: c1phpbase
-- ------------------------------------------------------
-- Server version	10.11.11-MariaDB-0+deb12u1

/*!40101 SET @OLD_CHARACTER_SET_CLIENT=@@CHARACTER_SET_CLIENT */;
/*!40101 SET @OLD_CHARACTER_SET_RESULTS=@@CHARACTER_SET_RESULTS */;
/*!40101 SET @OLD_COLLATION_CONNECTION=@@COLLATION_CONNECTION */;
/*!40101 SET NAMES utf8mb4 */;
/*!40103 SET @OLD_TIME_ZONE=@@TIME_ZONE */;
/*!40103 SET TIME_ZONE='+00:00' */;
/*!40014 SET @OLD_UNIQUE_CHECKS=@@UNIQUE_CHECKS, UNIQUE_CHECKS=0 */;
/*!40014 SET @OLD_FOREIGN_KEY_CHECKS=@@FOREIGN_KEY_CHECKS, FOREIGN_KEY_CHECKS=0 */;
/*!40101 SET @OLD_SQL_MODE=@@SQL_MODE, SQL_MODE='NO_AUTO_VALUE_ON_ZERO' */;
/*!40111 SET @OLD_SQL_NOTES=@@SQL_NOTES, SQL_NOTES=0 */;

--
-- Table structure for table `auto_Testfeed`
--

DROP TABLE IF EXISTS `auto_Testfeed`;
/*!40101 SET @saved_cs_client     = @@character_set_client */;
/*!40101 SET character_set_client = utf8mb4 */;
CREATE TABLE `auto_Testfeed` (
  `Testfeed_id` int(10) unsigned NOT NULL AUTO_INCREMENT,
  `Testfeed_order_num` int(10) unsigned DEFAULT 1,
  `smap_id` int(10) unsigned NOT NULL,
  `test_img` varchar(255) DEFAULT NULL,
  `test_date` datetime DEFAULT NULL,
  `test_datetime` datetime DEFAULT NULL,
  `test_rtf` text DEFAULT NULL,
  `test_text` text DEFAULT NULL,
  PRIMARY KEY (`Testfeed_id`),
  KEY `Testfeed_order_num` (`Testfeed_order_num`),
  KEY `smap_id` (`smap_id`),
  CONSTRAINT `auto_Testfeed_smap_id` FOREIGN KEY (`smap_id`) REFERENCES `share_sitemap` (`smap_id`) ON DELETE CASCADE ON UPDATE CASCADE
) ENGINE=InnoDB AUTO_INCREMENT=5 DEFAULT CHARSET=utf8mb3 COLLATE=utf8mb3_general_ci;
/*!40101 SET character_set_client = @saved_cs_client */;

--
-- Dumping data for table `auto_Testfeed`
--

LOCK TABLES `auto_Testfeed` WRITE;
/*!40000 ALTER TABLE `auto_Testfeed` DISABLE KEYS */;
INSERT INTO `auto_Testfeed` VALUES
(4,2,3730,NULL,NULL,NULL,NULL,NULL);
/*!40000 ALTER TABLE `auto_Testfeed` ENABLE KEYS */;
UNLOCK TABLES;

--
-- Table structure for table `auto_Testfeed_filter`
--

DROP TABLE IF EXISTS `auto_Testfeed_filter`;
/*!40101 SET @saved_cs_client     = @@character_set_client */;
/*!40101 SET character_set_client = utf8mb4 */;
CREATE TABLE `auto_Testfeed_filter` (
  `filter_id` int(10) unsigned NOT NULL AUTO_INCREMENT,
  `filter_pid` int(10) unsigned DEFAULT NULL,
  `filter_order_num` int(10) NOT NULL DEFAULT 1,
  `filter_img` varchar(255) DEFAULT NULL,
  `filter_is_active` tinyint(1) NOT NULL DEFAULT 1,
  `filter_is_feature` tinyint(1) NOT NULL DEFAULT 1,
  `filter_system_name` varchar(255) DEFAULT NULL,
  `filter_is_similar_product` tinyint(1) NOT NULL DEFAULT 0,
  PRIMARY KEY (`filter_id`),
  KEY `filter_pid` (`filter_pid`),
  KEY `filter_order_num` (`filter_order_num`),
  CONSTRAINT `auto_Testfeed_filter_filter_id_pid` FOREIGN KEY (`filter_pid`) REFERENCES `auto_Testfeed_filter` (`filter_id`) ON DELETE CASCADE ON UPDATE CASCADE
) ENGINE=InnoDB AUTO_INCREMENT=3 DEFAULT CHARSET=utf8mb3 COLLATE=utf8mb3_general_ci;
/*!40101 SET character_set_client = @saved_cs_client */;

--
-- Dumping data for table `auto_Testfeed_filter`
--

LOCK TABLES `auto_Testfeed_filter` WRITE;
/*!40000 ALTER TABLE `auto_Testfeed_filter` DISABLE KEYS */;
INSERT INTO `auto_Testfeed_filter` VALUES
(1,NULL,3,NULL,1,1,NULL,0),
(2,1,2,NULL,1,1,NULL,0);
/*!40000 ALTER TABLE `auto_Testfeed_filter` ENABLE KEYS */;
UNLOCK TABLES;

--
-- Table structure for table `auto_Testfeed_filter_data`
--

DROP TABLE IF EXISTS `auto_Testfeed_filter_data`;
/*!40101 SET @saved_cs_client     = @@character_set_client */;
/*!40101 SET character_set_client = utf8mb4 */;
CREATE TABLE `auto_Testfeed_filter_data` (
  `fd_id` int(10) unsigned NOT NULL AUTO_INCREMENT,
  `filter_id` int(10) unsigned NOT NULL,
  `target_id` int(10) unsigned DEFAULT NULL,
  `session_id` varchar(255) DEFAULT NULL,
  PRIMARY KEY (`fd_id`),
  KEY `filter_id` (`filter_id`),
  KEY `target_id` (`target_id`),
  CONSTRAINT `auto_Testfeed_filter_data_filter_id_id` FOREIGN KEY (`filter_id`) REFERENCES `auto_Testfeed_filter` (`filter_id`) ON DELETE CASCADE ON UPDATE CASCADE,
  CONSTRAINT `auto_Testfeed_filter_data_target_id_id` FOREIGN KEY (`target_id`) REFERENCES `auto_Testfeed` (`Testfeed_id`) ON DELETE CASCADE ON UPDATE CASCADE
) ENGINE=InnoDB AUTO_INCREMENT=3 DEFAULT CHARSET=utf8mb3 COLLATE=utf8mb3_general_ci;
/*!40101 SET character_set_client = @saved_cs_client */;

--
-- Dumping data for table `auto_Testfeed_filter_data`
--

LOCK TABLES `auto_Testfeed_filter_data` WRITE;
/*!40000 ALTER TABLE `auto_Testfeed_filter_data` DISABLE KEYS */;
/*!40000 ALTER TABLE `auto_Testfeed_filter_data` ENABLE KEYS */;
UNLOCK TABLES;

--
-- Table structure for table `auto_Testfeed_filter_translation`
--

DROP TABLE IF EXISTS `auto_Testfeed_filter_translation`;
/*!40101 SET @saved_cs_client     = @@character_set_client */;
/*!40101 SET character_set_client = utf8mb4 */;
CREATE TABLE `auto_Testfeed_filter_translation` (
  `filter_id` int(10) unsigned NOT NULL,
  `lang_id` int(10) unsigned NOT NULL,
  `filter_name` varchar(255) NOT NULL,
  `filter_descr_rtf` text DEFAULT NULL,
  PRIMARY KEY (`filter_id`,`lang_id`),
  KEY `lang_id` (`lang_id`)
) ENGINE=InnoDB DEFAULT CHARSET=utf8mb3 COLLATE=utf8mb3_general_ci;
/*!40101 SET character_set_client = @saved_cs_client */;

--
-- Dumping data for table `auto_Testfeed_filter_translation`
--

LOCK TABLES `auto_Testfeed_filter_translation` WRITE;
/*!40000 ALTER TABLE `auto_Testfeed_filter_translation` DISABLE KEYS */;
INSERT INTO `auto_Testfeed_filter_translation` VALUES
(1,1,'123',NULL),
(1,2,'123',NULL),
(1,3,'123',NULL),
(1,4,'123',NULL),
(1,5,'123',NULL),
(2,1,'123',NULL),
(2,2,'222',NULL),
(2,3,'12312',NULL),
(2,4,'123123',NULL),
(2,5,'123',NULL);
/*!40000 ALTER TABLE `auto_Testfeed_filter_translation` ENABLE KEYS */;
UNLOCK TABLES;

--
-- Table structure for table `auto_Testfeed_translation`
--

DROP TABLE IF EXISTS `auto_Testfeed_translation`;
/*!40101 SET @saved_cs_client     = @@character_set_client */;
/*!40101 SET character_set_client = utf8mb4 */;
CREATE TABLE `auto_Testfeed_translation` (
  `Testfeed_id` int(10) unsigned NOT NULL,
  `lang_id` int(10) unsigned NOT NULL,
  `test_name` varchar(255) DEFAULT NULL,
  PRIMARY KEY (`Testfeed_id`,`lang_id`),
  KEY `lang_id` (`lang_id`),
  CONSTRAINT `auto_Testfeed_translation_0_Testfeed_id` FOREIGN KEY (`Testfeed_id`) REFERENCES `auto_Testfeed` (`Testfeed_id`) ON DELETE CASCADE ON UPDATE CASCADE,
  CONSTRAINT `auto_Testfeed_translation_1_lang_id` FOREIGN KEY (`lang_id`) REFERENCES `share_languages` (`lang_id`) ON DELETE CASCADE ON UPDATE CASCADE
) ENGINE=InnoDB DEFAULT CHARSET=utf8mb3 COLLATE=utf8mb3_general_ci;
/*!40101 SET character_set_client = @saved_cs_client */;

--
-- Dumping data for table `auto_Testfeed_translation`
--

LOCK TABLES `auto_Testfeed_translation` WRITE;
/*!40000 ALTER TABLE `auto_Testfeed_translation` DISABLE KEYS */;
INSERT INTO `auto_Testfeed_translation` VALUES
(4,1,NULL),
(4,2,NULL),
(4,3,NULL),
(4,4,NULL),
(4,5,NULL);
/*!40000 ALTER TABLE `auto_Testfeed_translation` ENABLE KEYS */;
UNLOCK TABLES;

--
-- Table structure for table `auto_Testfeed_uploads`
--

DROP TABLE IF EXISTS `auto_Testfeed_uploads`;
/*!40101 SET @saved_cs_client     = @@character_set_client */;
/*!40101 SET character_set_client = utf8mb4 */;
CREATE TABLE `auto_Testfeed_uploads` (
  `au_id` int(10) unsigned NOT NULL AUTO_INCREMENT,
  `Testfeed_id` int(10) unsigned DEFAULT NULL,
  `upl_id` int(10) unsigned NOT NULL,
  `au_order_num` int(10) unsigned NOT NULL DEFAULT 1,
  `session_id` varchar(255) DEFAULT NULL,
  PRIMARY KEY (`au_id`),
  KEY `Testfeed_id` (`Testfeed_id`),
  KEY `upl_id` (`upl_id`),
  CONSTRAINT `auto_Testfeed_uploads_0_Testfeed_id` FOREIGN KEY (`Testfeed_id`) REFERENCES `auto_Testfeed` (`Testfeed_id`) ON DELETE CASCADE ON UPDATE CASCADE,
  CONSTRAINT `auto_Testfeed_uploads_upl_id` FOREIGN KEY (`upl_id`) REFERENCES `share_uploads` (`upl_id`) ON DELETE CASCADE ON UPDATE CASCADE
) ENGINE=InnoDB DEFAULT CHARSET=utf8mb3 COLLATE=utf8mb3_general_ci;
/*!40101 SET character_set_client = @saved_cs_client */;

--
-- Dumping data for table `auto_Testfeed_uploads`
--

LOCK TABLES `auto_Testfeed_uploads` WRITE;
/*!40000 ALTER TABLE `auto_Testfeed_uploads` DISABLE KEYS */;
/*!40000 ALTER TABLE `auto_Testfeed_uploads` ENABLE KEYS */;
UNLOCK TABLES;

--
-- Table structure for table `auto_Testfeed_uploads_translation`
--

DROP TABLE IF EXISTS `auto_Testfeed_uploads_translation`;
/*!40101 SET @saved_cs_client     = @@character_set_client */;
/*!40101 SET character_set_client = utf8mb4 */;
CREATE TABLE `auto_Testfeed_uploads_translation` (
  `au_id` int(10) unsigned NOT NULL,
  `lang_id` int(10) unsigned NOT NULL,
  `file_alt` varchar(255) DEFAULT NULL,
  PRIMARY KEY (`au_id`,`lang_id`),
  KEY `lang_id` (`lang_id`),
  CONSTRAINT `auto_Testfeed_uploads_translation_au_id` FOREIGN KEY (`au_id`) REFERENCES `auto_Testfeed_uploads` (`au_id`) ON DELETE CASCADE ON UPDATE CASCADE,
  CONSTRAINT `auto_Testfeed_uploads_translation_lang_id` FOREIGN KEY (`lang_id`) REFERENCES `share_languages` (`lang_id`) ON DELETE CASCADE ON UPDATE CASCADE
) ENGINE=InnoDB DEFAULT CHARSET=utf8mb3 COLLATE=utf8mb3_general_ci;
/*!40101 SET character_set_client = @saved_cs_client */;

--
-- Dumping data for table `auto_Testfeed_uploads_translation`
--

LOCK TABLES `auto_Testfeed_uploads_translation` WRITE;
/*!40000 ALTER TABLE `auto_Testfeed_uploads_translation` DISABLE KEYS */;
/*!40000 ALTER TABLE `auto_Testfeed_uploads_translation` ENABLE KEYS */;
UNLOCK TABLES;

--
-- Table structure for table `auto_test`
--

DROP TABLE IF EXISTS `auto_test`;
/*!40101 SET @saved_cs_client     = @@character_set_client */;
/*!40101 SET character_set_client = utf8mb4 */;
CREATE TABLE `auto_test` (
  `test_id` int(10) unsigned NOT NULL AUTO_INCREMENT,
  `test_order_num` int(10) unsigned DEFAULT 1,
  `test_img` varchar(255) DEFAULT NULL,
  `test_date` datetime DEFAULT NULL,
  `test_datetime` datetime DEFAULT NULL,
  `test_rtf` text DEFAULT NULL,
  `test_text` text DEFAULT NULL,
  PRIMARY KEY (`test_id`),
  KEY `test_order_num` (`test_order_num`)
) ENGINE=InnoDB AUTO_INCREMENT=7 DEFAULT CHARSET=utf8mb3 COLLATE=utf8mb3_general_ci;
/*!40101 SET character_set_client = @saved_cs_client */;

--
-- Dumping data for table `auto_test`
--

LOCK TABLES `auto_test` WRITE;
/*!40000 ALTER TABLE `auto_test` DISABLE KEYS */;
INSERT INTO `auto_test` VALUES
(1,3,'uploads/public/fast-upload/17506349361209.webp','2025-06-20 00:49:00','2024-11-21 03:16:00','<p>1112</p>\n',NULL),
(2,5,'uploads/public/fast-upload/17362158772012.webp',NULL,NULL,NULL,NULL),
(4,4,NULL,NULL,NULL,NULL,'test1'),
(5,3,NULL,NULL,NULL,NULL,NULL),
(6,2,NULL,NULL,NULL,'<p>111aaa</p>\n',NULL);
/*!40000 ALTER TABLE `auto_test` ENABLE KEYS */;
UNLOCK TABLES;

--
-- Table structure for table `auto_test_filter`
--

DROP TABLE IF EXISTS `auto_test_filter`;
/*!40101 SET @saved_cs_client     = @@character_set_client */;
/*!40101 SET character_set_client = utf8mb4 */;
CREATE TABLE `auto_test_filter` (
  `filter_id` int(10) unsigned NOT NULL AUTO_INCREMENT,
  `filter_pid` int(10) unsigned DEFAULT NULL,
  `filter_order_num` int(10) NOT NULL DEFAULT 1,
  `filter_img` varchar(255) DEFAULT NULL,
  `filter_is_active` tinyint(1) NOT NULL DEFAULT 1,
  `filter_is_feature` tinyint(1) NOT NULL DEFAULT 1,
  `filter_system_name` varchar(255) DEFAULT NULL,
  `filter_is_similar_product` tinyint(1) NOT NULL DEFAULT 0,
  PRIMARY KEY (`filter_id`),
  KEY `filter_pid` (`filter_pid`),
  KEY `filter_order_num` (`filter_order_num`),
  CONSTRAINT `auto_test_filter_filter_id_pid` FOREIGN KEY (`filter_pid`) REFERENCES `auto_test_filter` (`filter_id`) ON DELETE CASCADE ON UPDATE CASCADE
) ENGINE=InnoDB AUTO_INCREMENT=3 DEFAULT CHARSET=utf8mb3 COLLATE=utf8mb3_general_ci;
/*!40101 SET character_set_client = @saved_cs_client */;

--
-- Dumping data for table `auto_test_filter`
--

LOCK TABLES `auto_test_filter` WRITE;
/*!40000 ALTER TABLE `auto_test_filter` DISABLE KEYS */;
INSERT INTO `auto_test_filter` VALUES
(1,NULL,2,NULL,0,0,NULL,0),
(2,1,1,NULL,0,0,NULL,0);
/*!40000 ALTER TABLE `auto_test_filter` ENABLE KEYS */;
UNLOCK TABLES;

--
-- Table structure for table `auto_test_filter_data`
--

DROP TABLE IF EXISTS `auto_test_filter_data`;
/*!40101 SET @saved_cs_client     = @@character_set_client */;
/*!40101 SET character_set_client = utf8mb4 */;
CREATE TABLE `auto_test_filter_data` (
  `fd_id` int(10) unsigned NOT NULL AUTO_INCREMENT,
  `filter_id` int(10) unsigned NOT NULL,
  `target_id` int(10) unsigned DEFAULT NULL,
  `session_id` varchar(255) DEFAULT NULL,
  PRIMARY KEY (`fd_id`),
  KEY `filter_id` (`filter_id`),
  KEY `target_id` (`target_id`),
  CONSTRAINT `auto_test_filter_data_filter_id_id` FOREIGN KEY (`filter_id`) REFERENCES `auto_test_filter` (`filter_id`) ON DELETE CASCADE ON UPDATE CASCADE,
  CONSTRAINT `auto_test_filter_data_target_id_id` FOREIGN KEY (`target_id`) REFERENCES `auto_test` (`test_id`) ON DELETE CASCADE ON UPDATE CASCADE
) ENGINE=InnoDB AUTO_INCREMENT=7 DEFAULT CHARSET=utf8mb3 COLLATE=utf8mb3_general_ci;
/*!40101 SET character_set_client = @saved_cs_client */;

--
-- Dumping data for table `auto_test_filter_data`
--

LOCK TABLES `auto_test_filter_data` WRITE;
/*!40000 ALTER TABLE `auto_test_filter_data` DISABLE KEYS */;
INSERT INTO `auto_test_filter_data` VALUES
(2,1,1,NULL),
(3,2,1,NULL),
(6,1,4,NULL);
/*!40000 ALTER TABLE `auto_test_filter_data` ENABLE KEYS */;
UNLOCK TABLES;

--
-- Table structure for table `auto_test_filter_translation`
--

DROP TABLE IF EXISTS `auto_test_filter_translation`;
/*!40101 SET @saved_cs_client     = @@character_set_client */;
/*!40101 SET character_set_client = utf8mb4 */;
CREATE TABLE `auto_test_filter_translation` (
  `filter_id` int(10) unsigned NOT NULL,
  `lang_id` int(10) unsigned NOT NULL,
  `filter_name` varchar(255) NOT NULL,
  `filter_descr_rtf` text DEFAULT NULL,
  PRIMARY KEY (`filter_id`,`lang_id`),
  KEY `lang_id` (`lang_id`)
) ENGINE=InnoDB DEFAULT CHARSET=utf8mb3 COLLATE=utf8mb3_general_ci;
/*!40101 SET character_set_client = @saved_cs_client */;

--
-- Dumping data for table `auto_test_filter_translation`
--

LOCK TABLES `auto_test_filter_translation` WRITE;
/*!40000 ALTER TABLE `auto_test_filter_translation` DISABLE KEYS */;
INSERT INTO `auto_test_filter_translation` VALUES
(1,1,'test',NULL),
(1,2,'Test',NULL),
(1,3,'Test',NULL),
(1,4,'Prüfen',NULL),
(1,5,'Test',NULL),
(2,1,'testr',NULL),
(2,2,'testu',NULL),
(2,3,'teste',NULL),
(2,4,'testd',NULL),
(2,5,'testp',NULL);
/*!40000 ALTER TABLE `auto_test_filter_translation` ENABLE KEYS */;
UNLOCK TABLES;

--
-- Table structure for table `auto_test_translation`
--

DROP TABLE IF EXISTS `auto_test_translation`;
/*!40101 SET @saved_cs_client     = @@character_set_client */;
/*!40101 SET character_set_client = utf8mb4 */;
CREATE TABLE `auto_test_translation` (
  `test_id` int(10) unsigned NOT NULL,
  `lang_id` int(10) unsigned NOT NULL,
  `test_name` varchar(255) DEFAULT NULL,
  PRIMARY KEY (`test_id`,`lang_id`),
  KEY `lang_id` (`lang_id`),
  CONSTRAINT `auto_test_translation_0_test_id` FOREIGN KEY (`test_id`) REFERENCES `auto_test` (`test_id`) ON DELETE CASCADE ON UPDATE CASCADE,
  CONSTRAINT `auto_test_translation_1_lang_id` FOREIGN KEY (`lang_id`) REFERENCES `share_languages` (`lang_id`) ON DELETE CASCADE ON UPDATE CASCADE
) ENGINE=InnoDB DEFAULT CHARSET=utf8mb3 COLLATE=utf8mb3_general_ci;
/*!40101 SET character_set_client = @saved_cs_client */;

--
-- Dumping data for table `auto_test_translation`
--

LOCK TABLES `auto_test_translation` WRITE;
/*!40000 ALTER TABLE `auto_test_translation` DISABLE KEYS */;
INSERT INTO `auto_test_translation` VALUES
(1,1,NULL),
(1,2,'ua'),
(1,3,NULL),
(1,4,'de'),
(1,5,'poland111'),
(2,1,NULL),
(2,2,NULL),
(2,3,NULL),
(2,4,'de'),
(2,5,'poland'),
(4,1,NULL),
(4,2,'ua'),
(4,3,NULL),
(4,4,'de'),
(4,5,NULL),
(5,1,NULL),
(5,2,NULL),
(5,3,NULL),
(5,4,NULL),
(5,5,NULL),
(6,1,'r'),
(6,2,'u'),
(6,3,'e'),
(6,4,'d'),
(6,5,'p1');
/*!40000 ALTER TABLE `auto_test_translation` ENABLE KEYS */;
UNLOCK TABLES;

--
-- Table structure for table `auto_test_uploads`
--

DROP TABLE IF EXISTS `auto_test_uploads`;
/*!40101 SET @saved_cs_client     = @@character_set_client */;
/*!40101 SET character_set_client = utf8mb4 */;
CREATE TABLE `auto_test_uploads` (
  `au_id` int(10) unsigned NOT NULL AUTO_INCREMENT,
  `test_id` int(10) unsigned DEFAULT NULL,
  `upl_id` int(10) unsigned NOT NULL,
  `au_order_num` int(10) unsigned NOT NULL DEFAULT 1,
  `session_id` varchar(255) DEFAULT NULL,
  PRIMARY KEY (`au_id`),
  KEY `test_id` (`test_id`),
  KEY `upl_id` (`upl_id`),
  CONSTRAINT `auto_test_uploads_0_test_id` FOREIGN KEY (`test_id`) REFERENCES `auto_test` (`test_id`) ON DELETE CASCADE ON UPDATE CASCADE,
  CONSTRAINT `auto_test_uploads_upl_id` FOREIGN KEY (`upl_id`) REFERENCES `share_uploads` (`upl_id`) ON DELETE CASCADE ON UPDATE CASCADE
) ENGINE=InnoDB AUTO_INCREMENT=75 DEFAULT CHARSET=utf8mb3 COLLATE=utf8mb3_general_ci;
/*!40101 SET character_set_client = @saved_cs_client */;

--
-- Dumping data for table `auto_test_uploads`
--

LOCK TABLES `auto_test_uploads` WRITE;
/*!40000 ALTER TABLE `auto_test_uploads` DISABLE KEYS */;
INSERT INTO `auto_test_uploads` VALUES
(3,1,31972,31972,'61548f9667b599b523cdc5b9ca540543e05a17be'),
(4,1,31973,31973,'61548f9667b599b523cdc5b9ca540543e05a17be'),
(5,1,31974,31974,'61548f9667b599b523cdc5b9ca540543e05a17be'),
(6,1,31975,31975,'61548f9667b599b523cdc5b9ca540543e05a17be'),
(7,2,31976,31976,'61548f9667b599b523cdc5b9ca540543e05a17be'),
(10,4,31979,31977,'61548f9667b599b523cdc5b9ca540543e05a17be'),
(11,4,31980,31978,'61548f9667b599b523cdc5b9ca540543e05a17be'),
(12,4,31981,31979,'61548f9667b599b523cdc5b9ca540543e05a17be'),
(13,4,31982,31980,'61548f9667b599b523cdc5b9ca540543e05a17be'),
(14,4,31983,31981,'61548f9667b599b523cdc5b9ca540543e05a17be'),
(16,4,31985,31982,'61548f9667b599b523cdc5b9ca540543e05a17be'),
(17,4,31986,31983,'61548f9667b599b523cdc5b9ca540543e05a17be'),
(18,4,31987,31984,'61548f9667b599b523cdc5b9ca540543e05a17be'),
(19,4,31988,31985,'61548f9667b599b523cdc5b9ca540543e05a17be'),
(20,4,31989,31986,'61548f9667b599b523cdc5b9ca540543e05a17be'),
(21,4,31990,31987,'61548f9667b599b523cdc5b9ca540543e05a17be'),
(22,4,31991,31988,'61548f9667b599b523cdc5b9ca540543e05a17be'),
(23,4,31992,31989,'61548f9667b599b523cdc5b9ca540543e05a17be'),
(24,4,31993,31990,'61548f9667b599b523cdc5b9ca540543e05a17be'),
(25,4,31994,31991,'61548f9667b599b523cdc5b9ca540543e05a17be'),
(26,4,31995,31995,'61548f9667b599b523cdc5b9ca540543e05a17be'),
(27,4,31996,31996,'61548f9667b599b523cdc5b9ca540543e05a17be'),
(28,4,31997,31997,'61548f9667b599b523cdc5b9ca540543e05a17be'),
(29,4,32000,32000,'61548f9667b599b523cdc5b9ca540543e05a17be'),
(30,4,32001,32001,'61548f9667b599b523cdc5b9ca540543e05a17be'),
(31,4,32010,32010,'61548f9667b599b523cdc5b9ca540543e05a17be'),
(32,4,32011,32011,'61548f9667b599b523cdc5b9ca540543e05a17be'),
(33,4,32012,32012,'61548f9667b599b523cdc5b9ca540543e05a17be'),
(34,4,32013,32013,'61548f9667b599b523cdc5b9ca540543e05a17be'),
(35,4,32014,32014,'61548f9667b599b523cdc5b9ca540543e05a17be'),
(36,4,32015,32015,'61548f9667b599b523cdc5b9ca540543e05a17be'),
(37,4,32016,32016,'61548f9667b599b523cdc5b9ca540543e05a17be'),
(38,4,32017,32017,'61548f9667b599b523cdc5b9ca540543e05a17be'),
(39,4,32018,32018,'61548f9667b599b523cdc5b9ca540543e05a17be'),
(40,4,32019,32019,'61548f9667b599b523cdc5b9ca540543e05a17be'),
(41,4,32020,32020,'61548f9667b599b523cdc5b9ca540543e05a17be'),
(42,4,32021,32021,'61548f9667b599b523cdc5b9ca540543e05a17be'),
(43,4,32022,32022,'61548f9667b599b523cdc5b9ca540543e05a17be'),
(44,4,32023,32023,'61548f9667b599b523cdc5b9ca540543e05a17be'),
(45,4,32024,32024,'61548f9667b599b523cdc5b9ca540543e05a17be'),
(46,4,32025,32025,'61548f9667b599b523cdc5b9ca540543e05a17be'),
(47,4,32026,32026,'61548f9667b599b523cdc5b9ca540543e05a17be'),
(48,4,32027,32027,'61548f9667b599b523cdc5b9ca540543e05a17be'),
(49,4,32028,32028,'61548f9667b599b523cdc5b9ca540543e05a17be'),
(50,4,32029,32029,'61548f9667b599b523cdc5b9ca540543e05a17be'),
(51,4,32030,32030,'61548f9667b599b523cdc5b9ca540543e05a17be'),
(52,4,32031,32031,'61548f9667b599b523cdc5b9ca540543e05a17be'),
(53,4,32032,32032,'61548f9667b599b523cdc5b9ca540543e05a17be'),
(54,4,32033,32033,'61548f9667b599b523cdc5b9ca540543e05a17be'),
(55,4,32034,32034,'61548f9667b599b523cdc5b9ca540543e05a17be'),
(56,4,32035,32035,'61548f9667b599b523cdc5b9ca540543e05a17be'),
(57,4,32036,32036,'61548f9667b599b523cdc5b9ca540543e05a17be'),
(58,4,32037,32037,'61548f9667b599b523cdc5b9ca540543e05a17be'),
(59,4,32038,32039,'61548f9667b599b523cdc5b9ca540543e05a17be'),
(60,4,32039,32038,'61548f9667b599b523cdc5b9ca540543e05a17be'),
(61,4,32040,32040,'61548f9667b599b523cdc5b9ca540543e05a17be'),
(62,4,32041,32041,'61548f9667b599b523cdc5b9ca540543e05a17be'),
(63,4,32042,32042,'61548f9667b599b523cdc5b9ca540543e05a17be'),
(64,4,32043,32043,'61548f9667b599b523cdc5b9ca540543e05a17be'),
(65,4,32044,32044,'61548f9667b599b523cdc5b9ca540543e05a17be'),
(66,4,32045,32045,'61548f9667b599b523cdc5b9ca540543e05a17be'),
(67,4,32046,32046,'61548f9667b599b523cdc5b9ca540543e05a17be'),
(68,4,32047,32047,'61548f9667b599b523cdc5b9ca540543e05a17be'),
(69,4,32048,32048,'61548f9667b599b523cdc5b9ca540543e05a17be'),
(70,4,32049,32049,'61548f9667b599b523cdc5b9ca540543e05a17be'),
(71,4,32050,32050,'61548f9667b599b523cdc5b9ca540543e05a17be'),
(72,4,32051,32051,'61548f9667b599b523cdc5b9ca540543e05a17be'),
(73,4,32052,32052,'61548f9667b599b523cdc5b9ca540543e05a17be'),
(74,4,32053,32053,'61548f9667b599b523cdc5b9ca540543e05a17be');
/*!40000 ALTER TABLE `auto_test_uploads` ENABLE KEYS */;
UNLOCK TABLES;

--
-- Table structure for table `auto_test_uploads_translation`
--

DROP TABLE IF EXISTS `auto_test_uploads_translation`;
/*!40101 SET @saved_cs_client     = @@character_set_client */;
/*!40101 SET character_set_client = utf8mb4 */;
CREATE TABLE `auto_test_uploads_translation` (
  `au_id` int(10) unsigned NOT NULL,
  `lang_id` int(10) unsigned NOT NULL,
  `file_alt` varchar(255) DEFAULT NULL,
  PRIMARY KEY (`au_id`,`lang_id`),
  KEY `lang_id` (`lang_id`),
  CONSTRAINT `auto_test_uploads_translation_au_id` FOREIGN KEY (`au_id`) REFERENCES `auto_test_uploads` (`au_id`) ON DELETE CASCADE ON UPDATE CASCADE,
  CONSTRAINT `auto_test_uploads_translation_lang_id` FOREIGN KEY (`lang_id`) REFERENCES `share_languages` (`lang_id`) ON DELETE CASCADE ON UPDATE CASCADE
) ENGINE=InnoDB DEFAULT CHARSET=utf8mb3 COLLATE=utf8mb3_general_ci;
/*!40101 SET character_set_client = @saved_cs_client */;

--
-- Dumping data for table `auto_test_uploads_translation`
--

LOCK TABLES `auto_test_uploads_translation` WRITE;
/*!40000 ALTER TABLE `auto_test_uploads_translation` DISABLE KEYS */;
INSERT INTO `auto_test_uploads_translation` VALUES
(3,1,NULL),
(3,2,NULL),
(3,3,NULL),
(3,4,NULL),
(3,5,NULL),
(4,1,NULL),
(4,2,NULL),
(4,3,NULL),
(4,4,NULL),
(4,5,NULL),
(5,1,NULL),
(5,2,NULL),
(5,3,NULL),
(5,4,NULL),
(5,5,NULL),
(6,1,NULL),
(6,2,NULL),
(6,3,NULL),
(6,4,NULL),
(6,5,NULL),
(7,1,NULL),
(7,2,NULL),
(7,3,NULL),
(7,4,NULL),
(7,5,NULL),
(10,1,NULL),
(10,2,NULL),
(10,3,NULL),
(10,4,NULL),
(10,5,NULL),
(11,1,NULL),
(11,2,NULL),
(11,3,NULL),
(11,4,NULL),
(11,5,NULL),
(12,1,NULL),
(12,2,NULL),
(12,3,NULL),
(12,4,NULL),
(12,5,NULL),
(13,1,NULL),
(13,2,NULL),
(13,3,NULL),
(13,4,NULL),
(13,5,NULL),
(14,1,NULL),
(14,2,NULL),
(14,3,NULL),
(14,4,NULL),
(14,5,NULL),
(16,1,NULL),
(16,2,NULL),
(16,3,NULL),
(16,4,NULL),
(16,5,NULL),
(17,1,NULL),
(17,2,NULL),
(17,3,NULL),
(17,4,NULL),
(17,5,NULL),
(18,1,NULL),
(18,2,NULL),
(18,3,NULL),
(18,4,NULL),
(18,5,NULL),
(19,1,NULL),
(19,2,NULL),
(19,3,NULL),
(19,4,NULL),
(19,5,NULL),
(20,1,NULL),
(20,2,NULL),
(20,3,NULL),
(20,4,NULL),
(20,5,NULL),
(21,1,NULL),
(21,2,NULL),
(21,3,NULL),
(21,4,NULL),
(21,5,NULL),
(22,1,NULL),
(22,2,NULL),
(22,3,NULL),
(22,4,NULL),
(22,5,NULL),
(23,1,NULL),
(23,2,NULL),
(23,3,NULL),
(23,4,NULL),
(23,5,NULL),
(24,1,NULL),
(24,2,NULL),
(24,3,NULL),
(24,4,NULL),
(24,5,NULL),
(25,1,NULL),
(25,2,NULL),
(25,3,NULL),
(25,4,NULL),
(25,5,NULL),
(26,1,NULL),
(26,2,NULL),
(26,3,NULL),
(26,4,NULL),
(26,5,NULL),
(27,1,NULL),
(27,2,NULL),
(27,3,NULL),
(27,4,NULL),
(27,5,NULL),
(28,1,NULL),
(28,2,NULL),
(28,3,NULL),
(28,4,NULL),
(28,5,NULL),
(29,1,NULL),
(29,2,NULL),
(29,3,NULL),
(29,4,NULL),
(29,5,NULL),
(30,1,NULL),
(30,2,NULL),
(30,3,NULL),
(30,4,NULL),
(30,5,NULL),
(31,1,NULL),
(31,2,NULL),
(31,3,NULL),
(31,4,NULL),
(31,5,NULL),
(32,1,NULL),
(32,2,NULL),
(32,3,NULL),
(32,4,NULL),
(32,5,NULL),
(33,1,NULL),
(33,2,NULL),
(33,3,NULL),
(33,4,NULL),
(33,5,NULL),
(34,1,NULL),
(34,2,NULL),
(34,3,NULL),
(34,4,NULL),
(34,5,NULL),
(35,1,NULL),
(35,2,NULL),
(35,3,NULL),
(35,4,NULL),
(35,5,NULL),
(36,1,NULL),
(36,2,NULL),
(36,3,NULL),
(36,4,NULL),
(36,5,NULL),
(37,1,NULL),
(37,2,NULL),
(37,3,NULL),
(37,4,NULL),
(37,5,NULL),
(38,1,NULL),
(38,2,NULL),
(38,3,NULL),
(38,4,NULL),
(38,5,NULL),
(39,1,NULL),
(39,2,NULL),
(39,3,NULL),
(39,4,NULL),
(39,5,NULL),
(40,1,NULL),
(40,2,NULL),
(40,3,NULL),
(40,4,NULL),
(40,5,NULL),
(41,1,NULL),
(41,2,NULL),
(41,3,NULL),
(41,4,NULL),
(41,5,NULL),
(42,1,NULL),
(42,2,NULL),
(42,3,NULL),
(42,4,NULL),
(42,5,NULL),
(43,1,NULL),
(43,2,NULL),
(43,3,NULL),
(43,4,NULL),
(43,5,NULL),
(44,1,NULL),
(44,2,NULL),
(44,3,NULL),
(44,4,NULL),
(44,5,NULL),
(45,1,NULL),
(45,2,NULL),
(45,3,NULL),
(45,4,NULL),
(45,5,NULL),
(46,1,NULL),
(46,2,NULL),
(46,3,NULL),
(46,4,NULL),
(46,5,NULL),
(47,1,NULL),
(47,2,NULL),
(47,3,NULL),
(47,4,NULL),
(47,5,NULL),
(48,1,NULL),
(48,2,NULL),
(48,3,NULL),
(48,4,NULL),
(48,5,NULL),
(49,1,NULL),
(49,2,NULL),
(49,3,NULL),
(49,4,NULL),
(49,5,NULL),
(50,1,NULL),
(50,2,NULL),
(50,3,NULL),
(50,4,NULL),
(50,5,NULL),
(51,1,NULL),
(51,2,NULL),
(51,3,NULL),
(51,4,NULL),
(51,5,NULL),
(52,1,NULL),
(52,2,NULL),
(52,3,NULL),
(52,4,NULL),
(52,5,NULL),
(53,1,NULL),
(53,2,NULL),
(53,3,NULL),
(53,4,NULL),
(53,5,NULL),
(54,1,NULL),
(54,2,NULL),
(54,3,NULL),
(54,4,NULL),
(54,5,NULL),
(55,1,NULL),
(55,2,NULL),
(55,3,NULL),
(55,4,NULL),
(55,5,NULL),
(56,1,NULL),
(56,2,NULL),
(56,3,NULL),
(56,4,NULL),
(56,5,NULL),
(57,1,NULL),
(57,2,NULL),
(57,3,NULL),
(57,4,NULL),
(57,5,NULL),
(58,1,NULL),
(58,2,NULL),
(58,3,NULL),
(58,4,NULL),
(58,5,NULL),
(59,1,NULL),
(59,2,NULL),
(59,3,NULL),
(59,4,NULL),
(59,5,NULL),
(60,1,NULL),
(60,2,NULL),
(60,3,NULL),
(60,4,NULL),
(60,5,NULL),
(61,1,NULL),
(61,2,NULL),
(61,3,NULL),
(61,4,NULL),
(61,5,NULL),
(62,1,NULL),
(62,2,NULL),
(62,3,NULL),
(62,4,NULL),
(62,5,NULL),
(63,1,NULL),
(63,2,NULL),
(63,3,NULL),
(63,4,NULL),
(63,5,NULL),
(64,1,NULL),
(64,2,NULL),
(64,3,NULL),
(64,4,NULL),
(64,5,NULL),
(65,1,NULL),
(65,2,NULL),
(65,3,NULL),
(65,4,NULL),
(65,5,NULL),
(66,1,NULL),
(66,2,NULL),
(66,3,NULL),
(66,4,NULL),
(66,5,NULL),
(67,1,NULL),
(67,2,NULL),
(67,3,NULL),
(67,4,NULL),
(67,5,NULL),
(68,1,NULL),
(68,2,NULL),
(68,3,NULL),
(68,4,NULL),
(68,5,NULL),
(69,1,NULL),
(69,2,NULL),
(69,3,NULL),
(69,4,NULL),
(69,5,NULL),
(70,1,NULL),
(70,2,NULL),
(70,3,NULL),
(70,4,NULL),
(70,5,NULL),
(71,1,NULL),
(71,2,NULL),
(71,3,NULL),
(71,4,NULL),
(71,5,NULL),
(72,1,NULL),
(72,2,NULL),
(72,3,NULL),
(72,4,NULL),
(72,5,NULL),
(73,1,NULL),
(73,2,NULL),
(73,3,NULL),
(73,4,NULL),
(73,5,NULL),
(74,1,NULL),
(74,2,NULL),
(74,3,NULL),
(74,4,NULL),
(74,5,NULL);
/*!40000 ALTER TABLE `auto_test_uploads_translation` ENABLE KEYS */;
UNLOCK TABLES;

--
-- Table structure for table `share_access_level`
--

DROP TABLE IF EXISTS `share_access_level`;
/*!40101 SET @saved_cs_client     = @@character_set_client */;
/*!40101 SET character_set_client = utf8mb4 */;
CREATE TABLE `share_access_level` (
  `smap_id` int(10) unsigned NOT NULL,
  `group_id` int(10) unsigned NOT NULL,
  `right_id` int(10) unsigned NOT NULL,
  PRIMARY KEY (`smap_id`,`group_id`,`right_id`),
  KEY `group_id` (`group_id`),
  KEY `right_id` (`right_id`),
  CONSTRAINT `share_access_level_ibfk_4` FOREIGN KEY (`smap_id`) REFERENCES `share_sitemap` (`smap_id`) ON DELETE CASCADE ON UPDATE CASCADE,
  CONSTRAINT `share_access_level_ibfk_5` FOREIGN KEY (`group_id`) REFERENCES `user_groups` (`group_id`) ON DELETE CASCADE ON UPDATE CASCADE,
  CONSTRAINT `share_access_level_ibfk_6` FOREIGN KEY (`right_id`) REFERENCES `user_group_rights` (`right_id`) ON DELETE CASCADE ON UPDATE CASCADE
) ENGINE=InnoDB DEFAULT CHARSET=utf8mb3 COLLATE=utf8mb3_general_ci;
/*!40101 SET character_set_client = @saved_cs_client */;

--
-- Dumping data for table `share_access_level`
--

LOCK TABLES `share_access_level` WRITE;
/*!40000 ALTER TABLE `share_access_level` DISABLE KEYS */;
INSERT INTO `share_access_level` VALUES
(80,1,3),
(80,3,1),
(80,4,1),
(330,1,3),
(330,3,1),
(330,4,1),
(3625,1,3),
(3625,3,1),
(3625,4,1),
(3675,1,3),
(3675,4,1),
(3725,1,3),
(3727,1,3),
(3727,3,2),
(3727,4,1),
(3728,1,3),
(3728,4,1),
(3729,1,3),
(3729,4,1),
(3730,1,3),
(3730,3,2),
(3730,4,1),
(3732,1,3),
(3732,3,2),
(3732,4,1),
(3733,1,3),
(3733,3,2),
(3733,4,1),
(3734,1,3),
(3734,3,2),
(3734,4,1),
(3737,1,3),
(3737,3,2),
(3737,4,1),
(3741,1,3),
(3741,3,2),
(3741,4,1);
/*!40000 ALTER TABLE `share_access_level` ENABLE KEYS */;
UNLOCK TABLES;

--
-- Table structure for table `share_domain2site`
--

DROP TABLE IF EXISTS `share_domain2site`;
/*!40101 SET @saved_cs_client     = @@character_set_client */;
/*!40101 SET character_set_client = utf8mb4 */;
CREATE TABLE `share_domain2site` (
  `domain_id` int(10) unsigned NOT NULL,
  `site_id` int(10) unsigned NOT NULL,
  PRIMARY KEY (`domain_id`,`site_id`),
  KEY `site_id` (`site_id`),
  CONSTRAINT `share_domain2site_ibfk_1` FOREIGN KEY (`domain_id`) REFERENCES `share_domains` (`domain_id`) ON DELETE CASCADE ON UPDATE CASCADE,
  CONSTRAINT `share_domain2site_ibfk_2` FOREIGN KEY (`site_id`) REFERENCES `share_sites` (`site_id`) ON DELETE CASCADE ON UPDATE CASCADE
) ENGINE=InnoDB DEFAULT CHARSET=utf8mb3 COLLATE=utf8mb3_general_ci;
/*!40101 SET character_set_client = @saved_cs_client */;

--
-- Dumping data for table `share_domain2site`
--

LOCK TABLES `share_domain2site` WRITE;
/*!40000 ALTER TABLE `share_domain2site` DISABLE KEYS */;
INSERT INTO `share_domain2site` VALUES
(1,1);
/*!40000 ALTER TABLE `share_domain2site` ENABLE KEYS */;
UNLOCK TABLES;

--
-- Table structure for table `share_domains`
--

DROP TABLE IF EXISTS `share_domains`;
/*!40101 SET @saved_cs_client     = @@character_set_client */;
/*!40101 SET character_set_client = utf8mb4 */;
CREATE TABLE `share_domains` (
  `domain_id` int(10) unsigned NOT NULL AUTO_INCREMENT,
  `domain_protocol` char(5) NOT NULL DEFAULT 'http',
  `domain_port` mediumint(8) unsigned NOT NULL DEFAULT 80,
  `domain_host` varchar(255) NOT NULL,
  `domain_root` varchar(255) NOT NULL,
  PRIMARY KEY (`domain_id`),
  UNIQUE KEY `domain_protocol` (`domain_protocol`,`domain_host`,`domain_port`,`domain_root`)
) ENGINE=InnoDB AUTO_INCREMENT=2 DEFAULT CHARSET=utf8mb3 COLLATE=utf8mb3_general_ci;
/*!40101 SET character_set_client = @saved_cs_client */;

--
-- Dumping data for table `share_domains`
--

LOCK TABLES `share_domains` WRITE;
/*!40000 ALTER TABLE `share_domains` DISABLE KEYS */;
INSERT INTO `share_domains` VALUES
(1,'https',80,'phpbase.kweb.biz','/');
/*!40000 ALTER TABLE `share_domains` ENABLE KEYS */;
UNLOCK TABLES;

--
-- Table structure for table `share_lang_tags`
--

DROP TABLE IF EXISTS `share_lang_tags`;
/*!40101 SET @saved_cs_client     = @@character_set_client */;
/*!40101 SET character_set_client = utf8mb4 */;
CREATE TABLE `share_lang_tags` (
  `ltag_id` int(10) unsigned NOT NULL AUTO_INCREMENT,
  `ltag_name` varchar(70) NOT NULL,
  PRIMARY KEY (`ltag_id`),
  UNIQUE KEY `ltag_name` (`ltag_name`)
) ENGINE=InnoDB AUTO_INCREMENT=1112484 DEFAULT CHARSET=utf8mb3 COLLATE=utf8mb3_general_ci;
/*!40101 SET character_set_client = @saved_cs_client */;

--
-- Dumping data for table `share_lang_tags`
--

LOCK TABLES `share_lang_tags` WRITE;
/*!40000 ALTER TABLE `share_lang_tags` DISABLE KEYS */;
INSERT INTO `share_lang_tags` VALUES
(1568,'BAD_SOCIAL_AUTH'),
(493,'BTN_ACTIVATE'),
(43,'BTN_ADD'),
(1288,'BTN_ADD_ARTICLE'),
(313,'BTN_ADD_DIR'),
(446,'BTN_ADD_FILE'),
(868,'BTN_ADD_GALLERY'),
(742,'BTN_ADD_GROUP'),
(426,'BTN_ADD_NEWS'),
(57,'BTN_ADD_PAGE'),
(495,'BTN_ADD_PHOTO'),
(743,'BTN_ADD_SHORTCUT'),
(1290,'BTN_ADD_STAFF'),
(464,'BTN_ALIGN_CENTER'),
(465,'BTN_ALIGN_JUSTIFY'),
(462,'BTN_ALIGN_LEFT'),
(463,'BTN_ALIGN_RIGHT'),
(1208,'BTN_APPLY'),
(327,'BTN_APPLY_FILTER'),
(701,'BTN_APPROVE'),
(1112473,'BTN_AUTH'),
(2041,'BTN_BAN'),
(457,'BTN_BOLD'),
(347,'BTN_CANCEL'),
(55,'BTN_CHANGE'),
(134,'BTN_CLOSE'),
(1766,'BTN_COPY'),
(1502,'BTN_COPY_DAY'),
(1158,'BTN_CREATE'),
(47,'BTN_DELETE'),
(1287,'BTN_DELETE_ARTICLE'),
(428,'BTN_DELETE_NEWS'),
(59,'BTN_DELETE_PAGE'),
(497,'BTN_DELETE_PHOTO'),
(1292,'BTN_DELETE_STAFF'),
(448,'BTN_DEL_FILE'),
(323,'BTN_DIV_EDITOR'),
(546,'BTN_DOWN'),
(46,'BTN_EDIT'),
(1289,'BTN_EDIT_ARTICLE'),
(1135,'BTN_EDIT_BLOCKS'),
(1375,'BTN_EDIT_DAY'),
(2047,'BTN_EDIT_FILE'),
(1160,'BTN_EDIT_FORM'),
(56,'BTN_EDIT_MODE'),
(427,'BTN_EDIT_NEWS'),
(1197,'BTN_EDIT_NEXT'),
(58,'BTN_EDIT_PAGE'),
(1425,'BTN_EDIT_PHOTO'),
(1198,'BTN_EDIT_PREV'),
(1159,'BTN_EDIT_PROPERTIES'),
(1291,'BTN_EDIT_STAFF'),
(1186,'BTN_EDIT_VALUES'),
(1184,'BTN_EXPORT_CSV'),
(1207,'BTN_EXT_FLASH'),
(2012,'BTN_FB_LOGIN'),
(466,'BTN_FILE_LIBRARY'),
(357,'BTN_FILE_REPOSITORY'),
(214,'BTN_GO'),
(1025,'BTN_GOTONEWS'),
(2273,'BTN_HIDE'),
(459,'BTN_HREF'),
(169,'BTN_IMAGELIB'),
(171,'BTN_IMAGE_MANAGER'),
(168,'BTN_INSERT'),
(161,'BTN_INSERT_IMAGE'),
(1121,'BTN_INSERT_WIDGET'),
(458,'BTN_ITALIC'),
(969,'BTN_ITEMS'),
(489,'BTN_LANG_EDITOR'),
(2553,'BTN_LEAVE_COMMENT'),
(260,'BTN_LOAD'),
(639,'BTN_LOAD_FILE'),
(79,'BTN_LOGIN'),
(15,'BTN_LOGOUT'),
(1768,'BTN_MERGE'),
(1986,'BTN_MOVE'),
(251,'BTN_MOVE_DOWN'),
(250,'BTN_MOVE_UP'),
(461,'BTN_OL'),
(312,'BTN_OPEN'),
(525,'BTN_PARAMS_LIST'),
(753,'BTN_PREVIOUS_WEEK'),
(542,'BTN_PRINT'),
(1112476,'BTN_PROPERTIES'),
(2037,'BTN_PUBLISH'),
(1426,'BTN_PUBLISH_PHOTO'),
(2026,'BTN_QUICK_UPLOAD'),
(2044,'BTN_QUICK_UPLOAD_FILE'),
(1112448,'BTN_RECIEVE'),
(2284,'BTN_REFRESH'),
(54,'BTN_REGISTER'),
(314,'BTN_RENAME'),
(1642,'BTN_REPLY'),
(1105,'BTN_RESET_TEMPLATES'),
(45,'BTN_RETURN_LIST'),
(491,'BTN_ROLE_EDITOR'),
(42,'BTN_SAVE'),
(330,'BTN_SAVE_GO'),
(284,'BTN_SEARCH'),
(237,'BTN_SELECT'),
(269,'BTN_SEND'),
(1556,'BTN_SEND_RESUME'),
(74,'BTN_SET_RIGHTS'),
(62,'BTN_SET_ROLE'),
(1161,'BTN_SHOW_RESULTS'),
(1430,'BTN_SIDEBAR'),
(1134,'BTN_SITE_EDITOR'),
(324,'BTN_TMPL_EDITOR'),
(381,'BTN_TRANS_EDITOR'),
(460,'BTN_UL'),
(2038,'BTN_UNPUBLISH'),
(545,'BTN_UP'),
(346,'BTN_UPDATE'),
(1346,'BTN_UPLOAD'),
(490,'BTN_USER_EDITOR'),
(157,'BTN_VIEW'),
(60,'BTN_VIEWMODESWITCHER'),
(61,'BTN_VIEWSOURCE'),
(365,'BTN_VIEW_PROFILE'),
(2013,'BTN_VK_LOGIN'),
(641,'BTN_VOTE'),
(469,'BTN_ZIP_UPLOAD'),
(2027,'COMMENTS'),
(2035,'COMMENT_DO'),
(2030,'COMMENT_DO_NEWS'),
(2036,'COMMENT_REALY_REMOVE'),
(2029,'COMMENT_REMAIN'),
(2033,'COMMENT_SYMBOL1'),
(2032,'COMMENT_SYMBOL2'),
(2031,'COMMENT_SYMBOL3'),
(1327,'CONTENT_ABOUT'),
(865,'CONTENT_ADMIN_CHILDS'),
(1279,'CONTENT_BRANDING_EDITOR'),
(604,'CONTENT_CHILDS'),
(1453,'CONTENT_EXTFEED'),
(841,'CONTENT_FEEDBACK_FORM'),
(842,'CONTENT_FEEDBACK_LIST'),
(2018,'CONTENT_FEEDBACK_RECIPIENTS_EDITOR'),
(605,'CONTENT_FILE_REPOSITORY'),
(1201,'CONTENT_FORM'),
(1202,'CONTENT_FORM_EDITOR'),
(1203,'CONTENT_FORM_RESULTS'),
(1437,'CONTENT_GALLERY'),
(606,'CONTENT_GOOGLE_SITEMAP'),
(607,'CONTENT_LANGUAGES'),
(608,'CONTENT_LOGIN'),
(1145,'CONTENT_MAIN'),
(1276,'CONTENT_MANAGER'),
(609,'CONTENT_MAP'),
(1146,'CONTENT_MEDIA_TEXTBLOCK'),
(1209,'CONTENT_MODIFICIROVANNAJA-GLAVNAJA'),
(610,'CONTENT_NEWS'),
(856,'CONTENT_NEWS_CATEGORIES_EDITOR'),
(612,'CONTENT_NEWS_REPOSITORY'),
(1462,'CONTENT_ONLINE'),
(1326,'CONTENT_PRESENTER'),
(1244,'CONTENT_PROJECT_MAIN'),
(1282,'CONTENT_PROJECT_NEWS'),
(1283,'CONTENT_PROJECT_TEXTBLOCK'),
(1284,'CONTENT_PROJECT_WIDE_TEXTBLOCK'),
(611,'CONTENT_REGISTER'),
(613,'CONTENT_RESTORE_PASSWORD'),
(614,'CONTENT_ROLES'),
(618,'CONTENT_SITES'),
(597,'CONTENT_SITE_DIV_EDITOR'),
(1263,'CONTENT_STAFF'),
(858,'CONTENT_TAG_EDITOR'),
(617,'CONTENT_TEXTBLOCK'),
(619,'CONTENT_TRANSLATIONS'),
(621,'CONTENT_USERS'),
(620,'CONTENT_USER_PROFILE'),
(848,'CONTENT_VIDEO'),
(1441,'CONTENT_VIDEO_LIBRARY'),
(2019,'CONTENT_VOTE_REPOSITORY'),
(1243,'CONTENT_WIDE_TEXTBLOCK'),
(2017,'CONTENT_WIDGETS_REPOSITORY'),
(422,'DUMMY_EMAIL'),
(1182,'ERROR_NO_FORM'),
(170,'ERR_403'),
(96,'ERR_404'),
(376,'ERR_BAD_LOGIN'),
(468,'ERR_BAD_URL'),
(65,'ERR_CANT_DELETE_YOURSELF'),
(383,'ERR_CANT_MOVE'),
(263,'ERR_DATABASE_ERROR'),
(339,'ERR_DEFAULT_GROUP'),
(389,'ERR_DEV_NO_DATA'),
(2382,'ERR_NEED_AUTH'),
(303,'ERR_NOT_UNIQUE_DATA'),
(544,'ERR_NO_DIV_NAME'),
(295,'ERR_NO_U_NAME'),
(952,'ERR_PWD_MISMATCH'),
(2042,'ERR_UPL_NOT_READY'),
(1978,'FEEDBACK_MAIL_AUTHOR'),
(1980,'FEEDBACK_MAIL_EMAIL'),
(1982,'FEEDBACK_MAIL_PHONE'),
(1984,'FEEDBACK_MAIL_TEXT'),
(1976,'FEEDBACK_MAIL_THEME'),
(1688,'FIELD_AB_DATE'),
(1690,'FIELD_AB_TITLE'),
(1434,'FIELD_ACTIVE'),
(1464,'FIELD_AD_1'),
(1465,'FIELD_AD_2'),
(1385,'FIELD_AGGREGATE_SMAP_ID'),
(1840,'FIELD_ANCHORMIDDLE'),
(1490,'FIELD_ANCHOR_ANNOUNCE_RTF'),
(1489,'FIELD_ANCHOR_CITE'),
(1746,'FIELD_ANCHOR_IS_ACTIVE'),
(1479,'FIELD_ANCHOR_NAME'),
(1480,'FIELD_ANCHOR_POST'),
(1491,'FIELD_ANCHOR_TEXT_RTF'),
(1269,'FIELD_ANSWER_IMAGE'),
(1265,'FIELD_ANSW_IS_CORRECT'),
(1267,'FIELD_ANSW_PHOTO'),
(1268,'FIELD_ANSW_PHOTO_FULL'),
(796,'FIELD_ATTACHMENTS'),
(1838,'FIELD_AUXMIDDLE'),
(898,'FIELD_BACK_TOP_RIGHT_IMG'),
(899,'FIELD_BACK_TOP_RIGHT_INDENT'),
(904,'FIELD_BACK_WRAPPER1_IMG'),
(905,'FIELD_BACK_WRAPPER1_PROPS'),
(906,'FIELD_BACK_WRAPPER2_IMG'),
(907,'FIELD_BACK_WRAPPER2_PROPS'),
(1023,'FIELD_BAN_DATE'),
(1601,'FIELD_BAN_FILE'),
(1014,'FIELD_BAN_IP'),
(1016,'FIELD_BAN_IP_END_DATE'),
(1600,'FIELD_BAN_LINK'),
(2004,'FIELD_BAN_NAME'),
(1764,'FIELD_BAN_TYPE'),
(1846,'FIELD_BIG'),
(1447,'FIELD_BIND'),
(1232,'FIELD_BRAND_BGCOLOR'),
(1233,'FIELD_BRAND_CSS_RULE'),
(1236,'FIELD_BRAND_ID'),
(1235,'FIELD_BRAND_LAYOUT_CCLASS'),
(1231,'FIELD_BRAND_MAIN_IMG'),
(1234,'FIELD_BRAND_MIN_HEIGHT'),
(1230,'FIELD_BRAND_NAME'),
(1888,'FIELD_C2N_FILE'),
(2045,'FIELD_CAPTCHA'),
(1594,'FIELD_CAR_ABOUT_ALT_NAME'),
(667,'FIELD_CAST_ANNOTATION_RTF'),
(881,'FIELD_CAST_IS_MAIN'),
(666,'FIELD_CAST_NAME'),
(665,'FIELD_CAST_START_DATE'),
(668,'FIELD_CAST_TEXT_RTF'),
(1446,'FIELD_CATEGORIES'),
(1136,'FIELD_CATEGORY'),
(774,'FIELD_CATEGORY_CLOSED'),
(773,'FIELD_CATEGORY_DESC'),
(775,'FIELD_CATEGORY_ID'),
(772,'FIELD_CATEGORY_NAME'),
(738,'FIELD_CAT_NAME'),
(736,'FIELD_CAT_SEGMENT'),
(372,'FIELD_CHANGE_U_PASSWORD'),
(373,'FIELD_CHANGE_U_PASSWORD2'),
(2028,'FIELD_COMMENT_NAME'),
(2034,'FIELD_COMMENT_NICK'),
(1796,'FIELD_COM_DATE'),
(1794,'FIELD_COM_TEXT'),
(1138,'FIELD_CONFIG'),
(766,'FIELD_COPY_SITE_STRUCTURE'),
(514,'FIELD_CURR_ABBR'),
(515,'FIELD_CURR_FORMAT'),
(559,'FIELD_CURR_IS_MAIN'),
(512,'FIELD_CURR_NAME'),
(513,'FIELD_CURR_RATE'),
(1024,'FIELD_DELETE_BAN'),
(1436,'FIELD_DEPENDS'),
(1512,'FIELD_DEST_DATE'),
(1355,'FIELD_DOMAIN_HOST'),
(1354,'FIELD_DOMAIN_PORT'),
(1353,'FIELD_DOMAIN_PROTOCOL'),
(1356,'FIELD_DOMAIN_ROOT'),
(729,'FIELD_DOW_0'),
(730,'FIELD_DOW_1'),
(731,'FIELD_DOW_2'),
(732,'FIELD_DOW_3'),
(733,'FIELD_DOW_4'),
(734,'FIELD_DOW_5'),
(735,'FIELD_DOW_6'),
(1181,'FIELD_ERROR_MSG'),
(699,'FIELD_EXEC_ADDITIONAL_TEXT'),
(652,'FIELD_EXEC_ANNOTATION_RTF'),
(647,'FIELD_EXEC_NAME'),
(651,'FIELD_EXEC_POST'),
(653,'FIELD_EXEC_TEXT_RTF'),
(437,'FIELD_FEED_AUTHOR'),
(442,'FIELD_FEED_DATE'),
(438,'FIELD_FEED_EMAIL'),
(1007,'FIELD_FEED_PHONE'),
(436,'FIELD_FEED_TEXT'),
(1293,'FIELD_FEED_THEME'),
(993,'FIELD_FEED_TOPIC'),
(1006,'FIELD_FEED_TYPE'),
(996,'FIELD_FEED_TYPE_EMAIL'),
(995,'FIELD_FEED_TYPE_NAME'),
(1167,'FIELD_FIELD_IS_NULLABLE'),
(1165,'FIELD_FIELD_NAME'),
(1166,'FIELD_FIELD_TYPE'),
(2542,'FIELD_FILTER_SEO_URL'),
(2024,'FIELD_FK_NAME'),
(1370,'FIELD_FMI_NAME'),
(1371,'FIELD_FMI_URL'),
(1367,'FIELD_FM_NAME'),
(1368,'FIELD_FM_URL'),
(2020,'FIELD_FORM_5_FIELD_2'),
(2021,'FIELD_FORM_5_FIELD_3_EMAIL'),
(2022,'FIELD_FORM_5_FIELD_4_PHONE'),
(2023,'FIELD_FORM_5_FIELD_5_MULTI'),
(2025,'FIELD_FORM_5_FIELD_6'),
(1164,'FIELD_FORM_ANNOTATION_RTF'),
(1155,'FIELD_FORM_CREATION_DATE'),
(1175,'FIELD_FORM_DATE'),
(1163,'FIELD_FORM_EMAIL_ADRESSES'),
(1154,'FIELD_FORM_ID'),
(1157,'FIELD_FORM_IS_ACTIVE'),
(1156,'FIELD_FORM_NAME'),
(2016,'FIELD_FORM_POST_ANNOTATION_RTF'),
(1450,'FIELD_GENRE_ID'),
(1445,'FIELD_GENRE_NAME'),
(1077,'FIELD_GRAVITY'),
(67,'FIELD_GROUP_DEFAULT'),
(340,'FIELD_GROUP_DEFAULT_RIGHTS'),
(63,'FIELD_GROUP_ID'),
(66,'FIELD_GROUP_NAME'),
(68,'FIELD_GROUP_USER_DEFAULT'),
(1433,'FIELD_HASCALENDAR'),
(2053,'FIELD_HEIGHT'),
(1081,'FIELD_ID'),
(172,'FIELD_IMG_ALIGN'),
(167,'FIELD_IMG_ALTTEXT'),
(159,'FIELD_IMG_DESCRIPTION'),
(162,'FIELD_IMG_FILENAME'),
(158,'FIELD_IMG_FILENAME_IMG'),
(164,'FIELD_IMG_HEIGHT'),
(165,'FIELD_IMG_HSPACE'),
(500,'FIELD_IMG_MARGIN_BOTTOM'),
(501,'FIELD_IMG_MARGIN_LEFT'),
(502,'FIELD_IMG_MARGIN_RIGHT'),
(503,'FIELD_IMG_MARGIN_TOP'),
(160,'FIELD_IMG_THUMBNAIL_IMG'),
(166,'FIELD_IMG_VSPACE'),
(163,'FIELD_IMG_WIDTH'),
(69,'FIELD_LANG_ABBR'),
(71,'FIELD_LANG_DEFAULT'),
(70,'FIELD_LANG_NAME'),
(73,'FIELD_LANG_WIN_CODE'),
(2000,'FIELD_LARGE'),
(1069,'FIELD_LIMIT'),
(305,'FIELD_LTAG_DESCRIPTION'),
(49,'FIELD_LTAG_NAME'),
(14,'FIELD_LTAG_VALUE'),
(109,'FIELD_LTAG_VALUE_RTF'),
(1472,'FIELD_MANAGER_ANNOUNCE_RTF'),
(1471,'FIELD_MANAGER_CITE'),
(1758,'FIELD_MANAGER_IS_ACTIVE'),
(1469,'FIELD_MANAGER_NAME'),
(1470,'FIELD_MANAGER_POST'),
(1473,'FIELD_MANAGER_TEXT_RTF'),
(925,'FIELD_MS_FIRST_BLOCK'),
(923,'FIELD_MS_PHOTO_IMG'),
(926,'FIELD_MS_SECOND_BLOCK'),
(927,'FIELD_MS_THIRD_BLOCK'),
(924,'FIELD_MS_URL'),
(2051,'FIELD_NAME'),
(1364,'FIELD_NCAT_ID'),
(1360,'FIELD_NCAT_IS_SHOWN'),
(1359,'FIELD_NCAT_NAME'),
(1361,'FIELD_NCAT_SEGMENT'),
(689,'FIELD_NEWS_ADDITIONAL_TITLE'),
(393,'FIELD_NEWS_ANNOUNCE_RTF'),
(737,'FIELD_NEWS_CATEGORIES'),
(392,'FIELD_NEWS_DATE'),
(2002,'FIELD_NEWS_FOOTER_RTF'),
(1365,'FIELD_NEWS_IS_ACTIVE'),
(660,'FIELD_NEWS_IS_DISABLED'),
(1510,'FIELD_NEWS_IS_TOP'),
(875,'FIELD_NEWS_MAIN'),
(686,'FIELD_NEWS_PUBLISH_DATE'),
(1362,'FIELD_NEWS_SEGMENT'),
(1366,'FIELD_NEWS_SHOW_IMAGE'),
(625,'FIELD_NEWS_SOURCE'),
(394,'FIELD_NEWS_TEXT_RTF'),
(391,'FIELD_NEWS_TITLE'),
(876,'FIELD_NEWS_TOP'),
(367,'FIELD_NEW_PASSWORD'),
(935,'FIELD_NICK'),
(1890,'FIELD_NME_ID'),
(1150,'FIELD_NUM'),
(1053,'FIELD_ORDER'),
(519,'FIELD_OS_NAME'),
(820,'FIELD_PART_AGE'),
(821,'FIELD_PART_ANNOTATION_RTF'),
(819,'FIELD_PART_CITY'),
(824,'FIELD_PART_FNAME'),
(823,'FIELD_PART_INFO_RTF'),
(817,'FIELD_PART_IS_DISABLED'),
(818,'FIELD_PART_NAME'),
(822,'FIELD_PART_TEXT_RTF'),
(2055,'FIELD_PASSWORD'),
(867,'FIELD_PG_DATE'),
(485,'FIELD_PG_PHOTO_IMG'),
(1428,'FIELD_PG_SHOW_DATE'),
(483,'FIELD_PG_TEXT'),
(1528,'FIELD_PG_TEXT_RTF'),
(498,'FIELD_PG_THUMB_IMG'),
(484,'FIELD_PG_TITLE'),
(1034,'FIELD_PG_TOTAL_PHOTOS'),
(1427,'FIELD_PHOTO_IS_PUBLISHED'),
(1188,'FIELD_PK_ID'),
(547,'FIELD_PPV_VALUE'),
(526,'FIELD_PP_NAME'),
(527,'FIELD_PP_TYPE'),
(2535,'FIELD_PRODUCT_ORDER_NUM'),
(2541,'FIELD_PRODUCT_SEO_URL'),
(1297,'FIELD_PROJECT_NAME'),
(1776,'FIELD_PROV_DESCRIPTION'),
(1770,'FIELD_PROV_NAME'),
(1774,'FIELD_PROV_NAME_UA'),
(1778,'FIELD_PROV_PARTICIPANTS'),
(1772,'FIELD_PROV_YEAR'),
(531,'FIELD_PS_ID'),
(517,'FIELD_PS_IS_DEFAULT'),
(516,'FIELD_PS_NAME'),
(1372,'FIELD_PTYPE_NAME'),
(539,'FIELD_PT_ID'),
(524,'FIELD_PT_NAME'),
(1272,'FIELD_QUEST_COST'),
(1273,'FIELD_QUEST_TEXT_RTF'),
(1296,'FIELD_RCP_ID'),
(1295,'FIELD_RCP_NAME'),
(1294,'FIELD_RCP_RECIPIENTS'),
(1432,'FIELD_RECORDSPERPAGE'),
(1061,'FIELD_RECORDSPERTAB'),
(1139,'FIELD_RECURSIVE'),
(2056,'FIELD_REMEMBER'),
(265,'FIELD_REMEMBER_LOGIN'),
(1248,'FIELD_RES_ID'),
(1247,'FIELD_RES_SCORE'),
(1245,'FIELD_RES_STARTED'),
(1246,'FIELD_RES_TIME'),
(518,'FIELD_RIGHT_ID'),
(2057,'FIELD_ROLE_NAME'),
(1650,'FIELD_SCAT_ID_MULTI'),
(1682,'FIELD_SCAT_NAME'),
(1501,'FIELD_SCHED_ANNOUNCE'),
(1382,'FIELD_SCHED_ANNOUNCE_RTF'),
(1383,'FIELD_SCHED_DATE'),
(1644,'FIELD_SCHED_FILE'),
(1381,'FIELD_SCHED_NAME'),
(1379,'FIELD_SCHED_ONLINE_DATE'),
(1380,'FIELD_SCHED_ONLINE_TIME'),
(1530,'FIELD_SF_AUTHOR'),
(1538,'FIELD_SF_CITY'),
(1564,'FIELD_SF_DATE'),
(1544,'FIELD_SF_EMAIL'),
(1546,'FIELD_SF_PHONE'),
(1560,'FIELD_SF_PROVIDER'),
(1536,'FIELD_SF_REGION'),
(1540,'FIELD_SF_STREET'),
(1532,'FIELD_SF_TEXT'),
(745,'FIELD_SHORTCUTS'),
(748,'FIELD_SHORTCUT_NAME'),
(749,'FIELD_SHORTCUT_URL'),
(750,'FIELD_SHORTGROUP_ID'),
(744,'FIELD_SHORTGROUP_NAME'),
(1151,'FIELD_SHOWALL'),
(1049,'FIELD_SITE'),
(592,'FIELD_SITE_FOLDER'),
(1756,'FIELD_SITE_GA_CODE'),
(588,'FIELD_SITE_HOST'),
(602,'FIELD_SITE_ID'),
(728,'FIELD_SITE_IS_ACTIVE'),
(591,'FIELD_SITE_IS_DEFAULT'),
(1468,'FIELD_SITE_LOGO'),
(594,'FIELD_SITE_META_DESCRIPTION'),
(593,'FIELD_SITE_META_KEYWORDS'),
(1350,'FIELD_SITE_META_ROBOTS'),
(590,'FIELD_SITE_NAME'),
(765,'FIELD_SITE_PORT'),
(587,'FIELD_SITE_PROTOCOL'),
(589,'FIELD_SITE_ROOT'),
(1844,'FIELD_SMALL'),
(595,'FIELD_SMAP_CONTENT'),
(127,'FIELD_SMAP_DEFAULT'),
(130,'FIELD_SMAP_DESCRIPTION_RTF'),
(384,'FIELD_SMAP_HTML_TITLE'),
(236,'FIELD_SMAP_ID'),
(128,'FIELD_SMAP_IS_DISABLED'),
(126,'FIELD_SMAP_IS_FINAL'),
(596,'FIELD_SMAP_LAYOUT'),
(300,'FIELD_SMAP_LINK_ID'),
(133,'FIELD_SMAP_META_DESCRIPTION'),
(131,'FIELD_SMAP_META_KEYWORDS'),
(1206,'FIELD_SMAP_META_ROBOTS'),
(129,'FIELD_SMAP_NAME'),
(125,'FIELD_SMAP_ORDER_NUM'),
(122,'FIELD_SMAP_PID'),
(467,'FIELD_SMAP_REDIRECT_URL'),
(123,'FIELD_SMAP_SEGMENT'),
(1904,'FIELD_SMART_BIRTH'),
(1920,'FIELD_SMART_CITY'),
(1908,'FIELD_SMART_CLASS'),
(1912,'FIELD_SMART_COUNTRY'),
(1922,'FIELD_SMART_DATE'),
(1914,'FIELD_SMART_EMAIL'),
(1902,'FIELD_SMART_LASTNAME'),
(1898,'FIELD_SMART_NAME'),
(1918,'FIELD_SMART_PHONE'),
(1916,'FIELD_SMART_REGION'),
(1906,'FIELD_SMART_SCHOOL'),
(1900,'FIELD_SMART_SECONDNAME'),
(1910,'FIELD_SMART_TXT_INTERESSES'),
(1435,'FIELD_SORT'),
(1616,'FIELD_SOUND_DATE'),
(1618,'FIELD_SOUND_FILE'),
(1620,'FIELD_SOUND_NAME'),
(1648,'FIELD_SST_ID'),
(1680,'FIELD_SST_NAME'),
(1678,'FIELD_SST_TIME'),
(1261,'FIELD_STAFF_ANNOUNCE_RTF'),
(1260,'FIELD_STAFF_NAME'),
(1264,'FIELD_STAFF_POST'),
(1262,'FIELD_STAFF_TEXT_RTF'),
(1964,'FIELD_SUBS_EMAIL'),
(1968,'FIELD_SUBS_IS_VERIFIED'),
(1970,'FIELD_SUBS_VERIFICATION'),
(973,'FIELD_SVI_COUNT_PERCENT'),
(974,'FIELD_SVI_DESC_RTF'),
(966,'FIELD_SV_IS_ACTIVE'),
(967,'FIELD_SV_NAME'),
(1065,'FIELD_TABCOUNT'),
(329,'FIELD_TAGS'),
(703,'FIELD_TARGET_ID'),
(1073,'FIELD_TEMPLATE'),
(348,'FIELD_TEXTBLOCK_SOURCE'),
(1634,'FIELD_TF_ANNOTATION_RTF'),
(1626,'FIELD_TF_DATE'),
(1632,'FIELD_TF_NAME'),
(1636,'FIELD_TF_TEXT_RTF'),
(1057,'FIELD_TITLE'),
(77,'FIELD_TMPL_CONTENT'),
(494,'FIELD_TMPL_ICON'),
(124,'FIELD_TMPL_ID'),
(78,'FIELD_TMPL_IS_SYSTEM'),
(76,'FIELD_TMPL_LAYOUT'),
(75,'FIELD_TMPL_NAME'),
(1129,'FIELD_TOP'),
(768,'FIELD_TVPS_IS_GROUP'),
(769,'FIELD_TVPS_IS_PREMIERE'),
(770,'FIELD_TVPS_NAME'),
(767,'FIELD_TVPS_URL'),
(1169,'FIELD_TYPE_BOOL'),
(1172,'FIELD_TYPE_DATE'),
(1173,'FIELD_TYPE_DATETIME'),
(2014,'FIELD_TYPE_EMAIL'),
(1174,'FIELD_TYPE_FILE'),
(1178,'FIELD_TYPE_INFO'),
(1179,'FIELD_TYPE_MULTI'),
(2015,'FIELD_TYPE_PHONE'),
(1171,'FIELD_TYPE_SELECT'),
(1168,'FIELD_TYPE_STRING'),
(1170,'FIELD_TYPE_TEXT'),
(688,'FIELD_UPL_DESCRIPTION'),
(444,'FIELD_UPL_FILE'),
(1344,'FIELD_UPL_FILE_PATH'),
(1998,'FIELD_UPL_HEIGHT'),
(2046,'FIELD_UPL_IS_READY'),
(1994,'FIELD_UPL_MIME_TYPE'),
(336,'FIELD_UPL_NAME'),
(397,'FIELD_UPL_PATH'),
(1358,'FIELD_UPL_PATH2'),
(687,'FIELD_UPL_PUBLICATION_DATE'),
(910,'FIELD_UPL_RESIZE_IMAGE'),
(1345,'FIELD_UPL_TITLE'),
(1033,'FIELD_UPL_VIEWS'),
(1996,'FIELD_UPL_WIDTH'),
(2054,'FIELD_USERNAME'),
(368,'FIELD_U_ADDRESS'),
(697,'FIELD_U_AVATAR_IMG'),
(487,'FIELD_U_AVATAR_PRFILE'),
(695,'FIELD_U_BIRTHDAY'),
(1694,'FIELD_U_CITY'),
(1696,'FIELD_U_COMPANY'),
(1692,'FIELD_U_COUNTRY'),
(1700,'FIELD_U_FBID'),
(486,'FIELD_U_FULLNAME'),
(506,'FIELD_U_GROUP'),
(277,'FIELD_U_ID'),
(492,'FIELD_U_IS_ACTIVE'),
(694,'FIELD_U_IS_MALE'),
(345,'FIELD_U_MAIN_PHONE'),
(50,'FIELD_U_NAME'),
(693,'FIELD_U_NICK'),
(958,'FIELD_U_NICK_2'),
(52,'FIELD_U_PASSWORD'),
(53,'FIELD_U_PASSWORD2'),
(1285,'FIELD_U_PHONE'),
(696,'FIELD_U_PLACE'),
(1698,'FIELD_U_POSITION'),
(1702,'FIELD_U_VKID'),
(636,'FIELD_VACANCY_ANNOTATION_RTF'),
(634,'FIELD_VACANCY_CONTACT_EMAIL'),
(631,'FIELD_VACANCY_DATE'),
(632,'FIELD_VACANCY_END_DATE'),
(1588,'FIELD_VACANCY_ID'),
(638,'FIELD_VACANCY_INFO_RTF'),
(630,'FIELD_VACANCY_IS_ACTIVE'),
(633,'FIELD_VACANCY_NAME'),
(637,'FIELD_VACANCY_TEXT_RTF'),
(635,'FIELD_VACANCY_URL_SEGMENT'),
(1586,'FIELD_VFEED_DATE'),
(1552,'FIELD_VFEED_EMAIL'),
(1592,'FIELD_VFEED_FILE'),
(1548,'FIELD_VFEED_NAME'),
(1554,'FIELD_VFEED_PHONE'),
(1550,'FIELD_VFEED_TEXT'),
(722,'FIELD_VOTE_ANNOTATION_RTF'),
(718,'FIELD_VOTE_CREATED'),
(1672,'FIELD_VOTE_DATE'),
(721,'FIELD_VOTE_END_DATE'),
(725,'FIELD_VOTE_ID'),
(1674,'FIELD_VOTE_IS_ACTIVE'),
(717,'FIELD_VOTE_NAME'),
(723,'FIELD_VOTE_QUESTION_COUNTER'),
(724,'FIELD_VOTE_QUESTION_TITLE'),
(720,'FIELD_VOTE_START_DATE'),
(710,'FIELD_WEEK_IS_ACTIVE'),
(709,'FIELD_WEEK_NAME'),
(1117,'FIELD_WIDGET_ICON_IMG'),
(1113,'FIELD_WIDGET_NAME'),
(1204,'FIELD_WIDGET_XML'),
(2052,'FIELD_WIDTH'),
(1842,'FIELD_XSMALL'),
(470,'FIELD_ZIP_FILE'),
(1112465,'LAYOUT_ACCOUNT'),
(601,'LAYOUT_DEFAULT'),
(600,'LAYOUT_EMPTY'),
(599,'LAYOUT_GOOGLE_SITEMAP'),
(826,'LAYOUT_MAIN'),
(825,'LAYOUT_MAIN_PAGE'),
(598,'LAYOUT_NE_ADMIN'),
(1226,'LAYOUT_PROJECT'),
(1608,'LNK_ALL'),
(1606,'LNK_NEW'),
(1604,'LNK_POPULAR'),
(556,'MSG_BAD_CURR_ABBR'),
(144,'MSG_BAD_EMAIL_FORMAT'),
(146,'MSG_BAD_FLOAT_FORMAT'),
(178,'MSG_BAD_FORMAT'),
(145,'MSG_BAD_PHONE_FORMAT'),
(179,'MSG_BAD_USER_NAME_FORMAT'),
(154,'MSG_CONFIRM_DELETE'),
(1152,'MSG_CONFIRM_TEMPLATES_RESET'),
(499,'MSG_DELETE_FILE'),
(1431,'MSG_EMPTY_GALLERY'),
(1259,'MSG_EMPTY_RECORDSET'),
(343,'MSG_EMPTY_SEARCH_RESULT'),
(136,'MSG_FIELD_IS_NOT_NULL'),
(783,'MSG_FILE_IS_NOT_NULL'),
(784,'MSG_LOAD_FILE'),
(447,'MSG_NO_ATTACHED_FILES'),
(1640,'MSG_NO_COMMENTS'),
(261,'MSG_NO_FILE'),
(296,'MSG_PASSWORD_SENT'),
(2505,'MSG_PASSWORD_SHORT'),
(374,'MSG_PWD_MISMATCH'),
(1219,'MSG_RELOAD_GAME'),
(424,'MSG_REQUEST_SENT'),
(331,'MSG_START_EDITING'),
(558,'MSG_SWITCHER_TIP'),
(1153,'MSG_TEMPLATES_RESET'),
(1684,'TAB_ANCHORS_BLOG'),
(1270,'TAB_ANSWERS'),
(445,'TAB_ATTACHED_FILES'),
(1351,'TAB_DOMAINS'),
(1112480,'TAB_FILTERS'),
(1369,'TAB_FMENU_ITEMS'),
(1518,'TAB_GALLERIES'),
(510,'TAB_PAGE_RIGHTS'),
(1045,'TAB_PARAMS'),
(1614,'TAB_SOUNDTRACKS'),
(1676,'TAB_VOTE_QUESTIONS'),
(1524,'TXT_ABOUT_VIDEO'),
(320,'TXT_ACCESS_EDIT'),
(319,'TXT_ACCESS_FULL'),
(321,'TXT_ACCESS_READ'),
(1213,'TXT_ACTION_SELECTOR'),
(456,'TXT_ADDRESS'),
(1028,'TXT_ADD_TO_FAVORITES'),
(2552,'TXT_ADD_VIDEO'),
(2557,'TXT_ADD_YOUTUBE_LINK'),
(1140,'TXT_ADS'),
(508,'TXT_AFTER_SAVE_ACTION'),
(1792,'TXT_AFTER_TOMORROW'),
(953,'TXT_AGE'),
(173,'TXT_ALIGN_BOTTOM'),
(176,'TXT_ALIGN_LEFT'),
(174,'TXT_ALIGN_MIDDLE'),
(177,'TXT_ALIGN_RIGHT'),
(175,'TXT_ALIGN_TOP'),
(879,'TXT_ALL'),
(760,'TXT_ALL_CASTINGS'),
(762,'TXT_ALL_GENRES'),
(1278,'TXT_ALL_MANAGERS'),
(1142,'TXT_ALL_NEWS'),
(1303,'TXT_ALL_NEWS_CATEGORIES'),
(1275,'TXT_ALL_PRESENTERS'),
(1301,'TXT_ALL_STAFF'),
(1722,'TXT_ALL_THEMES'),
(1492,'TXT_ANCHORS'),
(1405,'TXT_ANNOUNCE'),
(1376,'TXT_ANNOUNCESEDITOR'),
(912,'TXT_ANSWER'),
(1266,'TXT_ANSWERSEDITOR'),
(1506,'TXT_ARCHIVE'),
(1752,'TXT_ARCHIVE_STORIES'),
(1112438,'TXT_ARE_YOU_SURE'),
(1112483,'TXT_ARE_YOU_SURE_SAVE'),
(1254,'TXT_AUTH_BLOCK_TITLE'),
(429,'TXT_BACK_TO_LIST'),
(985,'TXT_BAD_CAPTCHA'),
(1948,'TXT_BAD_CODE'),
(1944,'TXT_BAD_EMAIL_FORMAT'),
(302,'TXT_BAD_SEGMENT_FORMAT'),
(1037,'TXT_BAN'),
(1085,'TXT_BANIP'),
(1015,'TXT_BANIPEDITOR'),
(1704,'TXT_BANNEREDITOR'),
(1017,'TXT_BAN_FOR_DAY'),
(1021,'TXT_BAN_FOR_EVER'),
(1019,'TXT_BAN_FOR_MONTH'),
(1018,'TXT_BAN_FOR_WEEK'),
(1020,'TXT_BAN_FOR_YEAR'),
(1229,'TXT_BEDITOR'),
(1488,'TXT_BEFORE_YESTERDAY'),
(1686,'TXT_BLOG_EDITOR'),
(1732,'TXT_BLOG_LATEST'),
(1974,'TXT_BODY_FEEDBACK_USER'),
(1286,'TXT_BODY_REGISTER'),
(1598,'TXT_BODY_RESTORE_PASSWORD'),
(1584,'TXT_BODY_VACANCY_ADMIN'),
(2445,'TXT_BTN_BACK'),
(2446,'TXT_BTN_DETAILS'),
(2336,'TXT_BTN_ORDER'),
(2472,'TXT_CANCEL'),
(2338,'TXT_CART_EMPTY'),
(813,'TXT_CASTING_BLOCK'),
(759,'TXT_CASTING_LABEL'),
(1440,'TXT_CATEGORIES'),
(763,'TXT_CAT_NEWS_ALL'),
(1093,'TXT_CHANGED'),
(1574,'TXT_CLEAR'),
(1112431,'TXT_CLOSE'),
(421,'TXT_CLOSE_FIELD'),
(1726,'TXT_COLLAPSE'),
(2492,'TXT_COMMENTEDITOR'),
(1638,'TXT_COMMENTS'),
(2551,'TXT_COMMENTS_DESCR'),
(2550,'TXT_COMMENTS_NEW_FIRST'),
(2548,'TXT_COMMENTS_PUPULAR_FIRST'),
(2558,'TXT_COMMENTS_SEND'),
(2561,'TXT_COMMENTS_SHOW_ANSWERS_1'),
(2562,'TXT_COMMENTS_SHOW_ANSWERS_2'),
(2487,'TXT_COMMENT_ANSWER'),
(2568,'TXT_COMMENT_DELETED'),
(2485,'TXT_COMMENT_FORM_BTN_ADD_MESSAGE'),
(2479,'TXT_COMMENT_FORM_DESCRIPTION_1'),
(2480,'TXT_COMMENT_FORM_DESCRIPTION_2'),
(2483,'TXT_COMMENT_FORM_EMAIL'),
(2481,'TXT_COMMENT_FORM_NAME'),
(2484,'TXT_COMMENT_FORM_RATING'),
(2482,'TXT_COMMENT_FORM_TEXT'),
(2486,'TXT_COMMENT_LEAVE_YOUR_COMMENT'),
(2488,'TXT_COMMENT_SEND'),
(2567,'TXT_COMMENT_WILL_BE_DELETED'),
(1338,'TXT_COMMUNITY'),
(432,'TXT_CONTACTS'),
(419,'TXT_CONTACTS_TITLE'),
(1503,'TXT_CONTACT_INFORMATION'),
(1212,'TXT_CONTENT'),
(1112470,'TXT_COPYRIGHT'),
(560,'TXT_CURRENCY_RATE'),
(2086,'TXT_DATE'),
(883,'TXT_DAY_MAIN_NEWS'),
(943,'TXT_DELETE'),
(82,'TXT_DETAIL_INFO'),
(1714,'TXT_DISCUSSED'),
(507,'TXT_DIVISIONS'),
(238,'TXT_DIVISION_EDITOR'),
(121,'TXT_DIV_EDITOR'),
(1352,'TXT_DOMAINEDITOR'),
(205,'TXT_DOWNLOAD_FILE'),
(942,'TXT_EDIT'),
(112,'TXT_EDIT_ITEM'),
(1112460,'TXT_EMAIL'),
(1187,'TXT_EMAIL_FROM_FORM'),
(1748,'TXT_ENTER'),
(579,'TXT_ENTER_CAPTCHA'),
(371,'TXT_ENTER_PASSWORD'),
(2279,'TXT_ENTER_YOUR_NEW_PASSWORD'),
(64,'TXT_ERRORS'),
(1942,'TXT_ERR_EMAIL_EXISTS'),
(1716,'TXT_EXCLUSIVE'),
(1728,'TXT_EXPAND'),
(1112481,'TXT_FEATURES'),
(1628,'TXT_FEED'),
(987,'TXT_FEEDBACKARTISTSEDITOR'),
(1004,'TXT_FEEDBACKCOMMONLIST'),
(443,'TXT_FEEDBACKLIST'),
(1463,'TXT_FEEDBACK_FORM'),
(1001,'TXT_FEEDBACK_FROM_AUTHOR'),
(1002,'TXT_FEEDBACK_FROM_EMAIL'),
(991,'TXT_FEEDBACK_FROM_PHONE'),
(1000,'TXT_FEEDBACK_FROM_TEXT'),
(440,'TXT_FEEDBACK_SUCCESS_SEND'),
(691,'TXT_FEMALE'),
(396,'TXT_FILELIBRARY'),
(683,'TXT_FILEREPO'),
(1340,'TXT_FILMS'),
(326,'TXT_FILTER'),
(1149,'TXT_FILTER_SIGN_BETWEEN'),
(1147,'TXT_FILTER_SIGN_CONTAINS'),
(1148,'TXT_FILTER_SIGN_NOT_CONTAINS'),
(1952,'TXT_FIND_NEWS'),
(2543,'TXT_FITLERS'),
(1112462,'TXT_FORGOT_PASSWORD'),
(297,'TXT_FORGOT_PWD'),
(1180,'TXT_FORM'),
(1183,'TXT_FORMRESULTS'),
(1185,'TXT_FORM_SUCCESS_SEND'),
(739,'TXT_FROM'),
(1300,'TXT_FROM_ARCHIVE'),
(1475,'TXT_FULL'),
(756,'TXT_FULL_SCHEDULE'),
(1429,'TXT_GALLERY'),
(1225,'TXT_GAME_IS_FINISHED'),
(1221,'TXT_GAME_QUESTION_PREFIX'),
(1240,'TXT_GAME_SCORE'),
(1239,'TXT_GAME_TIME'),
(914,'TXT_GENDER'),
(761,'TXT_GENRE_LABEL'),
(2503,'TXT_GO'),
(450,'TXT_H1'),
(451,'TXT_H2'),
(452,'TXT_H3'),
(453,'TXT_H4'),
(454,'TXT_H5'),
(455,'TXT_H6'),
(2563,'TXT_HIDE_ANSWER'),
(2564,'TXT_HIDE_ANSWER1'),
(2565,'TXT_HIDE_ANSWER2'),
(344,'TXT_HOME'),
(255,'TXT_IMAGE_LIBRARY'),
(2043,'TXT_IMG_MANAGER'),
(971,'TXT_ITEMEDITOR'),
(1454,'TXT_KEY_PROJECTS'),
(1467,'TXT_KEY_PROJECTS_1'),
(279,'TXT_LANGUAGE_EDITOR'),
(1211,'TXT_LAYOUT'),
(954,'TXT_LOCATION'),
(1251,'TXT_LOGIN'),
(580,'TXT_LOGIN_ENGAGED'),
(1137,'TXT_LOGIN_FORM'),
(1112479,'TXT_LOGIN_SUCCESS'),
(2572,'TXT_LOGIN_WITH'),
(1456,'TXT_LOGOUT'),
(1112464,'TXT_LOGOUT_TEXT'),
(1896,'TXT_MAILLIST'),
(1938,'TXT_MAIL_LIST_SUBSCRIBE_0'),
(1936,'TXT_MAIL_LIST_SUBSCRIBE_1'),
(1940,'TXT_MAIL_VERIFY_BODY'),
(624,'TXT_MAIN_NEWS'),
(692,'TXT_MALE'),
(1474,'TXT_MANAGEMENT'),
(471,'TXT_MONTH_1'),
(480,'TXT_MONTH_10'),
(481,'TXT_MONTH_11'),
(482,'TXT_MONTH_12'),
(472,'TXT_MONTH_2'),
(473,'TXT_MONTH_3'),
(474,'TXT_MONTH_4'),
(475,'TXT_MONTH_5'),
(476,'TXT_MONTH_6'),
(477,'TXT_MONTH_7'),
(478,'TXT_MONTH_8'),
(479,'TXT_MONTH_9'),
(1804,'TXT_MONTH_NAME_01'),
(1806,'TXT_MONTH_NAME_02'),
(1808,'TXT_MONTH_NAME_03'),
(1810,'TXT_MONTH_NAME_04'),
(1812,'TXT_MONTH_NAME_05'),
(1814,'TXT_MONTH_NAME_06'),
(1816,'TXT_MONTH_NAME_07'),
(1818,'TXT_MONTH_NAME_08'),
(1820,'TXT_MONTH_NAME_09'),
(1822,'TXT_MONTH_NAME_10'),
(1824,'TXT_MONTH_NAME_11'),
(1826,'TXT_MONTH_NAME_12'),
(1802,'TXT_MORE_PARTNER_NEWS'),
(1308,'TXT_MOVIES'),
(1311,'TXT_MOVIES_ARCHIVE'),
(2475,'TXT_NESSAGE_WAIT_FOR_CALL'),
(2544,'TXT_NEWS2'),
(1449,'TXT_NEWS_BY_CATEGORY'),
(1448,'TXT_NEWS_BY_DATE'),
(1250,'TXT_NEWS_BY_TAG'),
(1954,'TXT_NEWS_SUBSCRIBE_TO'),
(2283,'TXT_NEW_PASSWORD'),
(827,'TXT_NEW_PHOTO'),
(1205,'TXT_NEW_TEXTBLOCK'),
(812,'TXT_NEW_VIDEO'),
(1499,'TXT_NEXT_MONTH'),
(1200,'TXT_NO'),
(2040,'TXT_NOT_READY'),
(880,'TXT_NOW'),
(2039,'TXT_NO_EMAIL_ENTERED'),
(156,'TXT_NO_RIGHTS'),
(2547,'TXT_NUM_COMMENTS'),
(2371,'TXT_OFF'),
(2281,'TXT_OLD_PASSWORD'),
(2370,'TXT_ON'),
(1457,'TXT_ONLINE'),
(1495,'TXT_ON_AIR'),
(1477,'TXT_ON_THE_AIR'),
(420,'TXT_OPEN_FIELD'),
(548,'TXT_OR'),
(83,'TXT_ORDER'),
(2545,'TXT_ORDER_BACK'),
(216,'TXT_PAGES'),
(529,'TXT_PARAM_TYPE_INT'),
(528,'TXT_PARAM_TYPE_STRING'),
(530,'TXT_PARAM_TYPE_TEXT'),
(1708,'TXT_PARTNER_NEWS'),
(1112461,'TXT_PASSWORD'),
(1566,'TXT_PASSWORD_TO_EMAIL'),
(830,'TXT_PHOTO'),
(915,'TXT_PLACE'),
(1712,'TXT_POPULAR'),
(1455,'TXT_POPULAR_VIDEO'),
(1030,'TXT_POST_ON_FACEBOOK'),
(1032,'TXT_POST_ON_LIVEJOURNAL'),
(1031,'TXT_POST_ON_TWITTER'),
(1029,'TXT_POST_ON_VKONTAKTE'),
(878,'TXT_PREMIERE'),
(1800,'TXT_PREMIEREEDITOR'),
(385,'TXT_PREVIEW'),
(1500,'TXT_PREV_MONTH'),
(1027,'TXT_PRINT'),
(1461,'TXT_PRINT_VERSION'),
(1458,'TXT_PROFILE'),
(1112468,'TXT_PROFILE_CHANGE_EMAIL'),
(1112466,'TXT_PROFILE_CHANGE_MY_DATA'),
(1112467,'TXT_PROFILE_CHANGE_PASSWORD'),
(1109,'TXT_PROJECT_NEWS'),
(81,'TXT_PROPERTIES'),
(1271,'TXT_QUESTIONEDITOR'),
(979,'TXT_READ_ALL_CASTINGS'),
(758,'TXT_READ_ALL_NEWS'),
(965,'TXT_READ_ALL_VACANCIES'),
(752,'TXT_READ_MORE'),
(1710,'TXT_RECOMMENDED'),
(1112478,'TXT_RECOVERY_COMPLETED'),
(1112477,'TXT_RECOVERY_EMAIL_BODY'),
(1112475,'TXT_RECOVER_MESSAGE_SUCCESS'),
(1112474,'TXT_RECOVER_PASSWORD'),
(1253,'TXT_REGFORM'),
(1252,'TXT_REGISTER'),
(1750,'TXT_REGISTER_SN'),
(886,'TXT_REGISTRATION'),
(135,'TXT_REGISTRATION_SUCCESS'),
(690,'TXT_REGISTRATION_TEXT'),
(1522,'TXT_RELATED_VIDEO'),
(439,'TXT_REQUIRED_FIELDS'),
(449,'TXT_RESET'),
(1089,'TXT_RESET_CONTENT'),
(328,'TXT_RESET_FILTER'),
(2489,'TXT_REVIEWS'),
(341,'TXT_ROLE_DIV_RIGHTS'),
(274,'TXT_ROLE_EDITOR'),
(488,'TXT_ROLE_TEXT'),
(1304,'TXT_RSS'),
(1112469,'TXT_SAVED'),
(1214,'TXT_SAVE_CONTENT'),
(1216,'TXT_SAVE_TO_CURRENT_CONTENT'),
(1215,'TXT_SAVE_TO_NEW_CONTENT'),
(1780,'TXT_SCH_ISSUE'),
(511,'TXT_SEARCH_CATALOGUE'),
(342,'TXT_SEARCH_RESULT'),
(1026,'TXT_SEND_EMAIL'),
(1504,'TXT_SEND_MSG'),
(1341,'TXT_SERIALS'),
(1307,'TXT_SERIES'),
(1310,'TXT_SERIES_ARCHIVE'),
(757,'TXT_SHARE_BLOCK_TITLE'),
(143,'TXT_SHIT_HAPPENS'),
(1476,'TXT_SHORT'),
(1277,'TXT_SHORT_MANAGERS'),
(1255,'TXT_SHORT_NEWS'),
(1274,'TXT_SHORT_PRESENTERS'),
(1325,'TXT_SHORT_STAFF'),
(2546,'TXT_SHOW'),
(2536,'TXT_SHOW_ALL'),
(2560,'TXT_SHOW_ANSWER'),
(2559,'TXT_SHOW_VIDEO'),
(1112459,'TXT_SIGN_UP'),
(1112472,'TXT_SIGN_WITH'),
(1012,'TXT_SIMILAR_NEWS'),
(431,'TXT_SITEMAP'),
(1924,'TXT_SMART_FORM_PHONE_SUBTEXT'),
(1612,'TXT_SOBYTIYA_ANNOUNCE'),
(968,'TXT_SPONSORVOTEEDITOR'),
(1357,'TXT_STATSLIST'),
(2451,'TXT_STATUS_CAHANGED'),
(2474,'TXT_SUBJECT_WAIT_FOR_CALL'),
(1576,'TXT_SUBJ_FEEDBACK_ADMIN'),
(1003,'TXT_SUBJ_FEEDBACK_COMMON'),
(1972,'TXT_SUBJ_FEEDBACK_USER'),
(504,'TXT_SUBJ_REGISTER'),
(293,'TXT_SUBJ_RESTORE_PASSWORD'),
(1582,'TXT_SUBJ_VACANCY_ADMIN'),
(1962,'TXT_SUBSCRIBERSEDITOR'),
(1960,'TXT_SUBSCRIBE_BUTTON'),
(1958,'TXT_SUBSCRIBE_EMAIL'),
(80,'TXT_SUCCESS'),
(1950,'TXT_SUCCESS_SUBSCRIBE'),
(2473,'TXT_SUCCESS_WAIT_FOR_CALL'),
(1305,'TXT_TAGS'),
(186,'TXT_TEMPLATE_EDITOR'),
(1097,'TXT_TEXTBLOCK_SOURCE_EDITOR'),
(2569,'TXT_THANK_YOU'),
(322,'TXT_THUMBS'),
(740,'TXT_TO'),
(726,'TXT_TODAY'),
(1790,'TXT_TOMORROW'),
(1141,'TXT_TOPNEWS'),
(2010,'TXT_TOP_NEWS'),
(828,'TXT_TOP_PHOTO'),
(785,'TXT_TOP_VIDEO'),
(1228,'TXT_TOTAL'),
(884,'TXT_UNKNOWN'),
(1022,'TXT_USER_BAN_EDITOR'),
(273,'TXT_USER_EDITOR'),
(1603,'TXT_USER_EXIST'),
(287,'TXT_USER_GREETING'),
(304,'TXT_USER_GROUPS'),
(286,'TXT_USER_NAME'),
(2048,'TXT_USER_PROFILE'),
(325,'TXT_USER_PROFILE_SAVED'),
(375,'TXT_USER_PROFILE_WRONG_PWD'),
(441,'TXT_USER_REGISTRED'),
(640,'TXT_VACANCIES'),
(1590,'TXT_VACANCIESFEEDBACKLIST'),
(811,'TXT_VACANCIES_BLOCK'),
(1508,'TXT_VACANCIES_LIST'),
(1580,'TXT_VACANCY_APPLY_SUCCESS_SEND'),
(964,'TXT_VACANCY_CONTACT_EMAIL'),
(963,'TXT_VACANCY_END_DATE'),
(1578,'TXT_VACANCY_FORM'),
(962,'TXT_VACANCY_START_DATE'),
(1946,'TXT_VERIFICATION_SUCCESS'),
(871,'TXT_VIDEO'),
(1459,'TXT_VIDEOS'),
(2554,'TXT_VIDEO_ADDED'),
(2556,'TXT_VIDEO_ADDING'),
(1438,'TXT_VIDEO_LIBRARY'),
(110,'TXT_VIEW_ITEM'),
(1011,'TXT_VIEW_VIDEO'),
(984,'TXT_VOTE'),
(983,'TXT_VOTES_IN_FAVOUR'),
(1740,'TXT_VOTE_COUNT'),
(786,'TXT_VOTE_TITLE'),
(873,'TXT_WATCH'),
(764,'TXT_WATCH_ALL'),
(829,'TXT_WATCH_ALL_PHOTO'),
(787,'TXT_WATCH_ALL_VIDEO'),
(1466,'TXT_WATCH_ONLINE'),
(1406,'TXT_WEEKDAY_1'),
(1407,'TXT_WEEKDAY_2'),
(1408,'TXT_WEEKDAY_3'),
(1409,'TXT_WEEKDAY_4'),
(1410,'TXT_WEEKDAY_5'),
(1411,'TXT_WEEKDAY_6'),
(1412,'TXT_WEEKDAY_7'),
(1484,'TXT_WEEKDAY_SHORT_1'),
(1483,'TXT_WEEKDAY_SHORT_2'),
(1482,'TXT_WEEKDAY_SHORT_3'),
(1481,'TXT_WEEKDAY_SHORT_4'),
(1485,'TXT_WEEKDAY_SHORT_5'),
(1486,'TXT_WEEKDAY_SHORT_6'),
(1487,'TXT_WEEKDAY_SHORT_7'),
(1386,'TXT_WEEK_DAY_1'),
(1387,'TXT_WEEK_DAY_2'),
(1388,'TXT_WEEK_DAY_3'),
(1389,'TXT_WEEK_DAY_4'),
(1390,'TXT_WEEK_DAY_5'),
(1391,'TXT_WEEK_DAY_6'),
(1392,'TXT_WEEK_DAY_7'),
(1329,'TXT_WEEK_DAY_SHORT_1'),
(1330,'TXT_WEEK_DAY_SHORT_2'),
(1331,'TXT_WEEK_DAY_SHORT_3'),
(1332,'TXT_WEEK_DAY_SHORT_4'),
(1333,'TXT_WEEK_DAY_SHORT_5'),
(1334,'TXT_WEEK_DAY_SHORT_6'),
(1335,'TXT_WEEK_DAY_SHORT_7'),
(1125,'TXT_WIDGETEDITOR'),
(1199,'TXT_YES'),
(727,'TXT_YESTERDAY'),
(1534,'TXT_YOUR_ADDRESS'),
(642,'TXT_YOU_ALREADY_VOTED'),
(2404,'Вхід виконано!');
/*!40000 ALTER TABLE `share_lang_tags` ENABLE KEYS */;
UNLOCK TABLES;

--
-- Table structure for table `share_lang_tags_translation`
--

DROP TABLE IF EXISTS `share_lang_tags_translation`;
/*!40101 SET @saved_cs_client     = @@character_set_client */;
/*!40101 SET character_set_client = utf8mb4 */;
CREATE TABLE `share_lang_tags_translation` (
  `ltag_id` int(10) unsigned NOT NULL,
  `lang_id` int(10) unsigned NOT NULL,
  `ltag_value_rtf` text NOT NULL,
  PRIMARY KEY (`ltag_id`,`lang_id`),
  KEY `FK_tranaslatelv_language` (`lang_id`),
  CONSTRAINT `FK_Reference_6` FOREIGN KEY (`ltag_id`) REFERENCES `share_lang_tags` (`ltag_id`) ON DELETE CASCADE ON UPDATE CASCADE,
  CONSTRAINT `FK_tranaslatelv_language` FOREIGN KEY (`lang_id`) REFERENCES `share_languages` (`lang_id`) ON DELETE CASCADE ON UPDATE CASCADE
) ENGINE=InnoDB DEFAULT CHARSET=utf8mb3 COLLATE=utf8mb3_general_ci;
/*!40101 SET character_set_client = @saved_cs_client */;

--
-- Dumping data for table `share_lang_tags_translation`
--

LOCK TABLES `share_lang_tags_translation` WRITE;
/*!40000 ALTER TABLE `share_lang_tags_translation` DISABLE KEYS */;
INSERT INTO `share_lang_tags_translation` VALUES
(14,1,'Значение'),
(14,2,'Значення'),
(14,3,'Value'),
(14,4,'Wert'),
(14,5,'Wartość'),
(15,1,'Выйти'),
(15,2,'Вийти'),
(15,3,'Log out'),
(15,4,'Abmelden'),
(15,5,'Wyloguj się'),
(42,1,'Сохранить'),
(42,2,'Зберегти'),
(42,3,'Save'),
(42,4,'Speichern'),
(42,5,'Zapisz'),
(43,1,'Добавить'),
(43,2,'Додати'),
(43,3,'Add'),
(43,4,'Hinzufügen'),
(43,5,'Dodaj'),
(45,1,'вернуться к списку'),
(45,2,'повернутися до списку'),
(45,3,'Return to list'),
(45,4,'Zurück zur Liste'),
(45,5,'Powrót do listy'),
(46,1,'Редактировать'),
(46,2,'Редагувати'),
(46,3,'Edit'),
(46,4,'Bearbeiten'),
(46,5,'Edytuj'),
(47,1,'Удалить'),
(47,2,'Видалити'),
(47,3,'Delete'),
(47,4,'Löschen'),
(47,5,'Usuń'),
(49,1,'Имя тега'),
(49,2,'Назва тега'),
(49,3,'Tag name'),
(49,4,'Tagname'),
(49,5,'Nazwa tagu'),
(50,1,'E-mail'),
(50,2,'E-mail'),
(50,3,'E-mail'),
(50,4,'E-Mail'),
(50,5,'E-mail'),
(52,1,'Пароль'),
(52,2,'Пароль'),
(52,3,'Password'),
(52,4,'Passwort'),
(52,5,'Hasło'),
(53,1,'Повторите пароль'),
(53,2,'Повторіть пароль'),
(53,3,'Repeat password'),
(53,4,'Passwort wiederholen'),
(53,5,'Powtórz hasło'),
(54,1,'Зарегистрироваться'),
(54,2,'Зареєструватись'),
(54,3,'Register'),
(54,4,'Registrieren'),
(54,5,'Zarejestruj się'),
(55,1,'Сохранить изменения'),
(55,2,'Зберегти зміни'),
(55,3,'Save changes'),
(55,4,'Änderungen speichern'),
(55,5,'Zapisz zmiany'),
(56,1,'Режим редактирования'),
(56,2,'Режим редагування'),
(56,3,'Edit mode'),
(56,4,'Bearbeitungsmodus'),
(56,5,'Tryb edycji'),
(57,1,'Добавить страницу'),
(57,2,'Додати сторінку'),
(57,3,'Add page'),
(57,4,'Seite hinzufügen'),
(57,5,'Dodaj stronę'),
(58,1,'Редактировать страницу'),
(58,2,'Редагувати сторінку'),
(58,3,'Edit page'),
(58,4,'Seite bearbeiten'),
(58,5,'Edytuj stronę'),
(59,1,'Удалить страницу'),
(59,2,'Видалити сторінку'),
(59,3,'Delete page'),
(59,4,'Seite löschen'),
(59,5,'Usuń stronę'),
(60,1,'Режим просмотра'),
(60,2,'Режим перегляду'),
(60,3,'Read only mode'),
(60,4,'Nur-Lese-Modus'),
(60,5,'Tryb tylko do odczytu'),
(61,1,'Исходный код'),
(61,2,'Вихідний код'),
(61,3,'Source code'),
(61,4,'Quellcode'),
(61,5,'Kod źródłowy'),
(62,1,'Назначить группы'),
(62,2,'Призначити групи'),
(62,3,'Set groups'),
(62,4,'Gruppen festlegen'),
(62,5,'Ustaw grupy'),
(63,1,'Группы'),
(63,2,'Групи'),
(63,3,'Groups'),
(63,4,'Gruppen'),
(63,5,'Grupy'),
(64,1,'В процессе работы возникли ошибки'),
(64,2,'В процесі роботи виникли помилки'),
(64,3,'Errors have occurred during the work process'),
(64,4,'Fehler sind während des Arbeitsprozesses aufgetreten.'),
(64,5,'W trakcie procesu pracy wystąpiły błędy.'),
(65,1,'Невозможно удалить себя самого.'),
(65,2,'Неможливо видалити самого себе.'),
(65,3,'It is impossible to delete yourself'),
(65,4,'Es ist unmöglich, sich selbst zu löschen.'),
(65,5,'Nie można usunąć siebie.'),
(66,1,'Имя группы'),
(66,2,'Назва групи'),
(66,3,'Group name'),
(66,4,'Gruppenname'),
(66,5,'Nazwa grupy'),
(67,1,'По умолчанию для гостей'),
(67,2,'За замовчанням для гостей'),
(67,3,'Default guest'),
(67,4,'Standardmäßig für Gäste'),
(67,5,'Domyślnie dla gości'),
(68,1,'По умолчанию для пользователей'),
(68,2,'За замовчанням для користувачів'),
(68,3,'By default for users'),
(68,4,'Standardmäßig für Benutzer'),
(68,5,'Domyślnie dla użytkowników'),
(69,1,'Аббревиатура языка'),
(69,2,'Абревіатура мови'),
(69,3,'Language abbreviation'),
(69,4,'Sprachabkürzung'),
(69,5,'Abbreviation językowy'),
(70,1,'Название языка'),
(70,2,'Назва мови'),
(70,3,'Language name'),
(70,4,'Sprachname'),
(70,5,'Nazwa języka'),
(71,1,'Язык по умолчанию'),
(71,2,'Мова за замовчанням'),
(71,3,'Default language'),
(71,4,'Standard Sprache'),
(71,5,'Domyślny język'),
(73,1,'Локаль для Windows'),
(73,2,'Локаль для Windows'),
(73,3,'Local for Windows'),
(73,4,'Local für Windows'),
(73,5,'Lokalny dla Windows'),
(74,1,'Назначить права'),
(74,2,'Призначити права'),
(74,3,'Set rights'),
(74,4,'Rechte festlegen'),
(74,5,'Ustaw prawa'),
(75,1,'Название шаблона'),
(75,2,'Назва шаблону'),
(75,3,'Template name'),
(75,4,'Vorlagenname'),
(75,5,'Nazwa szablonu'),
(76,1,'Layout'),
(76,2,'Layout'),
(76,3,'Layout'),
(76,4,'Layout'),
(76,5,'Układ'),
(77,1,'Content'),
(77,2,'Content'),
(77,3,'Content'),
(77,4,'Inhalt'),
(77,5,'Treść'),
(78,1,'Системный шаблон'),
(78,2,'Системний шаблон'),
(78,3,'System template'),
(78,4,'Systemvorlage'),
(78,5,'Szablon systemu'),
(79,1,'Войти'),
(79,2,'Увійти'),
(79,3,'Log in'),
(79,4,'Einloggen'),
(79,5,'Zaloguj się'),
(80,1,'Регистрация прошла успешно'),
(80,2,'Реєстрація пройшла успішно'),
(80,3,'The registration is successful'),
(80,4,'Die Registrierung war erfolgreich.'),
(80,5,'Rejestracja została pomyślnie zakończona'),
(81,1,'Свойства'),
(81,2,'Властивості'),
(81,3,'Properties'),
(81,4,'Eigenschaften'),
(81,5,'Właściwości'),
(82,1,'подробнее'),
(82,2,'детальніше'),
(82,3,'details'),
(82,4,'Einzelheiten'),
(82,5,'szczegóły'),
(83,1,'Заказать'),
(83,2,'Замовити'),
(83,3,'Order'),
(83,4,'Bestellung'),
(83,5,'Zamówienie'),
(96,1,'Ошибка 404: документ не найден.'),
(96,2,'Помилка 404: документ не знайдено.'),
(96,3,'Mistake 404: the document was not found'),
(96,4,'Fehler 404: Das Dokument wurde nicht gefunden.'),
(96,5,'Błąd 404: dokument nie został znaleziony'),
(109,1,'Перевод'),
(109,2,'Переклад'),
(109,3,'Translation'),
(109,4,'Übersetzung'),
(109,5,'Translation'),
(110,1,'Просмотр'),
(110,2,'Перегляд'),
(110,3,'View'),
(110,4,'Ansicht'),
(110,5,'Widok'),
(112,1,'Редактирование'),
(112,2,'Редактування'),
(112,3,'Editing'),
(112,4,'Bearbeitung'),
(112,5,'Edycja'),
(121,1,'Редактор разделов'),
(121,2,'Редактор розділів'),
(121,3,'Sections editor'),
(121,4,'Abschnittsredakteur'),
(121,5,'Redaktor sekcji'),
(122,1,'Родительский раздел'),
(122,2,'Батьківський розділ'),
(122,3,'Parent section'),
(122,4,'Elternbereich'),
(122,5,'Sekcja rodziców'),
(123,1,'Сегмент URI'),
(123,2,'Сегмент URI'),
(123,3,'URI segment'),
(123,4,'URI-Segment'),
(123,5,'segment URI'),
(124,1,'Шаблон'),
(124,2,'Шаблон'),
(124,3,'Template'),
(124,4,'Vorlage'),
(124,5,'Szablon'),
(125,1,'Порядок следования'),
(125,2,'Порядок слідування'),
(125,3,'Sequence'),
(125,4,'Folge'),
(125,5,'Sekwencja'),
(126,1,'Конечный раздел'),
(126,2,'Кінцевий розділ'),
(126,3,'End section'),
(126,4,'Ende Abschnitt'),
(126,5,'Sekcja końcowa'),
(127,1,'Раздел по умолчанию'),
(127,2,'Розділ за замовчанням'),
(127,3,'Default section'),
(127,4,'Standardabschnitt'),
(127,5,'Domyślny sekcja'),
(128,1,'Отключен'),
(128,2,'Відключена'),
(128,3,'Disabled'),
(128,4,'Behindert'),
(128,5,'Niepełnosprawny'),
(129,1,'Название раздела'),
(129,2,'Назва розділу'),
(129,3,'Section name'),
(129,4,'Abschnittsname'),
(129,5,'Nazwa sekcji'),
(130,1,'Описание раздела'),
(130,2,'Опис розділу'),
(130,3,'Section description'),
(130,4,'Abschnittsbeschreibung'),
(130,5,'Opis sekcji'),
(131,1,'Ключевые слова (meta keywords)'),
(131,2,'Ключові слова (meta keywords)'),
(131,3,'Meta keywords'),
(131,4,'Meta-Schlüsselwörter'),
(131,5,'Meta słowa kluczowe'),
(133,1,'Мета-описание (meta description)'),
(133,2,'Мета-опис (meta description)'),
(133,3,'Meta description'),
(133,4,'Meta-Beschreibung'),
(133,5,'Opis meta'),
(134,1,'Закрыть'),
(134,2,'Закрити'),
(134,3,'Close'),
(134,4,'Schließen'),
(134,5,'Zamknij'),
(135,1,'Успешная регистрация'),
(135,2,'Успішна реєстрація'),
(135,3,'Registration successful'),
(135,4,'Registrierung erfolgreich'),
(135,5,'Rejestracja zakończona sukcesem'),
(136,1,'Поле не может быть пустым.'),
(136,2,'Поле не може бути порожнім.'),
(136,3,'The field cannot be left blank'),
(136,4,'Das Feld darf nicht leer gelassen werden.'),
(136,5,'Pole nie może być pusty.'),
(143,1,'При сохранении произошли ошибки'),
(143,2,'При збереженні сталися помилки'),
(143,3,'Errors occurred while saving'),
(143,4,'Fehler sind beim Speichern aufgetreten.'),
(143,5,'Wystąpiły błędy podczas zapisywania'),
(144,1,'Неправильный формат e-mail.'),
(144,2,'Неправильний формат e-mail.'),
(144,3,'Wrong email format'),
(144,4,'Falsches E-Mail-Format'),
(144,5,'Zły format adresu e-mail'),
(145,1,'Неправильный формат телефонного номера. Он должен содержать только цифры, знак \"-\", или пробел.'),
(145,2,'Неправильний формат телефонного номера. Він повинен містити тільки цифри, знак \"-\", або пробіл.'),
(145,3,'Wrong telephone number format. It should only contain numbers, \'-\' symbol, or a space'),
(145,4,'Falsches Telefonformat. Es sollte nur Zahlen, das Zeichen \'-\' oder ein Leerzeichen enthalten.'),
(145,5,'Nieprawidłowy format numeru telefonu. Powinien zawierać tylko cyfry, symbol \'-\' lub spację.'),
(146,1,'Неправильный формат числа.'),
(146,2,'Неправильний формат числа.'),
(146,3,'Wrong number format'),
(146,4,'Falsches Zahlenformat'),
(146,5,'Nieprawidłowy format numeru'),
(154,1,'Вы уверены, что хотите удалить запись? Восстановить данные потом будет невозможно.'),
(154,2,'Ви впевнені, що хочете видалити запис? Відновити дані потім буде неможливо.'),
(154,3,'Are you sure you want to delete the post? Restoring this data would then be impossible.'),
(154,4,'Bist du sicher, dass du den Beitrag löschen möchtest? Eine Wiederherstellung dieser Daten wäre dann unmöglich.'),
(154,5,'Czy na pewno chcesz usunąć ten post? Przywrócenie tych danych będzie wtedy niemożliwe.'),
(156,1,'Права отсутствуют'),
(156,2,'Права відсутні'),
(156,3,'Access is not allowed'),
(156,4,'Zugang ist nicht erlaubt.'),
(156,5,'Dostęp jest zabroniony'),
(157,1,'Просмотреть'),
(157,2,'Продивитись'),
(157,3,'View'),
(157,4,'Ansicht'),
(157,5,'Widok'),
(158,1,'Изображение'),
(158,2,'Зображення'),
(158,3,'Image'),
(158,4,'Bild'),
(158,5,'Obraz'),
(159,1,'Описание изображения'),
(159,2,'Опис зображення'),
(159,3,'Image description'),
(159,4,'Bildbeschreibung'),
(159,5,'Opis obrazu'),
(160,1,'Маленькое изображение'),
(160,2,'Маленьке зображення'),
(160,3,'Small image'),
(160,4,'Kleinbild'),
(160,5,'Mały obrazek'),
(161,1,'Вставить изображение'),
(161,2,'Вставити зображення'),
(161,3,'Insert image'),
(161,4,'Bild einfügen'),
(161,5,'Wstaw obrazek'),
(162,1,'Имя файла'),
(162,2,'Назва файла'),
(162,3,'File name'),
(162,4,'Dateiname'),
(162,5,'Nazwa pliku'),
(163,1,'Ширина'),
(163,2,'Ширина'),
(163,3,'Width'),
(163,4,'Breite'),
(163,5,'Szerokość'),
(164,1,'Высота'),
(164,2,'Висота'),
(164,3,'Height'),
(164,4,'Höhe'),
(164,5,'Wysokość'),
(165,1,'Горизонтальный отступ'),
(165,2,'Горизонтальний відступ'),
(165,3,'Horizontal margin'),
(165,4,'Horizontaler Rand'),
(165,5,'Margines poziomy'),
(166,1,'Вертикальный отступ'),
(166,2,'Вертикальний відступ'),
(166,3,'Vertical margin'),
(166,4,'Vertikaler Rand'),
(166,5,'Margines pionowy'),
(167,1,'Альтернативный текст'),
(167,2,'Альтернативний текст'),
(167,3,'Alternative text'),
(167,4,'Alternativtext'),
(167,5,'Tekst alternatywny'),
(168,1,'Вставить изображение'),
(168,2,'Вставити зображення'),
(168,3,'Insert image'),
(168,4,'Bild einfügen'),
(168,5,'Wstaw obrazek'),
(169,1,'Библиотека изображений'),
(169,2,'Бібліотека зображень'),
(169,3,'Image library'),
(169,4,'Bildbibliothek'),
(169,5,'Biblioteka obrazów'),
(170,1,'У Вас недостаточно прав на просмотр этой страницы.'),
(170,2,'У Вас недостатньо прав для перегляду цієї сторінки.'),
(170,3,'You are not authorized to view this page'),
(170,4,'Sie sind nicht berechtigt, diese Seite anzuzeigen.'),
(170,5,'Nie masz uprawnień do wyświetlenia tej strony.'),
(171,1,'Менеджер изображений'),
(171,2,'Менеджер зображень'),
(171,3,'Image manager'),
(171,4,'Bildmanager'),
(171,5,'Menadżer obrazów'),
(172,1,'Выравнивание'),
(172,2,'Вирівнювання'),
(172,3,'Alignment'),
(172,4,'Ausrichtung'),
(172,5,'Wyrównanie'),
(173,1,'Внизу'),
(173,2,'Внизу'),
(173,3,'Below'),
(173,4,'Unten'),
(173,5,'Poniżej'),
(174,1,'Посередине'),
(174,2,'Посередині'),
(174,3,'In the middle'),
(174,4,'In der Mitte'),
(174,5,'W środku'),
(175,1,'Вверху'),
(175,2,'Зверху'),
(175,3,'Top'),
(175,4,'Oberseite'),
(175,5,'Szczyt'),
(176,1,'Слева'),
(176,2,'Зліва'),
(176,3,'Left'),
(176,4,'Links'),
(176,5,'Lewo'),
(177,1,'Справа'),
(177,2,'Справа'),
(177,3,'Right'),
(177,4,'Recht'),
(177,5,'Prawo'),
(178,1,'Неправильный формат'),
(178,2,'Неправильний формат'),
(178,3,'Wrong format'),
(178,4,'Falsches Format'),
(178,5,'Zły format'),
(179,1,'Неправильный формат имени пользователя. В поле должны быть только латинские буквы и цифры.'),
(179,2,'Неправильний формат імені користувача. У полі повинні бути тільки латинські літери і цифри.'),
(179,3,'Wrong username format. The field should only contain Latin letters and numbers.'),
(179,4,'Falsches Benutzernamenformat. Das Feld darf nur lateinische Buchstaben und Zahlen enthalten.'),
(179,5,'Nieprawidłowy format nazwy użytkownika. Pole powinno zawierać tylko litery łacińskie i cyfry.'),
(186,1,'Редактор шаблонов'),
(186,2,'Редактор шаблонів'),
(186,3,'Template editor'),
(186,4,'Vorlageneditor'),
(186,5,'Edytor szablonów'),
(205,1,'Скачать файл'),
(205,2,'Скачати файл'),
(205,3,'Download file'),
(205,4,'Datei herunterladen'),
(205,5,'Pobierz plik'),
(214,1,'Перейти'),
(214,2,'Перейти'),
(214,3,'Go to'),
(214,4,'Gehe zu'),
(214,5,'Idź do'),
(216,1,'Страницы'),
(216,2,'Сторінки'),
(216,3,'Pages'),
(216,4,'Seiten'),
(216,5,'Strony'),
(236,1,'Раздел'),
(236,2,'Розділ'),
(236,3,'Section'),
(236,4,'Abschnitt'),
(236,5,'Sekcja'),
(237,1,'Выбрать'),
(237,2,'Обрати'),
(237,3,'Select'),
(237,4,'Auswählen'),
(237,5,'Wybierz'),
(238,1,'Список разделов'),
(238,2,'Список розділів'),
(238,3,'Sections list'),
(238,4,'Abschnittsverzeichnis'),
(238,5,'Lista sekcji'),
(250,1,'Поднять'),
(250,2,'Підняти'),
(250,3,'Move up'),
(250,4,'Bewege nach oben'),
(250,5,'Przenieś się w górę'),
(251,1,'Опустить'),
(251,2,'Опустити'),
(251,3,'Move down'),
(251,4,'Nach unten bewegen'),
(251,5,'Przesuń w dół'),
(255,1,'Библиотека изображений'),
(255,2,'Бібліотека зображень'),
(255,3,'Image library'),
(255,4,'Bildbibliothek'),
(255,5,'Biblioteka obrazów'),
(260,1,'Загрузить'),
(260,2,'Завантажити'),
(260,3,'Upload'),
(260,4,'Hochladen'),
(260,5,'Prześlij'),
(261,1,'Файл не выбран'),
(261,2,'Файл не обрано'),
(261,3,'The file is not chosen'),
(261,4,'Die Datei ist nicht ausgewählt.'),
(261,5,'Plik nie został wybrany'),
(263,1,'Произошла ошибка при работе с базой данных.'),
(263,2,'Сталася помилка при роботі з базою даних.'),
(263,3,'Database error'),
(263,4,'Datenbankfehler'),
(263,5,'Błąd bazy danych'),
(265,1,'Запомнить'),
(265,2,'Запам\'ятати'),
(265,3,'Remember'),
(265,4,'Erinnern'),
(265,5,'Pamiętaj'),
(269,1,'Отправить'),
(269,2,'Відправити'),
(269,3,'Send'),
(269,4,'Senden'),
(269,5,'Wyślij'),
(273,1,'Редактор пользователей'),
(273,2,'Редактор користувачів'),
(273,3,'User editor'),
(273,4,'Benutzereditor'),
(273,5,'Użytkownik edytor'),
(274,1,'Редактор ролей'),
(274,2,'Редактор ролей'),
(274,3,'Role editor'),
(274,4,'Rollenredakteur'),
(274,5,'Rola edytora'),
(277,1,'Пользователь'),
(277,2,'Користувач'),
(277,3,'User'),
(277,4,'Benutzer'),
(277,5,'Użytkownik'),
(279,1,'Редактор языков'),
(279,2,'Редактор мов'),
(279,3,'Language editor'),
(279,4,'Sprachredakteur'),
(279,5,'Redaktor językowy'),
(284,1,'Искать'),
(284,2,'Шукати'),
(284,3,'Search'),
(284,4,'Suche'),
(284,5,'Szukaj'),
(286,1,'Вы вошли в систему как'),
(286,2,'Ви увійшли до системи як'),
(286,3,'You entered the system as'),
(286,4,'Sie haben das System als eingegeben'),
(286,5,'Wszedłeś do systemu jako'),
(287,1,'Приветствуем,'),
(287,2,'Вітаємо,'),
(287,3,'Greetings,'),
(287,4,'Grüße,'),
(287,5,'Pozdrowienia,'),
(293,1,'Восстановление пароля'),
(293,2,'Відновлення пароля'),
(293,3,'Password recovery'),
(293,4,'Passwortwiederherstellung'),
(293,5,'Odzyskiwanie hasła'),
(295,1,'Неправильное имя пользователя'),
(295,2,'Невірне ім\'я користувача'),
(295,3,'Wrong username'),
(295,4,'Falscher Benutzername'),
(295,5,'Nieprawidłowa nazwa użytkownika'),
(296,1,'На указанный вами адрес электронной почты был отправлен новый пароль.'),
(296,2,'На вказану вами адресу електронної пошти було відправлено новий пароль.'),
(296,3,'A new password was sent to your chosen email address'),
(296,4,'Ein neues Passwort wurde an Ihre gewählte E-Mail-Adresse gesendet.'),
(296,5,'Nowe hasło zostało wysłane na wybrany adres e-mail.'),
(297,1,'Забыли пароль?'),
(297,2,'Забули пароль?'),
(297,3,'Forgot my password'),
(297,4,'Habe mein Passwort vergessen'),
(297,5,'Zapomniałem hasła'),
(300,1,'Ссылка на раздел'),
(300,2,'Посилання на розділ'),
(300,3,'Link to section'),
(300,4,'Link zum Abschnitt'),
(300,5,'Link do sekcji'),
(302,1,'Неправильный формат сегмента URL'),
(302,2,'Неправильний формат сегмента URL'),
(302,3,'Wrong URL segment format'),
(302,4,'Falsches URL-Segmentformat'),
(302,5,'Nieprawidłowy format segmentu URL'),
(303,1,'<P><STRONG>Пользователь с такими данными уже существует.</STRONG></P>\n<P>Скорее всего вы уже зарегистрированы в нашем магазине. </P>\n<P>Вам необходимо авторизоваться , перейдя на форму авторизации. </P>\n<P>Если вы забыли свой пароль, воспользуйтесь формой восстановления пароля, расположенной на той же странице.</P>'),
(303,2,'<P><STRONG>Користувач з такими даними уже існує.</STRONG></P>\n<P>Скоріш за все, ви вже зареєстровані у нашому магазині. </P>\n<P>Вам необхідно авторизуватися за допомогою форми авторизації. </P>\n<P>Якщо ви забули свій пароль, скористайтесь формою відновлення пароля, що знаходиться на тій же сторінці.</P>'),
(303,3,'<P><STRONG>A user with this data already exists</STRONG></P>\n<P>It is probable that you have already registered at our shop </P>\n<P> You need to log in by going to the authorization form.\n</P>\n<P>If you have forgotten your password, use the \'restore password\' button, located on the same page</P>'),
(303,4,'<p><strong>Ein Benutzer mit diesen Daten existiert bereits</strong></p>\n<p>Es ist wahrscheinlich, dass Sie sich bereits in unserem Shop registriert haben</p>\n<p>Sie müssen sich anmelden, indem Sie zum Anmeldeformular gehen.</p>\n<p>Wenn Sie Ihr Passwort vergessen haben, verwenden Sie die Schaltfläche \'Passwort wiederherstellen\', die sich auf derselben Seite befindet</p>'),
(303,5,'<p><strong>Użytkownik z tymi danymi już istnieje</strong></p>\n<p>Jest prawdopodobne, że już zarejestrowałeś się w naszym sklepie</p>\n<p>Musisz się zalogować, przechodząc do formularza autoryzacji.</p>\n<p>Jeśli zapomniałeś hasła, użyj przycisku \'przywróć hasło\', znajdującego się na tej samej stronie</p>'),
(304,1,'Группы'),
(304,2,'Групи'),
(304,3,'Groups'),
(304,4,'Gruppen'),
(304,5,'Grupy'),
(305,1,'Комментарий'),
(305,2,'Коментар'),
(305,3,'Commentary'),
(305,4,'Kommentar'),
(305,5,'Komentarz'),
(312,1,'Открыть'),
(312,2,'Відкрити'),
(312,3,'Open'),
(312,4,'Öffnen'),
(312,5,'Otwórz'),
(313,1,'Создать папку'),
(313,2,'Створити папку'),
(313,3,'Add folder'),
(313,4,'Ordner hinzufügen'),
(313,5,'Dodaj folder'),
(314,1,'Переименовать'),
(314,2,'Перейменувати'),
(314,3,'Rename'),
(314,4,'Umbenennen'),
(314,5,'Zmień nazwę'),
(319,1,'Полный доступ'),
(319,2,'Повний доступ'),
(319,3,'Full access'),
(319,4,'Vollzugriff'),
(319,5,'Pełny dostęp'),
(320,1,'Редактирование'),
(320,2,'Редактування'),
(320,3,'Editing'),
(320,4,'Bearbeitung'),
(320,5,'Edycja'),
(321,1,'Только чтение'),
(321,2,'Тільки перегляд'),
(321,3,'Read-only'),
(321,4,'Nur-Lesen'),
(321,5,'Tylko do odczytu'),
(322,1,'Маленькое изображение для:'),
(322,2,'Маленьке зображення для:'),
(322,3,'Small image for:'),
(322,4,'Kleine Bild für:'),
(322,5,'Mały obrazek dla:'),
(323,1,'Структура сайта'),
(323,2,'Структура сайту'),
(323,3,'Sitemap'),
(323,4,'Sitemap'),
(323,5,'Mapa strony'),
(324,1,'Шаблоны'),
(324,2,'Шаблони'),
(324,3,'Templates'),
(324,4,'Vorlagen'),
(324,5,'Szablony'),
(325,1,'<p>Пользовательские настройки сохранены.</p>'),
(325,2,'<p>Налаштування користувача збережено.</p>'),
(325,3,'<p>User settings have been saved.</p>'),
(325,4,'Benutzereinstellungen wurden gespeichert.'),
(325,5,'Ustawienia użytkownika zostały zapisane.'),
(326,1,'Фильтр'),
(326,2,'Фільтр'),
(326,3,'Filter'),
(326,4,'Filter'),
(326,5,'Filtr'),
(327,1,'Применить'),
(327,2,'Застосувати'),
(327,3,'Apply filter'),
(327,4,'Filter anwenden'),
(327,5,'Zastosuj filtr'),
(328,1,'Сбросить'),
(328,2,'Скинути'),
(328,3,'Reset'),
(328,4,'Zurücksetzen'),
(328,5,'Resetuj'),
(329,1,'Теги'),
(329,2,'Теги'),
(329,3,'Tags'),
(329,4,'Schlagwörter'),
(329,5,'Etykiety'),
(330,1,'Сохранить и перейти к редактированию'),
(330,2,'Зберегти і перейти до редагування'),
(330,3,'Save and start editing'),
(330,4,'Speichern und mit dem Bearbeiten beginnen'),
(330,5,'Zapisz i rozpocznij edytowanie'),
(331,1,'Вы хотите перейти на новосозданную страницу?'),
(331,2,'Ви хочете перейти до нової сторінки?'),
(331,3,'Do you want to go to the newly created page?'),
(331,4,'Möchtest du zur neu erstellten Seite gehen?'),
(331,5,'Czy chcesz przejść do nowo utworzonej strony?'),
(336,1,'Название'),
(336,2,'Назва'),
(336,3,'Name'),
(336,4,'Name'),
(336,5,'Nazwa'),
(339,1,'Нельзя удалить группу по умолчанию'),
(339,2,'Неможливо видалити групу за замовчанням'),
(339,3,'You cannot delete this group by default'),
(339,4,'Sie können diese Gruppe standardmäßig nicht löschen.'),
(339,5,'Nie możesz domyślnie usunąć tej grupy.'),
(340,1,'Права группы по умолчанию'),
(340,2,'Права групи за замовчанням'),
(340,3,'Group rights by default'),
(340,4,'Gruppenrechte standardmäßig'),
(340,5,'Prawa grupowe domyślnie'),
(341,1,'Права на разделы'),
(341,2,'Права на розділи'),
(341,3,'Access to sections'),
(341,4,'Zugang zu Abschnitten'),
(341,5,'Dostęp do sekcji'),
(342,1,'Результаты поиска'),
(342,2,'Результати пошуку'),
(342,3,'Search results'),
(342,4,'Suchergebnisse'),
(342,5,'Wyniki wyszukiwania'),
(343,1,'По вашему запросу товар не найден.'),
(343,2,'За вашим запитом товар не знайдено.'),
(343,3,'The requested merchandise has not been found'),
(343,4,'Die angeforderte Ware wurde nicht gefunden.'),
(343,5,'Żądany towar nie został znaleziony.'),
(344,1,'Главная'),
(344,2,'Головна'),
(344,3,'Main'),
(344,4,'Heim'),
(344,5,'Dom'),
(345,1,'Телефон'),
(345,2,'Телефон'),
(345,3,'Telephone'),
(345,4,'Telefon'),
(345,5,'Telefon'),
(346,1,'Сохранить'),
(346,2,'Зберегти'),
(346,3,'Save'),
(346,4,'Speichern'),
(346,5,'Zapisz'),
(347,1,'Отменить'),
(347,2,'Відмінити'),
(347,3,'Cancel'),
(347,4,'Stornieren'),
(347,5,'Anuluj'),
(348,1,'Исходный код текстового блока'),
(348,2,'Вихідний код текстового блоку'),
(348,3,'Source code of the text block'),
(348,4,'Quellcode des Textblocks'),
(348,5,'Kod źródłowy bloku tekstowego'),
(357,1,'Файловый репозиторий'),
(357,2,'Файловий репозиторій'),
(357,3,'File repository'),
(357,4,'Dateispeicherorte'),
(357,5,'Repozytorium plików'),
(365,1,'Изменить персональные данные'),
(365,2,'Змінити персональні дані'),
(365,3,'Change personal data'),
(365,4,'Persönliche Daten ändern'),
(365,5,'Zmień dane osobowe'),
(367,1,'Новый пароль'),
(367,2,'Новий пароль'),
(367,3,'New password'),
(367,4,'Neues Passwort'),
(367,5,'Nowe hasło'),
(368,1,'Адрес'),
(368,2,'Адреса'),
(368,3,'Address'),
(368,4,'Adresse'),
(368,5,'Adres'),
(371,1,'Для сохранения необходимо ввести пароль'),
(371,2,'Для збереження необхідно ввести пароль'),
(371,3,'Enter the password to save the data'),
(371,4,'Geben Sie das Passwort ein, um die Daten zu speichern.'),
(371,5,'Wprowadź hasło, aby zapisać dane'),
(372,1,'Новый пароль'),
(372,2,'Новий пароль'),
(372,3,'New password'),
(372,4,'Neues Passwort'),
(372,5,'Nowe hasło'),
(373,1,'Подтвердите пароль'),
(373,2,'Підтвердіть пароль'),
(373,3,'Confirm password'),
(373,4,'Bestätige das Passwort'),
(373,5,'Potwierdź hasło'),
(374,1,'Новый пароль и его подтверждение должны быть одинаковыми.'),
(374,2,'Новий пароль і його підтвердження повинні бути однакові.'),
(374,3,'The new password and its confirmation should be identical'),
(374,4,'Das neue Passwort und dessen Bestätigung sollten identisch sein.'),
(374,5,'Nowe hasło i jego potwierdzenie powinny być identyczne.'),
(375,1,'Вы ввели неверный пароль'),
(375,2,'Ви ввели невірний пароль'),
(375,3,'You entered the wrong password'),
(375,4,'Sie haben das falsche Passwort eingegeben.'),
(375,5,'Wprowadziłeś niewłaściwe hasło.'),
(376,1,'Неверный логин или пароль'),
(376,2,'Невірний логін або пароль'),
(376,3,'Wrong login or password'),
(376,4,'Falsche Anmeldedaten oder Passwort'),
(376,5,'Nieprawidłowy login lub hasło'),
(381,1,'Переводы'),
(381,2,'Переклади'),
(381,3,'Translations'),
(381,4,'Übersetzungen'),
(381,5,'Tłumaczenia'),
(383,1,'Невозможно изменить порядок следования'),
(383,2,'Неможливо змінити порядок слідування'),
(383,3,'It is impossible to change the sequence'),
(383,4,'Es ist unmöglich, die Reihenfolge zu ändern.'),
(383,5,'Nie można zmienić kolejności.'),
(384,1,'Альтернативный title страницы'),
(384,2,'Альтернативний title сторінки'),
(384,3,'Alternative page title'),
(384,4,'Alternativer Seitentitel'),
(384,5,'Alternatywny tytuł strony'),
(385,1,'Режим просмотра'),
(385,2,'Режим перегляду'),
(385,3,'View mode'),
(385,4,'Ansichtsmodus'),
(385,5,'Tryb widoku'),
(389,1,'Неправильные данные.'),
(389,2,'Неправильні дані.'),
(389,3,'Wrong data'),
(389,4,'Falsche Daten'),
(389,5,'Błędne dane'),
(391,1,'Заголовок новости'),
(391,2,'Заголовок новини'),
(391,3,'News title'),
(391,4,'Nachrichtentitel'),
(391,5,'Tytuł wiadomości'),
(392,1,'Дата новости'),
(392,2,'Дата новини'),
(392,3,'News date'),
(392,4,'Nachrichtendatum'),
(392,5,'Data wiadomości'),
(393,1,'Анонс новости'),
(393,2,'Анонс новини'),
(393,3,'News preview'),
(393,4,'Nachrichtenvorschau'),
(393,5,'Podgląd wiadomości'),
(394,1,'Текст новости'),
(394,2,'Текст новини'),
(394,3,'News text'),
(394,4,'Nachrichtentext'),
(394,5,'Tekst wiadomości'),
(396,1,'Файловый репозиторий'),
(396,2,'Файловий репозиторій'),
(396,3,'File repository'),
(396,4,'Dateispeicher'),
(396,5,'Repozytorium plików'),
(397,1,'Имя папки (сегмент URI)'),
(397,2,'Назва папки (сегмент URI)'),
(397,3,'Folder name (URI segment)'),
(397,4,'Ordnername (URI-Segment)'),
(397,5,'Nazwa folderu (segment URI)'),
(419,1,'Контакты'),
(419,2,'Контакти'),
(419,3,'Contacts'),
(419,4,'Kontakte'),
(419,5,'Kontakty'),
(420,1,'Открыть поле'),
(420,2,'Відкрити поле'),
(420,3,'Open field'),
(420,4,'Offenes Feld'),
(420,5,'Otwarte pole'),
(421,1,'Скрыть поле'),
(421,2,'Сховати поле'),
(421,3,'Hide field'),
(421,4,'Feld ausblenden'),
(421,5,'Ukryj pole'),
(422,1,'/^(([^()<>@,;:\\\\\\\".\\[\\] ]+)|(\"[^\"\\\\\\\\\\r]*\"))((\\.[^()<>@,;:\\\\\\\".\\[\\] ]+)|(\\.\"[^\"\\\\\\\\\\r]*\"))*@(([a-z0-9][a-z0-9\\-]+)*[a-z0-9]+\\.)+[a-z]{2,}$/i'),
(422,2,'/^(([^()<>@,;:\\\\\\\".\\[\\] ]+)|(\"[^\"\\\\\\\\\\r]*\"))((\\.[^()<>@,;:\\\\\\\".\\[\\] ]+)|(\\.\"[^\"\\\\\\\\\\r]*\"))*@(([a-z0-9][a-z0-9\\-]+)*[a-z0-9]+\\.)+[a-z]{2,}$/i'),
(422,3,'Dummy email'),
(422,4,'Dummy-E-Mail'),
(422,5,'Fałszywy email'),
(424,1,'Спасибо за внимание к нашим продуктам. Ваша заявка отправлена. В ближайшее время мы свяжемся с Вами.'),
(424,2,'Дякуємо за інтерес до наших продуктів. Ваше замовлення відправлено. Найближчим часом ми звяжемось з вами.'),
(424,3,'Thank you for your interest in our products. Your request has been sent. We will get back to you in the nearest future.'),
(424,4,'Vielen Dank für Ihr Interesse an unseren Produkten. Ihre Anfrage wurde gesendet. Wir werden uns in naher Zukunft bei Ihnen melden.'),
(424,5,'Dziękujemy za zainteresowanie naszymi produktami. Twoje zapytanie zostało wysłane. Skontaktujemy się z Tobą w najbliższej przyszłości.'),
(426,1,'Добавить новость'),
(426,2,'Додати новину'),
(426,3,'Add news'),
(426,4,'Nachrichten hinzufügen'),
(426,5,'Dodaj wiadomości'),
(427,1,'Редактировать новость'),
(427,2,'Редагувати новину'),
(427,3,'Edit news'),
(427,4,'Nachrichten bearbeiten'),
(427,5,'Edytuj wiadomości'),
(428,1,'Удалить новость'),
(428,2,'Видалити новину'),
(428,3,'Delete news'),
(428,4,'Nachrichten löschen'),
(428,5,'Usuń wiadomości'),
(429,1,'вернуться к списку'),
(429,2,'повернутися до списку'),
(429,3,'return to list'),
(429,4,'zurück zur Liste'),
(429,5,'powrót do listy'),
(431,1,'Карта сайта'),
(431,2,'Карта сайту'),
(431,3,'Site map'),
(431,4,'Seitenübersicht'),
(431,5,'Mapa strony'),
(432,1,'Контакты'),
(432,2,'Контакти'),
(432,3,'Contacts'),
(432,4,'Kontakte'),
(432,5,'Kontakty'),
(436,1,'Cообщение:'),
(436,2,'Повідомлення:'),
(436,3,'Message:'),
(436,4,'Nachricht:'),
(436,5,'Wiadomość:'),
(437,1,'Представьтесь, пожалуйста:'),
(437,2,'Назвiться, будь ласка:'),
(437,3,'Please introduce yourself:'),
(437,4,'Bitte stellen Sie sich vor:'),
(437,5,'Proszę się przedstawić:'),
(438,1,'Укажите адрес электронной почты, для ответа:'),
(438,2,'Вкажiть адресу електронної пошти, для вiдповiдi:'),
(438,3,'Please type the email address the reply will be sent to:'),
(438,4,'Bitte geben Sie die E-Mail-Adresse ein, an die die Antwort gesendet wird:'),
(438,5,'Proszę wpisać adres e-mail, na który zostanie wysłana odpowiedź:'),
(439,1,'<span class=\"mark\">*</span> - поля, обязательные для заполнения'),
(439,2,'<span class=\"mark\">*</span> - поля, обов\'язкові для заповнення'),
(439,3,'<span class=\"mark\">*</span> - required fields'),
(439,4,'<span class=\"mark\">*</span> - erforderliche Felder'),
(439,5,'<span class=\"mark\">*</span> - pola wymagane'),
(440,1,'Ваше сообщение успешно отправлено.'),
(440,2,'Ваше повідомлення успішно відправлено.'),
(440,3,'Your message has been successfully delivered'),
(440,4,'Ihre Nachricht wurde erfolgreich zugestellt.'),
(440,5,'Twoja wiadomość została pomyślnie dostarczona.'),
(441,1,'Поздравляем, Вы успешно зарегистрировались. На указанный Вами адрес\nэлектронной почты отправлено письмо с Вашим паролем.'),
(441,2,'Вітаємо, Ви вдало зареєструвалися. На вказану Вами електронну адресу\nвідправлено лист з Вашим паролем.'),
(441,3,'Congratulations, your registration was successful. An email with your password was sent to your email address.'),
(441,4,'Herzlichen Glückwunsch, Ihre Registrierung war erfolgreich. Eine E-Mail mit Ihrem Passwort wurde an Ihre E-Mail-Adresse gesendet.'),
(441,5,'Gratulacje, rejestracja zakończyła się sukcesem. E-mail z Twoim hasłem został wysłany na Twój adres e-mail.'),
(442,1,'Дата сообщения'),
(442,2,'Дата повідомлення'),
(442,3,'Message date'),
(442,4,'Nachrichtendatum'),
(442,5,'Data wiadomości'),
(443,1,'Список сообщений'),
(443,2,'Список повідомлень'),
(443,3,'Message list'),
(443,4,'Nachrichtenliste'),
(443,5,'Lista wiadomości'),
(444,1,'Файл'),
(444,2,'Файл'),
(444,3,'File'),
(444,4,'Datei'),
(444,5,'Plik'),
(445,1,'Дополнительные файлы'),
(445,2,'Додаткові файли'),
(445,3,'Additional files'),
(445,4,'Zusätzliche Dateien'),
(445,5,'Dodatkowe pliki'),
(446,1,'Вставить из репозитория'),
(446,2,'Вставити з репозиторію'),
(446,3,'Add file'),
(446,4,'Datei hinzufügen'),
(446,5,'Dodaj plik'),
(447,1,'Дополнительные файлы отсутствуют'),
(447,2,'Додаткові файли відсутні'),
(447,3,'There are no additional files'),
(447,4,'Es gibt keine zusätzlichen Dateien.'),
(447,5,'Nie ma dodatkowych plików.'),
(448,1,'Удалить'),
(448,2,'Видалити'),
(448,3,'Delete'),
(448,4,'Löschen'),
(448,5,'Usuń'),
(449,1,'Очистить форматирование'),
(449,2,'Очистити форматування'),
(449,3,'Clear the formatting'),
(449,4,'Die Formatierung löschen'),
(449,5,'Wyczyść formatowanie'),
(450,1,'Заголовок 1'),
(450,2,'Заголовок 1'),
(450,3,'Heading 1'),
(450,4,'Überschrift 1'),
(450,5,'Nagłówek 1'),
(451,1,'Заголовок 2'),
(451,2,'Заголовок 2'),
(451,3,'Heading 2'),
(451,4,'Überschrift 2'),
(451,5,'Nagłówek 2'),
(452,1,'Заголовок 3'),
(452,2,'Заголовок 3'),
(452,3,'Heading 3'),
(452,4,'Überschrift 3'),
(452,5,'Nagłówek 3'),
(453,1,'Заголовок 4'),
(453,2,'Заголовок 4'),
(453,3,'Heading 4'),
(453,4,'Überschrift 4'),
(453,5,'Nagłówek 4'),
(454,1,'Заголовок 5'),
(454,2,'Заголовок 5'),
(454,3,'Heading 5'),
(454,4,'Überschrift 5'),
(454,5,'Nagłówek 5'),
(455,1,'Заголовок 6'),
(455,2,'Заголовок 6'),
(455,3,'Heading 6'),
(455,4,'Überschrift 6'),
(455,5,'Nagłówek 6'),
(456,1,'Адрес'),
(456,2,'Адреса'),
(456,3,'Address'),
(456,4,'Adresse'),
(456,5,'Adres'),
(457,1,'Полужирный шрифт'),
(457,2,'Напівжирний'),
(457,3,'Bold'),
(457,4,'Fett'),
(457,5,'Tłusty'),
(458,1,'Курсив'),
(458,2,'Курсив'),
(458,3,'Italic'),
(458,4,'Kursiv'),
(458,5,'Kursy kursy'),
(459,1,'Вставить ссылку'),
(459,2,'Вставити посилання'),
(459,3,'Paste link'),
(459,4,'Bitte Link einfügen.'),
(459,5,'Wklej link'),
(460,1,'Ненумерованный список'),
(460,2,'Ненумерований список'),
(460,3,'Unordered list'),
(460,4,'Ungeordnete Liste'),
(460,5,'Nieuporządkowana lista'),
(461,1,'Нумерованный список'),
(461,2,'Нумерований перелiк'),
(461,3,'Ordered List'),
(461,4,'Bestellte Liste'),
(461,5,'Lista uporządkowana'),
(462,1,'Выравнивание по левому краю'),
(462,2,'Вирiвнювання злiва'),
(462,3,'Align left'),
(462,4,'Links ausrichten'),
(462,5,'Wyrównaj do lewej'),
(463,1,'Выравнивание по правому краю'),
(463,2,'Вирiвнювання справа'),
(463,3,'Align right'),
(463,4,'Rechts ausrichten'),
(463,5,'Wyrównaj do prawej'),
(464,1,'Выравнивание по центру'),
(464,2,'Вирiвнювання по центру'),
(464,3,'Align center'),
(464,4,'Zentrieren'),
(464,5,'Wyśrodkować'),
(465,1,'Выравнивание по ширине'),
(465,2,'Вирiвнювання по ширинi'),
(465,3,'Align width'),
(465,4,'Breite ausrichten'),
(465,5,'Dopasuj szerokość'),
(466,1,'Вставить ссылку на файл'),
(466,2,'Вставити посилання на файл'),
(466,3,'Paste link'),
(466,4,'Bitte fügen Sie den Link ein.'),
(466,5,'Wklej link'),
(467,1,'Перенаправлять по адресу'),
(467,2,'Перенаправляти за адресою'),
(467,3,'Redirect to address'),
(467,4,'Umleitung zur Adresse'),
(467,5,'Przekieruj na adres'),
(468,1,'Неправильный формат УРЛ'),
(468,2,'Невiрний формат УРЛ'),
(468,3,'Wrong URL format'),
(468,4,'Falsches URL-Format'),
(468,5,'Nieprawidłowy format URL'),
(469,1,'Загрузить архив'),
(469,2,'Завантажити архiв'),
(469,3,'Upload archive'),
(469,4,'Archiv hochladen'),
(469,5,'Prześlij archiwum'),
(470,1,'Архив содержащий  файлы для загрузки'),
(470,2,'Архів, що містить файли для завантаження'),
(470,3,'Archive that contains files for uploading'),
(470,4,'Archiv, das Dateien zum Hochladen enthält'),
(470,5,'Archiwum zawierające pliki do przesłania'),
(471,1,'января'),
(471,2,'сiчня'),
(471,3,'January'),
(471,4,'Januar'),
(471,5,'Styczeń'),
(472,1,'февраля'),
(472,2,'лютого'),
(472,3,'February'),
(472,4,'Februar'),
(472,5,'Luty'),
(473,1,'марта'),
(473,2,'березня'),
(473,3,'March'),
(473,4,'März'),
(473,5,'Marzec'),
(474,1,'апреля'),
(474,2,'квiтня'),
(474,3,'April'),
(474,4,'April'),
(474,5,'Kwiecień'),
(475,1,'мая'),
(475,2,'травня'),
(475,3,'May'),
(475,4,'Mai'),
(475,5,'Maj'),
(476,1,'июня'),
(476,2,'червня'),
(476,3,'June'),
(476,4,'Juni'),
(476,5,'Czerwiec'),
(477,1,'июля'),
(477,2,'липня'),
(477,3,'July'),
(477,4,'Juli'),
(477,5,'Lipiec'),
(478,1,'августа'),
(478,2,'серпня'),
(478,3,'August'),
(478,4,'August'),
(478,5,'sierpień'),
(479,1,'сентября'),
(479,2,'вересня'),
(479,3,'September'),
(479,4,'September'),
(479,5,'Wrzesień'),
(480,1,'октября'),
(480,2,'жовтня'),
(480,3,'October'),
(480,4,'Oktober'),
(480,5,'październik'),
(481,1,'ноября'),
(481,2,'листопада'),
(481,3,'November'),
(481,4,'November'),
(481,5,'Listopad'),
(482,1,'декабря'),
(482,2,'грудня'),
(482,3,'December'),
(482,4,'Dezember'),
(482,5,'grudzień'),
(483,1,'Описание фотогалереи'),
(483,2,'Опис фотогалереї'),
(483,3,'Photo gallery description'),
(483,4,'Fotogalerie Beschreibung'),
(483,5,'Opis galerii zdjęć'),
(484,1,'Название фотогалереи'),
(484,2,'Назва фотогалереї'),
(484,3,'Photo gallery name'),
(484,4,'Fotogalerie-Name'),
(484,5,'Nazwa galerii zdjęć'),
(485,1,'Фотография'),
(485,2,'Фотографiя'),
(485,3,'Photo'),
(485,4,'Foto'),
(485,5,'Zdjęcie'),
(486,1,'Полное имя'),
(486,2,'Повне iм\'я'),
(486,3,'Full name'),
(486,4,'Vollständiger Name'),
(486,5,'Pełne imię i nazwisko'),
(487,1,'Аватар'),
(487,2,'Аватар'),
(487,3,'Avatar'),
(487,4,'Avatar'),
(487,5,'Awatar'),
(488,1,'Роль'),
(488,2,'Роль'),
(488,3,'Role'),
(488,4,'Rolle'),
(488,5,'Rola'),
(489,1,'Языки'),
(489,2,'Мови'),
(489,3,'Languages'),
(489,4,'Sprachen'),
(489,5,'Języki'),
(490,1,'Пользователи'),
(490,2,'Користувачі'),
(490,3,'Users'),
(490,4,'Benutzer'),
(490,5,'Użytkownicy'),
(491,1,'Роли'),
(491,2,'Ролі'),
(491,3,'Roles'),
(491,4,'Rollen'),
(491,5,'Role'),
(492,1,'Активизирован'),
(492,2,'Активований'),
(492,3,'Activated'),
(492,4,'Aktiviert'),
(492,5,'Aktywowany'),
(493,1,'Активизировать'),
(493,2,'Активувати'),
(493,3,'Activate'),
(493,4,'Aktivieren'),
(493,5,'Aktywuj'),
(494,1,'Иконка'),
(494,2,'Іконка'),
(494,3,'Icon'),
(494,4,'Symbol'),
(494,5,'Ikona'),
(495,1,'Добавить фотогалерею'),
(495,2,'Додати фотогалерею'),
(495,3,'Add photos'),
(495,4,'Fotos hinzufügen'),
(495,5,'Dodaj zdjęcia'),
(497,1,'Удалить фотогалерею'),
(497,2,'Видалити фотогалерею'),
(497,3,'Delete photo'),
(497,4,'Foto löschen'),
(497,5,'Usuń zdjęcie'),
(498,1,'Маленькое изображение'),
(498,2,'Маленьке зображення'),
(498,3,'Small image'),
(498,4,'Kleine Bild'),
(498,5,'Mały obrazek'),
(499,1,'Удалить файл'),
(499,2,'Видалити'),
(499,3,'Delete file'),
(499,4,'Datei löschen'),
(499,5,'Usuń plik'),
(500,1,'Отступ снизу'),
(500,2,'Відступ знизу'),
(500,3,'Bottom margin'),
(500,4,'Unterer Rand'),
(500,5,'Margines dolny'),
(501,1,'Отступ слева'),
(501,2,'Відступ зліва'),
(501,3,'Left margin'),
(501,4,'Linker Rand'),
(501,5,'Margines lewy'),
(502,1,'Оступ справа'),
(502,2,'Відступ справа'),
(502,3,'Right margin'),
(502,4,'Rechter Rand'),
(502,5,'Prawy margines'),
(503,1,'Отступ сверху'),
(503,2,'Відступ зверху'),
(503,3,'Top margin'),
(503,4,'Obere Marge'),
(503,5,'Górny margines'),
(504,1,'Уведомление о регистрации'),
(504,2,'Повідомлення про реєстрацію'),
(504,3,'Registration notification'),
(504,4,'Registrierungsbenachrichtigung'),
(504,5,'Powiadomienie o rejestracji'),
(506,1,'Группы'),
(506,2,'Групи'),
(506,3,'Groups'),
(506,4,'Gruppen'),
(506,5,'Grupy'),
(507,1,'<i class=\"fa-solid fa-spinner fa-spin fa-2x text-secondary\" aria-hidden=\"true\"></i>'),
(507,2,'<i class=\"fa-solid fa-spinner fa-spin fa-2x text-secondary\" aria-hidden=\"true\"></i>'),
(507,3,'<i class=\"fa-solid fa-spinner fa-spin fa-2x text-secondary\" aria-hidden=\"true\"></i>'),
(507,4,'<i class=\"fa-solid fa-spinner fa-spin fa-2x text-secondary\" aria-hidden=\"true\"></i>'),
(507,5,'<i class=\"fa-solid fa-spinner fa-spin fa-2x text-secondary\" aria-hidden=\"true\"></i>'),
(508,1,'и'),
(508,2,'та'),
(508,3,'and'),
(508,4,'und'),
(508,5,'i '),
(510,1,'Права на страницу'),
(510,2,'Права на сторінку'),
(510,3,'Page rights'),
(510,4,'Seitenrechte'),
(510,5,'Prawa strony'),
(511,1,'Поиск по каталогу'),
(511,2,'Пошук по каталогу'),
(511,3,'Search the catalogue'),
(511,4,'Durchsuchen Sie den Katalog'),
(511,5,'Przeszukaj katalog'),
(512,1,'Валюта'),
(512,2,'Валюта'),
(512,3,'Currency'),
(512,4,'Währung'),
(512,5,'Waluta'),
(513,1,'Курс'),
(513,2,'Курс'),
(513,3,'Exchange rate'),
(513,4,'Wechselkurs'),
(513,5,'Kurs wymiany'),
(514,1,'Аббревиатура'),
(514,2,'Абревіатура'),
(514,3,'Abbreviation'),
(514,4,'Abkürzung'),
(514,5,'Skrót'),
(515,1,'Формат'),
(515,2,'Формат'),
(515,3,'Format'),
(515,4,'Format'),
(515,5,'Format'),
(516,1,'Статус товара'),
(516,2,'Статус товару'),
(516,3,'Commodity status'),
(516,4,'Warenstatus'),
(516,5,'Status towaru'),
(517,1,'Статус по-умолчанию'),
(517,2,'Статус за замовчанням'),
(517,3,'Default status'),
(517,4,'Standardstatus'),
(517,5,'Domyślny status'),
(518,1,'Уровень прав, необходимый для просмотра товаров с этим статусом'),
(518,2,'Рівень прав, необхідний для перегляду товарів з цим статусом'),
(518,3,'Level of rights that is required to view commodities with this status'),
(518,4,'Level von Rechten, der erforderlich ist, um Waren mit diesem Status anzuzeigen.'),
(518,5,'Poziom uprawnień wymagany do przeglądania towarów o tym statusie'),
(519,1,'Статус заказа'),
(519,2,'Статус замовлення'),
(519,3,'Order status'),
(519,4,'Bestellstatus'),
(519,5,'Status zamówienia'),
(524,1,'Тип товара'),
(524,2,'Тип товару'),
(524,3,'Commodity type'),
(524,4,'Warenart'),
(524,5,'Rodzaj towaru'),
(525,1,'Параметры'),
(525,2,'Параметри'),
(525,3,'Options'),
(525,4,'Optionen'),
(525,5,'Opcje'),
(526,1,'Параметр'),
(526,2,'Параметр'),
(526,3,'Parameter'),
(526,4,'Parameter'),
(526,5,'Parametr'),
(527,1,'Тип'),
(527,2,'Тип'),
(527,3,'Type'),
(527,4,'Typ'),
(527,5,'Typ'),
(528,1,'Строка'),
(528,2,'Рядок'),
(528,3,'Line'),
(528,4,'Linie'),
(528,5,'Linia'),
(529,1,'Число'),
(529,2,'Число'),
(529,3,'Number'),
(529,4,'Nummer'),
(529,5,'Numer'),
(530,1,'Текст'),
(530,2,'Текст'),
(530,3,'Text'),
(530,4,'Bitte geben Sie den Text ein, den Sie übersetzen möchten.'),
(530,5,'Please provide the text you would like to have translated into Polish.'),
(531,1,'Статус'),
(531,2,'Статус'),
(531,3,'Status'),
(531,4,'Status'),
(531,5,'Status'),
(539,1,'Тип товара'),
(539,2,'Тип товару'),
(539,3,'Commodity type'),
(539,4,'Warenart'),
(539,5,'Rodzaj towaru'),
(542,1,'Печатать'),
(542,2,'Друкувати'),
(542,3,'Print'),
(542,4,'Drucken'),
(542,5,'Drukuj'),
(544,1,'Необходимо указать название раздела для всех не отключенных языковых версий'),
(544,2,'Необхідно вказати назву розділу для всіх активних мов'),
(544,3,'It is necessary to give the name of the section for all enabled language versions.'),
(544,4,'Es ist notwendig, den Namen des Abschnitts für alle aktivierten Sprachversionen anzugeben.'),
(544,5,'Należy podać nazwę sekcji dla wszystkich włączonych wersji językowych.'),
(545,1,'Поднять'),
(545,2,'Підняти'),
(545,3,'Up'),
(545,4,'Oben'),
(545,5,'W górę'),
(546,1,'Опустить'),
(546,2,'Опустити'),
(546,3,'Down'),
(546,4,'Unten'),
(546,5,'W dół'),
(547,1,'Значение параметра'),
(547,2,'Значення параметру'),
(547,3,'Parameter value'),
(547,4,'Parameterwert'),
(547,5,'Wartość parametru'),
(548,1,'или'),
(548,2,'або'),
(548,3,'or'),
(548,4,'oder'),
(548,5,'lub'),
(556,1,'Аббревиатура валюты должна состоять из трех латинских букв'),
(556,2,'Абревіатура валюти повинна складатися з трьох латинських букв'),
(556,3,'Currency abbreviation should consist of three letters'),
(556,4,'Währungsabkürzung sollte aus drei Buchstaben bestehen.'),
(556,5,'Waluta skrócona powinna składać się z trzech liter.'),
(558,1,'Показать цены в'),
(558,2,'Відобразити ціни у'),
(558,3,'Show prices in'),
(558,4,'Preise anzeigen in'),
(558,5,'Pokaż ceny w'),
(559,1,'Базовая валюта'),
(559,2,'Базова валюта'),
(559,3,'Basic currency'),
(559,4,'Basiswährung'),
(559,5,'Podstawowa waluta'),
(560,1,'Курс валют'),
(560,2,'Курс валют'),
(560,3,'Currency exchange rates'),
(560,4,'Währungswechselkurse'),
(560,5,'Kursy wymiany walut'),
(579,1,'Пожалуйста, введите цифры изображенные на картинке ниже:'),
(579,2,'Будь-ласка, введіть цифри зображені на малюнку:'),
(579,3,'Please type the numbers displayed in the picture below:'),
(579,4,'Bitte geben Sie die Zahlen ein, die im Bild unten angezeigt werden:'),
(579,5,'Proszę wpisać liczby wyświetlone na obrazku poniżej:'),
(580,1,'Этот электронный адрес уже используется. Пожалуйста, используйте другой\ne-mail.'),
(580,2,'Ця електронна адреса вже використовується. Будь-ласка, використайте\nінший e-mail.'),
(580,3,'This email address is already in use. Please use another one.'),
(580,4,'Diese E-Mail-Adresse wird bereits verwendet. Bitte verwenden Sie eine andere.'),
(580,5,'Ten adres e-mail jest już w użyciu. Proszę użyć innego.'),
(587,1,'Протокол'),
(587,2,'Протокол'),
(587,3,'Protocol'),
(587,4,'Protokoll'),
(587,5,'Protokół'),
(588,1,'Хост'),
(588,2,'Хост'),
(588,3,'Host'),
(588,4,'Gastgeber'),
(588,5,'Gospodarz'),
(589,1,'Корневая папка'),
(589,2,'Коренева папка'),
(589,3,'Root folder'),
(589,4,'Stammordner'),
(589,5,'Folder główny'),
(590,1,'Название сайта'),
(590,2,'Назва сайту'),
(590,3,'Site name'),
(590,4,'Seitenname'),
(590,5,'Nazwa witryny'),
(591,1,'Базовый'),
(591,2,'Базовий'),
(591,3,'Basic'),
(591,4,'Grundlegend'),
(591,5,'Podstawowy'),
(592,1,'Вариант дизайна'),
(592,2,'Варіант'),
(592,3,'Design option'),
(592,4,'Designoption'),
(592,5,'Opcja projektu'),
(593,1,'Мета keywords'),
(593,2,'Мета keywords'),
(593,3,'Meta keywords'),
(593,4,'Meta-Keywords'),
(593,5,'Meta słowa kluczowe'),
(594,1,'Мета описание'),
(594,2,'Мета опис'),
(594,3,'Meta description'),
(594,4,'Meta-Beschreibung'),
(594,5,'Opis meta'),
(595,1,'Содержимое страницы'),
(595,2,'Вміст сторінки'),
(595,3,'Page content'),
(595,4,'Seiteninhalt'),
(595,5,'Zawartość strony'),
(596,1,'Макет страницы'),
(596,2,'Макет сторінки'),
(596,3,'Page layout'),
(596,4,'Seitenlayout'),
(596,5,'Układ strony'),
(597,1,'Редактор разделов'),
(597,2,'Редактор розділів'),
(597,3,'Section editor'),
(597,4,'Bereichsredakteur'),
(597,5,'Redaktor sekcji'),
(598,1,'Административная часть'),
(598,2,'Адміністративна частина'),
(598,3,'Administrative part'),
(598,4,'Verwaltungsteil'),
(598,5,'Część administracyjna'),
(599,1,'Системный Google sitemap'),
(599,2,'Google sitemap'),
(599,3,'System Google sitemap'),
(599,4,'System Google Sitemap'),
(599,5,'System mapy witryn Google'),
(600,1,'Пустой'),
(600,2,'Пустий'),
(600,3,'Empty'),
(600,4,'Leer'),
(600,5,'Pusty'),
(601,1,'Базовый'),
(601,2,'Базовий'),
(601,3,'Basic'),
(601,4,'Grundlayout'),
(601,5,'Podstawowy układ'),
(602,1,'Проект'),
(602,2,'Проект'),
(602,3,'Project'),
(602,4,'Projekt'),
(602,5,'Projekt'),
(604,1,'2 Список подразделов'),
(604,2,'2 Список підрозділів'),
(604,3,'2 Sub-list'),
(604,4,'Liste der Unterabschnitte'),
(604,5,'Lista podsekcji'),
(605,1,'Файловый репозиторий'),
(605,2,'Файловий репозиторій'),
(605,3,'File repository'),
(605,4,'Datei-Repository'),
(605,5,'Repozytorium plików'),
(606,1,'Системный Google sitemap'),
(606,2,'Google sitemap'),
(606,3,'System Google sitemap'),
(606,4,'System Google Sitemap'),
(606,5,'System mapy witryny Google'),
(607,1,'Редактор языков'),
(607,2,'Редактор мов'),
(607,3,'Language editor'),
(607,4,'Sprachredakteur'),
(607,5,'Edytor językowy'),
(608,1,'5. 2. Авторизация'),
(608,2,'5. 2. Авторизація'),
(608,3,'5. 2. Authorization'),
(608,4,'Autorisation'),
(608,5,'Autoryzacja'),
(609,1,'Карта сайта'),
(609,2,'Карта сайту'),
(609,3,'Sitemap'),
(609,4,'Sitemap'),
(609,5,'Mapa strony'),
(610,1,'Список новостей'),
(610,2,'Список новин'),
(610,3,'News list'),
(610,4,'Nachrichtennliste'),
(610,5,'Lista wiadomości'),
(611,1,'Регистрация'),
(611,2,'Реєстрація'),
(611,3,'Registration'),
(611,4,'Registrierung'),
(611,5,'Rejestracja'),
(612,1,'Редактор новостей'),
(612,2,'Редактор новин'),
(612,3,'News editor'),
(612,4,'Nachrichtenredakteur'),
(612,5,'Redaktor wiadomości'),
(613,1,'5. 3. Восстановление пароля'),
(613,2,'5. 3. Відновлення пароля'),
(613,3,'5. 3. Password reset'),
(613,4,'Passwort wiederherstellen'),
(613,5,'Przywróć hasło'),
(614,1,'Редактор ролей'),
(614,2,'Редактор ролей'),
(614,3,'Role editor'),
(614,4,'Rollenredakteur'),
(614,5,'Rola edytora'),
(617,1,'1. Текстовая страница'),
(617,2,'1. Текстова сторінка'),
(617,3,'1. Text Page'),
(617,4,'Textseite'),
(617,5,'Strona tekstowa'),
(618,1,'Редактор сайтов'),
(618,2,'Редактор сайтів'),
(618,3,'Site editor'),
(618,4,'Seitenredakteur'),
(618,5,'Redaktor strony'),
(619,1,'Редактор переводов'),
(619,2,'Редактор перекладів'),
(619,3,'Translation editor'),
(619,4,'Übersetzungsredakteur'),
(619,5,'Edytor tłumaczeń'),
(620,1,'Профиль пользователя'),
(620,2,'Профіль користувача'),
(620,3,'User profile'),
(620,4,'Benutzerprofil'),
(620,5,'Profil użytkownika'),
(621,1,'Редактор пользователей'),
(621,2,'Редактор користувачів'),
(621,3,'User editor'),
(621,4,'Benutzereditor'),
(621,5,'Edytor użytkownika'),
(624,1,'Главные новости'),
(624,2,'Головні новини'),
(624,3,'Main news'),
(624,4,'Hauptnachrichten'),
(624,5,'Główne wiadomości'),
(625,1,'Источник'),
(625,2,'Джерело'),
(625,3,'Source'),
(625,4,'Quelle'),
(625,5,'Źródło'),
(630,1,'Вакансия открыта'),
(630,2,'Вакансія відкрита'),
(630,3,'The vacancy is open'),
(630,4,'Die Stelle ist offen.'),
(630,5,'Wakaty są otwarte'),
(631,1,'Дата открытия вакансии'),
(631,2,'Дата відкриття вакансії'),
(631,3,'Date of vacancy opening'),
(631,4,'Datum der Stellenausschreibung'),
(631,5,'Data otwarcia oferty pracy'),
(632,1,'Дата закрытия вакансии'),
(632,2,'Дата закриття вакансії'),
(632,3,'Date of vacancy closing'),
(632,4,'Datum des Stellenabschlusses'),
(632,5,'Data zamknięcia oferty pracy'),
(633,1,'Название вакансии'),
(633,2,'Назва вакансії'),
(633,3,'Vacancy name'),
(633,4,'Stellenbezeichnung'),
(633,5,'Nazwa stanowiska'),
(634,1,'Контактный e-mail'),
(634,2,'Контактний e-mail'),
(634,3,'Contact e-mail'),
(634,4,'Kontakt-E-Mail'),
(634,5,'Adres e-mail kontaktowy'),
(635,1,'Сегмент URL вакансии'),
(635,2,'Сегмент URL вакансії'),
(635,3,'Vacancy URL segment'),
(635,4,'Stellenangebot-URL-Segment'),
(635,5,'Segment URL oferty'),
(636,1,'Краткое описание вакансии'),
(636,2,'Короткий опис вакансії'),
(636,3,'Short description of the position'),
(636,4,'Kurze Beschreibung der Position'),
(636,5,'Krótki opis stanowiska'),
(637,1,'Полное описание вакансии'),
(637,2,'Повний опис вакансії'),
(637,3,'Full description of the vacancy'),
(637,4,'Vollständige Beschreibung der Stelle'),
(637,5,'Pełny opis oferty pracy'),
(638,1,'Дополнительная информация'),
(638,2,'Додаткова інформація'),
(638,3,'Additional information'),
(638,4,'Zusätzliche Informationen'),
(638,5,'Dodatkowe informacje'),
(639,1,'Загрузить файл'),
(639,2,'Завантажити файл'),
(639,3,'Upload file'),
(639,4,'Datei hochladen'),
(639,5,'Prześlij plik'),
(640,1,'Вакансии'),
(640,2,'Вакансії'),
(640,3,'Vacancies'),
(640,4,'Stellenangebote'),
(640,5,'Oferty pracy'),
(641,1,'Проголосовать'),
(641,2,'Проголосувати'),
(641,3,'Vote'),
(641,4,'Wählen'),
(641,5,'Głosuj'),
(642,1,'Вы уже проголосовали.'),
(642,2,'Ви вже проголосували.'),
(642,3,'You have already voted.'),
(642,4,'Sie haben bereits gewählt.'),
(642,5,'Już oddałeś głos.'),
(647,1,'Имя руководителя'),
(647,2,'Ім\'я керівника'),
(647,3,'Supervisor\'s name'),
(647,4,'Name des Aufsehers'),
(647,5,'Nazwisko przełożonego'),
(651,1,'Должность руководителя'),
(651,2,'Посада керівника'),
(651,3,'Supervisor\'s position'),
(651,4,'Stellenbeschreibung des Vorgesetzten'),
(651,5,'Stanowisko kierownika'),
(652,1,'Краткий текст о руководителе'),
(652,2,'Короткий текст про керівника'),
(652,3,'Short text about the supervisor'),
(652,4,'Kurzer Text über den Vorgesetzten.'),
(652,5,'Krótki tekst o przełożonym'),
(653,1,'Полный текст о руководителе'),
(653,2,'Повний текст про керівника'),
(653,3,'Full text about the supervisor'),
(653,4,'Vollständiger Text über den Aufsichtführenden'),
(653,5,'Pełny tekst o przełożonym'),
(660,1,'Скрыть версию'),
(660,2,'Сховати версію'),
(660,3,'Hide version'),
(660,4,'Version ausblenden'),
(660,5,'Ukryj wersję'),
(665,1,'Дата начала кастинга'),
(665,2,'Дата початку кастингу'),
(665,3,'Casting start date'),
(665,4,'Casting-Startdatum'),
(665,5,'Data rozpoczęcia castingu'),
(666,1,'Название кастинга'),
(666,2,'Назва кастингу'),
(666,3,'Casting name'),
(666,4,'Casting-Name'),
(666,5,'Casting nazwa'),
(667,1,'Краткий текст о кастинге'),
(667,2,'Короткий текст про кастинг'),
(667,3,'Short text about the casting'),
(667,4,'Kurzer Text über das Casting'),
(667,5,'Krótki tekst o castingu'),
(668,1,'Полный текст о кастинге'),
(668,2,'Повний текст про кастинг'),
(668,3,'Full text about the casting'),
(668,4,'Vollständiger Text über das Casting'),
(668,5,'Pełny tekst o castingu'),
(683,1,'Файловый репозиторий'),
(683,2,'Файловий репозиторій'),
(683,3,'File repository'),
(683,4,'Dateirepository'),
(683,5,'Repozytorium plików'),
(686,1,'Дата публикации'),
(686,2,'Дата публікації'),
(686,3,'Publication date'),
(686,4,'Veröffentlichungsdatum'),
(686,5,'Data publikacji'),
(687,1,'Дата публикации'),
(687,2,'Дата публікації'),
(687,3,'Publication date'),
(687,4,'Veröffentlichungsdatum'),
(687,5,'Data publikacji'),
(688,1,'Описание'),
(688,2,'Опис'),
(688,3,'Description'),
(688,4,'Beschreibung'),
(688,5,'Opis'),
(689,1,'Подпись к картинке'),
(689,2,'Підпис до картинки'),
(689,3,'Image inscription'),
(689,4,'Bildinschrift'),
(689,5,'Napis na obrazie'),
(690,1,'Введите Ваш логин (в качестве логина используется адрес Вашей\nэлектронной почты), желаемый никнейм (Ваше отображаемое имя) и полное\nимя. Система автоматически создаст пароль и отправит Вам по указанному\nэлектронному адресу.'),
(690,2,'Введіть Ваш логін (Ваша електронна адреса), бажаний нікнейм та повне\nім\'я. Система автоматично створить пароль та надішле на вказану\nелектронну адресу.'),
(690,3,'Enter your login (your email), nickname (the name that will be displayed) and your full name. The system will automatically create a password and send it to your email.'),
(690,4,'Geben Sie Ihren Login (Ihre E-Mail), Ihren Spitznamen (den Namen, der angezeigt wird) und Ihren vollständigen Namen ein. Das System wird automatisch ein Passwort erstellen und es an Ihre E-Mail senden.'),
(690,5,'Wprowadź swoje dane logowania (swój adres e-mail), pseudonim (imię, które będzie wyświetlane) oraz swoje pełne imię i nazwisko. System automatycznie utworzy hasło i wyśle je na twój adres e-mail.'),
(691,1,'Женский'),
(691,2,'Жіноча'),
(691,3,'Female'),
(691,4,'Weiblich'),
(691,5,'Kobieta'),
(692,1,'Мужской'),
(692,2,'Чоловіча'),
(692,3,'Male'),
(692,4,'Männlich'),
(692,5,'Mężczyzna'),
(693,1,'Никнейм (Ваше отображаемое имя)'),
(693,2,'Нікнейм'),
(693,3,'Nickname (The way your name will be displayed)'),
(693,4,'Spitzname (So wird dein Name angezeigt)'),
(693,5,'Pseudonim (Sposób, w jaki będzie wyświetlana twoja nazwa)'),
(694,1,'Пол'),
(694,2,'Стать'),
(694,3,'Gender'),
(694,4,'Geschlecht'),
(694,5,'Płeć'),
(695,1,'Дата рождения'),
(695,2,'Дата народження'),
(695,3,'Date of birth'),
(695,4,'Geburtsdatum'),
(695,5,'Data urodzenia'),
(696,1,'Из какого Вы города?'),
(696,2,'З якого Ви міста?'),
(696,3,'Which city are you from?'),
(696,4,'Aus welcher Stadt kommst du?'),
(696,5,'Z jakiego miasta pochodzisz?'),
(697,1,'Аватар (100px х 100px)'),
(697,2,'Аватар (100px х 100px)'),
(697,3,'Avatar (100px х 100px)'),
(697,4,'Avatar (100px x 100px)'),
(697,5,'Awatar (100px x 100px)'),
(699,1,'Подпись под картинкой'),
(699,2,'Підпис під картинкою'),
(699,3,'Inscription under the picture'),
(699,4,'Untertitel unter dem Bild'),
(699,5,'Napis pod obrazem'),
(701,1,'Разрешить'),
(701,2,'Дозволити'),
(701,3,'Allow'),
(701,4,'Erlauben'),
(701,5,'Zezwolić'),
(703,1,'Таргет'),
(703,2,'Таргет'),
(703,3,'Target'),
(703,4,'Ziel'),
(703,5,'Cel'),
(709,1,'Период'),
(709,2,'Період'),
(709,3,'Period'),
(709,4,'Periode'),
(709,5,'Okres'),
(710,1,'Активная'),
(710,2,'Активна'),
(710,3,'Active'),
(710,4,'Aktiv'),
(710,5,'Aktywny'),
(717,1,'Заголовок'),
(717,2,'Заголовок'),
(717,3,'Title'),
(717,4,'Titel'),
(717,5,'Tytuł'),
(718,1,'Дата создания'),
(718,2,'Дата створення'),
(718,3,'Creation date'),
(718,4,'Erstellungsdatum'),
(718,5,'Data utworzenia'),
(720,1,'Дата начала'),
(720,2,'Дата початку'),
(720,3,'Start date'),
(720,4,'Startdatum'),
(720,5,'Data rozpoczęcia'),
(721,1,'Дата окончания'),
(721,2,'Дата закінчення'),
(721,3,'Finish date'),
(721,4,'Fertigstellungsdatum'),
(721,5,'Data zakończenia'),
(722,1,'Текст'),
(722,2,'Текст'),
(722,3,'Text'),
(722,4,'Text'),
(722,5,'Sure! Please provide the text you would like to have translated into Polish.'),
(723,1,'Количество голосов'),
(723,2,'Кількість голосів'),
(723,3,'Number of votes'),
(723,4,'Anzahl der Stimmen'),
(723,5,'Liczba głosów'),
(724,1,'Вариант ответа'),
(724,2,'Варіант відповіді'),
(724,3,'Response option'),
(724,4,'Antwortoption'),
(724,5,'Opcja odpowiedzi'),
(725,1,'Вопрос'),
(725,2,'Питання'),
(725,3,'Question'),
(725,4,'Frage'),
(725,5,'Pytanie'),
(726,1,'Сегодня'),
(726,2,'Сьогодні'),
(726,3,'Today'),
(726,4,'Heute'),
(726,5,'Dziś'),
(727,1,'Вчера'),
(727,2,'Вчора'),
(727,3,'Yesterday'),
(727,4,'Gestern'),
(727,5,'Wczoraj'),
(728,1,'Активный'),
(728,2,'Активний'),
(728,3,'Active'),
(728,4,'Aktiv'),
(728,5,'Aktywny'),
(729,1,'Пн'),
(729,2,'Пн'),
(729,3,'Monday'),
(729,4,'Montag'),
(729,5,'poniedziałek'),
(730,1,'Вт'),
(730,2,'Вт'),
(730,3,'Tuesday'),
(730,4,'Dienstag'),
(730,5,'Wtorek'),
(731,1,'Ср'),
(731,2,'Ср'),
(731,3,'Wednesday'),
(731,4,'Mittwoch'),
(731,5,'Środa'),
(732,1,'Чт'),
(732,2,'Чт'),
(732,3,'Thursday'),
(732,4,'Donnerstag'),
(732,5,'Czwartek'),
(733,1,'Пт'),
(733,2,'Пт'),
(733,3,'Friday'),
(733,4,'Freitag'),
(733,5,'Piątek'),
(734,1,'Сб'),
(734,2,'Сб'),
(734,3,'Saturday'),
(734,4,'Samstag'),
(734,5,'Sobota'),
(735,1,'Вс'),
(735,2,'Нд'),
(735,3,'Sunday'),
(735,4,'Sonntag'),
(735,5,'Niedziela'),
(736,1,'Сегмент УРЛ'),
(736,2,'Сегмент УРЛ'),
(736,3,'URL segment'),
(736,4,'URL-Teil'),
(736,5,'segment URL'),
(737,1,'Категории'),
(737,2,'Категорії'),
(737,3,'Categories'),
(737,4,'Kategorien'),
(737,5,'Kategorie'),
(738,1,'Название категории'),
(738,2,'Назва категорії'),
(738,3,'Category name'),
(738,4,'Kategoriename'),
(738,5,'Nazwa kategorii'),
(739,1,'с'),
(739,2,'з'),
(739,3,'from'),
(739,4,'von'),
(739,5,'z'),
(740,1,'по'),
(740,2,'по'),
(740,3,'?? по'),
(740,4,'?? по'),
(740,5,'?? po'),
(742,1,'Добавить группу'),
(742,2,'Додати групу'),
(742,3,'Add group'),
(742,4,'Gruppe hinzufügen'),
(742,5,'Dodaj grupę'),
(743,1,'Добавить ссылку'),
(743,2,'Додати посилання'),
(743,3,'Add shortcut'),
(743,4,'Verknüpfung hinzufügen'),
(743,5,'Dodaj skrót'),
(744,1,'Название группы'),
(744,2,'Назва групи'),
(744,3,'Group name'),
(744,4,'Gruppenname'),
(744,5,'Nazwa grupy'),
(745,1,'Элементы'),
(745,2,'Елементи'),
(745,3,'Elements'),
(745,4,'Elemente'),
(745,5,'Elementy'),
(748,1,'Название элемента'),
(748,2,'Назва елементу'),
(748,3,'Element name'),
(748,4,'Elementname'),
(748,5,'Nazwa elementu'),
(749,1,'УРЛ элемента'),
(749,2,'УРЛ елементу'),
(749,3,'Element URL'),
(749,4,'Element-URL'),
(749,5,'Element URL'),
(750,1,'Группа'),
(750,2,'Група'),
(750,3,'Group'),
(750,4,'Gruppe'),
(750,5,'Grupa'),
(752,1,'подробнее'),
(752,2,'детальніше'),
(752,3,'details'),
(752,4,'Einzelheiten'),
(752,5,'szczegóły'),
(753,1,'Предыдущая<br/>\nнеделя'),
(753,2,'Попередній<br/>\nтиждень'),
(753,3,'Previous week'),
(753,4,'Vorige Woche'),
(753,5,'Poprzedni tydzień'),
(756,1,'Все расписание'),
(756,2,'Повний розклад'),
(756,3,'all schedule'),
(756,4,'alle Zeitpläne'),
(756,5,'wszystkie harmonogramy'),
(757,1,'Будьте с нами'),
(757,2,'Будьте з нами'),
(757,3,'Stay with us'),
(757,4,'Bleib bei uns'),
(757,5,'Zostań z nami'),
(758,1,'читать все новости'),
(758,2,'читати усі новини'),
(758,3,'read all the news'),
(758,4,'Alle Nachrichten lesen'),
(758,5,'czytaj wszystkie wiadomości'),
(759,1,'Смотреть по проекту'),
(759,2,'Фільтрувати по проектах'),
(759,3,'View according to the project'),
(759,4,'Ansicht gemäß dem Projekt'),
(759,5,'Widok zgodnie z projektem'),
(760,1,'Все проекты'),
(760,2,'Усі проекти'),
(760,3,'All projects'),
(760,4,'Alle Projekte'),
(760,5,'Wszystkie projekty'),
(761,1,'Фильтровать по жанрам'),
(761,2,'Фільтрувати за жанрами'),
(761,3,'Filter by genres'),
(761,4,'Nach Genres filtern'),
(761,5,'Filtruj według gatunków'),
(762,1,'Все жанры'),
(762,2,'Усі жанри'),
(762,3,'All genres'),
(762,4,'Alle Genres'),
(762,5,'Wszystkie gatunki'),
(763,1,'Все'),
(763,2,'Усі'),
(763,3,'All'),
(763,4,'Alle'),
(763,5,'Wszystko'),
(764,1,'смотреть все'),
(764,2,'дивитися все'),
(764,3,'Watch all'),
(764,4,'Alle ansehen'),
(764,5,'Obejrzyj wszystko'),
(765,1,'Порт'),
(765,2,'Порт'),
(765,3,'Port'),
(765,4,'Hafen'),
(765,5,'Port'),
(766,1,'Скопировать структуру с'),
(766,2,'Скопіювати структуру з'),
(766,3,'Copy structure from'),
(766,4,'Kopiere die Struktur von'),
(766,5,'Skopiuj strukturę z'),
(767,1,'Адрес'),
(767,2,'Адреса'),
(767,3,'Address'),
(767,4,'Adresse'),
(767,5,'Adres'),
(768,1,'Группа'),
(768,2,'Група'),
(768,3,'Group'),
(768,4,'Gruppe'),
(768,5,'Grupa'),
(769,1,'Премьера'),
(769,2,'Прем\'єра'),
(769,3,'Premiere'),
(769,4,'Premiere'),
(769,5,'Premiera'),
(770,1,'Название'),
(770,2,'Назва'),
(770,3,'Name'),
(770,4,'Name'),
(770,5,'Nazwa'),
(772,1,'Название'),
(772,2,'Назва'),
(772,3,'Name'),
(772,4,'Name'),
(772,5,'Nazwa'),
(773,1,'Описание'),
(773,2,'Опис'),
(773,3,'Description'),
(773,4,'Beschreibung'),
(773,5,'Opis'),
(774,1,'Закрыта'),
(774,2,'Закрита'),
(774,3,'Closed'),
(774,4,'Geschlossen'),
(774,5,'Zamknięte'),
(775,1,'Категория'),
(775,2,'Категорія'),
(775,3,'Category'),
(775,4,'Kategorie'),
(775,5,'Kategoria'),
(783,1,'Необходимо загрузить файл'),
(783,2,'Необхідно завантажити файл'),
(783,3,'It is necessary to upload the file'),
(783,4,'Es ist notwendig, die Datei hochzuladen.'),
(783,5,'Należy przesłać plik.'),
(784,1,'Загрузить файл'),
(784,2,'Завантажити файл'),
(784,3,'Upload file'),
(784,4,'Datei hochladen'),
(784,5,'Prześlij plik'),
(785,1,'Топ видео'),
(785,2,'Топ відео'),
(785,3,'Top video'),
(785,4,'Top-Video'),
(785,5,'Wideo na topie'),
(786,1,'Голосование'),
(786,2,'Опитування'),
(786,3,'Voting'),
(786,4,'Wählen'),
(786,5,'Głosowanie'),
(787,1,'смотреть все видео'),
(787,2,'дивитися все відео'),
(787,3,'watch all videos'),
(787,4,'alle Videos ansehen'),
(787,5,'oglądaj wszystkie filmy'),
(796,1,'Смотрите:'),
(796,2,'Дивіться:'),
(796,3,'Watch:'),
(796,4,'Uhr:'),
(796,5,'Zegarek:'),
(811,1,'Вакансии'),
(811,2,'Вакансії'),
(811,3,'Vacancies'),
(811,4,'Stellenangebote'),
(811,5,'Oferty pracy'),
(812,1,'Новое видео'),
(812,2,'Нове відео'),
(812,3,'New video'),
(812,4,'Neues Video'),
(812,5,'Nowe wideo'),
(813,1,'Кастинги'),
(813,2,'Кастінги'),
(813,3,'Castings'),
(813,4,'Gussformen'),
(813,5,'Odlewy'),
(817,1,'Участник выбыл'),
(817,2,'Учасник вибув'),
(817,3,'The participant has dropped out'),
(817,4,'Der Teilnehmer hat abgesagt.'),
(817,5,'Uczestnik zrezygnował.'),
(818,1,'Имя'),
(818,2,'Ім\'я'),
(818,3,'Name'),
(818,4,'Name'),
(818,5,'Nazwa'),
(819,1,'Город'),
(819,2,'Місто'),
(819,3,'City'),
(819,4,'Stadt'),
(819,5,'Miasto'),
(820,1,'Возраст'),
(820,2,'Вік'),
(820,3,'Age'),
(820,4,'Alter'),
(820,5,'Wiek'),
(821,1,'Аннотация'),
(821,2,'Анотація'),
(821,3,'Annotation'),
(821,4,'Annotation'),
(821,5,'Adnotacja'),
(822,1,'Текст'),
(822,2,'Текст'),
(822,3,'Text'),
(822,4,'Bitte geben Sie den Text ein, den Sie übersetzen möchten.'),
(822,5,'Please provide the text you would like to have translated into Polish.'),
(823,1,'Дополнительная информация'),
(823,2,'Додаткова інформація'),
(823,3,'Additional information'),
(823,4,'Zusätzliche Informationen'),
(823,5,'Dodatkowe informacje'),
(824,1,'Фамилия'),
(824,2,'Прізвище'),
(824,3,'Surname'),
(824,4,'Nachname'),
(824,5,'Nazwisko'),
(825,1,'Главная страница'),
(825,2,'Головна сторінка'),
(825,3,'Main page'),
(825,4,'Startseite'),
(825,5,'Strona główna'),
(826,1,'Главная страница'),
(826,2,'Головна сторінка'),
(826,3,'Main page'),
(826,4,'Hauptseite'),
(826,5,'Strona główna'),
(827,1,'Новое фото'),
(827,2,'Нове фото'),
(827,3,'New photo'),
(827,4,'Neues Foto'),
(827,5,'Nowe zdjęcie'),
(828,1,'Топ фото'),
(828,2,'Топ фото'),
(828,3,'Top photo'),
(828,4,'Oberes Foto'),
(828,5,'Główne zdjęcie'),
(829,1,'смотреть все фото'),
(829,2,'дивитися усі фото'),
(829,3,'watch all photos'),
(829,4,'alle Fotos ansehen'),
(829,5,'zobacz wszystkie zdjęcia'),
(830,1,'Фото'),
(830,2,'Фото'),
(830,3,'Photo'),
(830,4,'Foto'),
(830,5,'Zdjęcie'),
(841,1,'Форма обратной связи'),
(841,2,'Форма зворотнього зв\'язку'),
(841,3,'Feedback form'),
(841,4,'Feedback-Formular'),
(841,5,'Formularz opinii'),
(842,1,'Список обратной связи'),
(842,2,'Список зворотнього зв\'язку'),
(842,3,'Feedback list'),
(842,4,'Feedbackliste'),
(842,5,'Lista opinii'),
(848,1,'Видео'),
(848,2,'Відео'),
(848,3,'Video'),
(848,4,'Video'),
(848,5,'Wideo'),
(856,1,'Редактор категорий новостей'),
(856,2,'Редактор категорій новин'),
(856,3,'News category editor'),
(856,4,'Nachrichtenkategorie-Redakteur'),
(856,5,'Redaktor kategorii wiadomości'),
(858,1,'Редактор тегов'),
(858,2,'Редактор тегів'),
(858,3,'TAG editor'),
(858,4,'TAG-Editor'),
(858,5,'edytor TAG'),
(865,1,'Список дочерних разделов админчасти'),
(865,2,'Список дочірніх розділів адмінчастини'),
(865,3,'List of administration subsections'),
(865,4,'Liste der Verwaltungsteilabschnitte'),
(865,5,'Lista podsekcji administracyjnych'),
(867,1,'Дата фотогалереи'),
(867,2,'Дата фотогалереї'),
(867,3,'Photo gallery date'),
(867,4,'Fotogalerie Datum'),
(867,5,'Data galerii zdjęć'),
(868,1,'Добавить галерею'),
(868,2,'Додати фотогалерею'),
(868,3,'Add gallery'),
(868,4,'Galerie hinzufügen'),
(868,5,'Dodaj galerię'),
(871,1,'Видео'),
(871,2,'Відео'),
(871,3,'Video'),
(871,4,'Video'),
(871,5,'Wideo'),
(873,1,'Смотреть'),
(873,2,'Дивитись'),
(873,3,'Watch'),
(873,4,'Uhr'),
(873,5,'Zegarek'),
(875,1,'Выводить на главную страницу'),
(875,2,'Виводити на головну сторінку'),
(875,3,'Show on main page'),
(875,4,'Auf der Hauptseite anzeigen'),
(875,5,'Pokaż na stronie głównej'),
(876,1,'Топ'),
(876,2,'Топ'),
(876,3,'Top'),
(876,4,'Oben'),
(876,5,'Wierzchołek'),
(878,1,'Премьеры'),
(878,2,'Прем\'єри'),
(878,3,'Premieres'),
(878,4,'Premieren'),
(878,5,'Premiery'),
(879,1,'Все'),
(879,2,'Усі'),
(879,3,'All'),
(879,4,'Alle'),
(879,5,'Wszystko'),
(880,1,'Сейчас'),
(880,2,'Зараз'),
(880,3,'Now'),
(880,4,'Jetzt'),
(880,5,'Teraz'),
(881,1,'Выводить на главную'),
(881,2,'Виводити на головну'),
(881,3,'Display on the main page'),
(881,4,'Anzeige auf der Hauptseite'),
(881,5,'Wyświetl na stronie głównej'),
(883,1,'Главная новость дня'),
(883,2,'Головна новина дня'),
(883,3,'The main news of the day'),
(883,4,'Die Hauptnachrichten des Tages'),
(883,5,'Główne wiadomości dnia'),
(884,1,'не указан'),
(884,2,'не вказаний'),
(884,3,'not given'),
(884,4,'nicht angegeben'),
(884,5,'nie podano'),
(886,1,'Регистрация'),
(886,2,'Реєстрація'),
(886,3,'Registration'),
(886,4,'Registrierung'),
(886,5,'Rejestracja'),
(898,1,'Верхнее правое изображение'),
(898,2,'Верхнє праве зображення'),
(898,3,'Top right image'),
(898,4,'Oben rechts Bild'),
(898,5,'Obraz w prawym górnym rogu'),
(899,1,'Отступ верхнего правого изображения'),
(899,2,'Відступ верхнього правого зображення'),
(899,3,'Top right image indent'),
(899,4,'Oben rechts Bild einrücken'),
(899,5,'Obraz w prawym górnym rogu indentacji'),
(904,1,'Нижнее фоновое изображение'),
(904,2,'Нижнє фонове зображення'),
(904,3,'Bottom background image'),
(904,4,'Unterer Hintergrundbild'),
(904,5,'Dolny obrazek tła'),
(905,1,'Свойства нижнего фонового изображения'),
(905,2,'Властивості нижнього фонового зображення'),
(905,3,'Bottom background image properties'),
(905,4,'Hintergrundbild-Eigenschaften unten'),
(905,5,'Właściwości dolnego tła obrazu'),
(906,1,'Верхнее фоновое изображение'),
(906,2,'Верхнє фонове зображення'),
(906,3,'Top background image'),
(906,4,'Hintergrundbild oben'),
(906,5,'Obraz tła górnego'),
(907,1,'Свойства верхнего фонового изображения'),
(907,2,'Властивості верхнього фонового зображення'),
(907,3,'Top background image properties'),
(907,4,'Top-Hintergrundbild-Eigenschaften'),
(907,5,'Właściwości tła obrazu górnego'),
(910,1,'Изменить размеры изображения до стандартных'),
(910,2,'Змінити розміри зображення до стандартних'),
(910,3,'Change the size of the image to the standard one'),
(910,4,'Ändern Sie die Größe des Bildes auf die Standardgröße.'),
(910,5,'Zmień rozmiar obrazu na standardowy.'),
(912,1,'Ответить'),
(912,2,'Відповісти'),
(912,3,'Reply'),
(912,4,'Antwort'),
(912,5,'Odpowiedź'),
(914,1,'Пол'),
(914,2,'Стать'),
(914,3,'Gender'),
(914,4,'Geschlecht'),
(914,5,'Płeć'),
(915,1,'Откуда'),
(915,2,'Звідки'),
(915,3,'Where from'),
(915,4,'Woher'),
(915,5,'Skąd'),
(923,1,'Изображение'),
(923,2,'Зображення'),
(923,3,'Image'),
(923,4,'Bild'),
(923,5,'Obraz'),
(924,1,'URL'),
(924,2,'URL'),
(924,3,'URL'),
(924,4,'URL'),
(924,5,'URL'),
(925,1,'Первый блок'),
(925,2,'Перший блок'),
(925,3,'First block'),
(925,4,'Erster Block'),
(925,5,'Pierwszy blok'),
(926,1,'Второй блок'),
(926,2,'Другий блок'),
(926,3,'Second block'),
(926,4,'Zweiter Block'),
(926,5,'Drugi blok'),
(927,1,'Третий блок'),
(927,2,'Третій блок'),
(927,3,'Third block'),
(927,4,'Dritter Block'),
(927,5,'Trzeci blok'),
(935,1,'Последний комментарий'),
(935,2,'Останній коментар'),
(935,3,'Last comment'),
(935,4,'Letzte Bemerkung'),
(935,5,'Ostatni komentarz'),
(942,1,'Редактировать'),
(942,2,'Редагувати'),
(942,3,'Edit'),
(942,4,'Bearbeiten'),
(942,5,'Edytuj'),
(943,1,'Удалить'),
(943,2,'Видалити'),
(943,3,'Delete'),
(943,4,'Löschen'),
(943,5,'Usuń'),
(952,1,'Пароли не совпадают'),
(952,2,'Паролі не співпадають'),
(952,3,'Passwords do not match'),
(952,4,'Passwörter stimmen nicht überein.'),
(952,5,'Hasła nie pasują'),
(953,1,'Возраст'),
(953,2,'Вік'),
(953,3,'Age'),
(953,4,'Alter'),
(953,5,'Wiek'),
(954,1,'Откуда'),
(954,2,'Звідки'),
(954,3,'Where from'),
(954,4,'Woher'),
(954,5,'Skąd'),
(958,1,'Ник'),
(958,2,'Ник'),
(958,3,'Nickname'),
(958,4,'Spitzname'),
(958,5,'Pseudonim'),
(962,1,'Вакансия открыта'),
(962,2,'Вакансія відкрита'),
(962,3,'The vacancy is open'),
(962,4,'Die Stelle ist offen.'),
(962,5,'Wolne stanowisko jest otwarte.'),
(963,1,'и действительна до'),
(963,2,'і дійсна до'),
(963,3,'valid till'),
(963,4,'gültig bis'),
(963,5,'ważny do'),
(964,1,'Контактный e-mail'),
(964,2,'Контактний e-mail'),
(964,3,'Contact e-mail'),
(964,4,'Kontakt-E-Mail'),
(964,5,'Adres e-mail kontaktowy'),
(965,1,'смотреть все вакансии'),
(965,2,'дивитись всі вакансії'),
(965,3,'watch all the vacancies'),
(965,4,'alle Stellenangebote ansehen'),
(965,5,'sprawdź wszystkie oferty pracy'),
(966,1,'Активный'),
(966,2,'Активний'),
(966,3,'Active'),
(966,4,'Aktiv'),
(966,5,'Aktywny'),
(967,1,'Название'),
(967,2,'Назва'),
(967,3,'Name'),
(967,4,'Name'),
(967,5,'Nazwa'),
(968,1,'Редактор конкурса'),
(968,2,'Редактор конкурсу'),
(968,3,'Contest editor'),
(968,4,'Wettbewerbsredakteur'),
(968,5,'Edytor konkursu'),
(969,1,'Конкурсанты'),
(969,2,'Конкурсанти'),
(969,3,'Contestants'),
(969,4,'Teilnehmer'),
(969,5,'Uczestnicy'),
(971,1,'Редактор конкурсантов'),
(971,2,'Редактор конкурсантів'),
(971,3,'Contestants editor'),
(971,4,'Teilnehmer-Editor'),
(971,5,'Redaktor uczestników'),
(973,1,'Проценты'),
(973,2,'Проценти'),
(973,3,'Percent'),
(973,4,'Prozent'),
(973,5,'Procent'),
(974,1,'Описание'),
(974,2,'Опис'),
(974,3,'Description'),
(974,4,'Beschreibung'),
(974,5,'Opis'),
(979,1,'смотреть все кастинги'),
(979,2,'переглянути усі кастінги'),
(979,3,'watch all castings'),
(979,4,'alle Castings ansehen'),
(979,5,'oglądaj wszystkie castingi'),
(983,1,'Поддержали'),
(983,2,'Підтримали'),
(983,3,'Supported'),
(983,4,'Unterstützt'),
(983,5,'Wsparcie'),
(984,1,'Голосовать'),
(984,2,'Голосувати'),
(984,3,'Vote'),
(984,4,'Wählen'),
(984,5,'Głosuj'),
(985,1,'Неверный код'),
(985,2,'Невірний код'),
(985,3,'Wrong code'),
(985,4,'Falscher Code'),
(985,5,'Błędny kod'),
(987,1,'Редактор заказов артистов'),
(987,2,'Редактор запитів артистів'),
(987,3,'Performers\' orders editor'),
(987,4,'Bestellereditor für Künstler'),
(987,5,'Edytor zamówień wykonawców'),
(991,1,'Телефон'),
(991,2,'Телефон'),
(991,3,'Telephone'),
(991,4,'Telefon'),
(991,5,'Telefon'),
(993,1,'Тема'),
(993,2,'Тема'),
(993,3,'Topic'),
(993,4,'Thema'),
(993,5,'Temat'),
(995,1,'Название'),
(995,2,'Назва'),
(995,3,'Name'),
(995,4,'Name'),
(995,5,'Nazwa'),
(996,1,'Email'),
(996,2,'Email'),
(996,3,'Email'),
(996,4,'E-Mail'),
(996,5,'Email'),
(1000,1,'Сообщение'),
(1000,2,'Повідомлення'),
(1000,3,'Message'),
(1000,4,'Nachricht'),
(1000,5,'Wiadomość'),
(1001,1,'Автор'),
(1001,2,'Автор'),
(1001,3,'Author'),
(1001,4,'Autor'),
(1001,5,'Autor'),
(1002,1,'EMAIL пользователя'),
(1002,2,'EMAIL користувача'),
(1002,3,'User email'),
(1002,4,'Benutzer-E-Mail'),
(1002,5,'Email użytkownika'),
(1003,1,'Сообщение с формы обратной связи'),
(1003,2,'Повідомлення з форми зворотнього зв\'язку'),
(1003,3,'Feedback form message'),
(1003,4,'Feedback-Formularnachricht'),
(1003,5,'Formularz opinii wiadomości'),
(1004,1,'Список сообщений с формы обратной связи'),
(1004,2,'Список повідомлень з форми зворотнього зв\'язку'),
(1004,3,'Feedback form message list'),
(1004,4,'Feedback-Formular Nachrichtenliste'),
(1004,5,'Lista wiadomości formularza feedbacku'),
(1006,1,'Тема сообщения'),
(1006,2,'Тема повідомлення'),
(1006,3,'Message topic'),
(1006,4,'Nachrichtenthema'),
(1006,5,'Temat wiadomości'),
(1007,1,'Телефон:'),
(1007,2,'Телефон:'),
(1007,3,'Telephone:'),
(1007,4,'Telefon:'),
(1007,5,'Telefon:'),
(1011,1,'Видео'),
(1011,2,'Відео'),
(1011,3,'Video'),
(1011,4,'Video'),
(1011,5,'Wideo'),
(1012,1,'Похожие новости'),
(1012,2,'Схожі новини'),
(1012,3,'Similar news'),
(1012,4,'Ähnliche Nachrichten'),
(1012,5,'Podobne wiadomości'),
(1014,1,'IP'),
(1014,2,'IP'),
(1014,3,'IP'),
(1014,4,'IP'),
(1014,5,'IP'),
(1015,1,'Редактор запрещенных IP'),
(1015,2,'Редактор заборонених IP'),
(1015,3,'Banned IP editor'),
(1015,4,'Gesperrter IP-Editor'),
(1015,5,'Zablokowany edytor IP'),
(1016,1,'Время бана'),
(1016,2,'Час бану'),
(1016,3,'Ban time'),
(1016,4,'Sperrzeit'),
(1016,5,'Czas zakazu'),
(1017,1,'на день'),
(1017,2,'на день'),
(1017,3,'for one day'),
(1017,4,'für einen Tag'),
(1017,5,'na jeden dzień'),
(1018,1,'на неделю'),
(1018,2,'на тиждень'),
(1018,3,'for a week'),
(1018,4,'für eine Woche'),
(1018,5,'na tydzień'),
(1019,1,'на месяц'),
(1019,2,'на місяць'),
(1019,3,'for a month'),
(1019,4,'für einen Monat'),
(1019,5,'na miesiąc'),
(1020,1,'на год'),
(1020,2,'на рік'),
(1020,3,'for a year'),
(1020,4,'für ein Jahr'),
(1020,5,'na rok'),
(1021,1,'навсегда'),
(1021,2,'назавжди'),
(1021,3,'forever'),
(1021,4,'für immer'),
(1021,5,'na zawsze'),
(1022,1,'Редактор бана пользователя'),
(1022,2,'Редактор бана користувача'),
(1022,3,'User ban editor'),
(1022,4,'Benutzer sperren Bearbeiter'),
(1022,5,'Użytkownik zablokował edytora'),
(1023,1,'Время бана'),
(1023,2,'Час бану'),
(1023,3,'Ban time'),
(1023,4,'Bannzeit'),
(1023,5,'Czas zakazu'),
(1024,1,'Удалить бан'),
(1024,2,'Видалити бан'),
(1024,3,'Delete ban'),
(1024,4,'Löschen Sie das Verbot'),
(1024,5,'Usuń zakaz'),
(1025,1,'Перейти на страницу'),
(1025,2,'Перейти на сторінку'),
(1025,3,'Go to page'),
(1025,4,'Gehe zur Seite'),
(1025,5,'Idź do strony'),
(1026,1,'Отправить по e-mail'),
(1026,2,'Надіслати e-mail'),
(1026,3,'Send by e-mail'),
(1026,4,'Per E-Mail senden'),
(1026,5,'Wyślij e-mailem'),
(1027,1,'Распечатать страницу'),
(1027,2,'Роздрукувати сторінку'),
(1027,3,'Print page'),
(1027,4,'Seite drucken'),
(1027,5,'Drukuj stronę'),
(1028,1,'Добавить в избранное'),
(1028,2,'Додати у вибране'),
(1028,3,'Add to favorites'),
(1028,4,'Zu Favoriten hinzufügen'),
(1028,5,'Dodaj do ulubionych'),
(1029,1,'ВКонтакт'),
(1029,2,'ВКонтакт'),
(1029,3,'VK'),
(1029,4,'VK'),
(1029,5,'VK'),
(1030,1,'В Facebook'),
(1030,2,'У Facebook'),
(1030,3,'On Facebook'),
(1030,4,'Auf Facebook'),
(1030,5,'Na Facebooku'),
(1031,1,'Затвитить'),
(1031,2,'Затвітити'),
(1031,3,'Twit'),
(1031,4,'Twit'),
(1031,5,'Twit'),
(1032,1,'Запостить в ЖЖ'),
(1032,2,'Запостити у ЖЖ'),
(1032,3,'On Livejournal'),
(1032,4,'Auf Livejournal'),
(1032,5,'Na Livejournalu'),
(1033,1,'просмотров'),
(1033,2,'переглядів'),
(1033,3,'views'),
(1033,4,'Ansichten'),
(1033,5,'widoki'),
(1034,1,'фото'),
(1034,2,'фото'),
(1034,3,'Photo'),
(1034,4,'Foto'),
(1034,5,'Zdjęcie'),
(1037,1,'Бан'),
(1037,2,'Бан'),
(1037,3,'Ban'),
(1037,4,'Verbot'),
(1037,5,'zakaz'),
(1045,1,'Параметры'),
(1045,2,'Параметри'),
(1045,3,'Parameters'),
(1045,4,'Parameter'),
(1045,5,'Parametry'),
(1049,1,'Данные с сайта'),
(1049,2,'Дані з сайту'),
(1049,3,'Website data'),
(1049,4,'Webseitendaten'),
(1049,5,'Dane witryny'),
(1053,1,'Порядок сортировки'),
(1053,2,'Порядок сортування'),
(1053,3,'Sorting order'),
(1053,4,'Sortierreihenfolge'),
(1053,5,'Kolejność sortowania'),
(1057,1,'Заголовок блока'),
(1057,2,'Заголовок блоку'),
(1057,3,'Block title'),
(1057,4,'Blocktitel'),
(1057,5,'Tytuł bloku'),
(1061,1,'Количество записей во вкладке'),
(1061,2,'Кількість записів у вкладці'),
(1061,3,'Number of posts in the tab'),
(1061,4,'Anzahl der Beiträge im Tab'),
(1061,5,'Liczba postów w zakładce'),
(1065,1,'Количество вкладок'),
(1065,2,'Кількість вкладок'),
(1065,3,'Number of tabs'),
(1065,4,'Anzahl der Tabs'),
(1065,5,'Liczba kart'),
(1069,1,'Количество записей'),
(1069,2,'Кількість записів'),
(1069,3,'Number of recordings'),
(1069,4,'Anzahl der Aufnahmen'),
(1069,5,'Liczba nagrań'),
(1073,1,'Сегмент страницы вывода'),
(1073,2,'Сегмент сторінки виводу'),
(1073,3,'Display page segment'),
(1073,4,'Seitenabschnitt anzeigen'),
(1073,5,'Wyświetl segment strony'),
(1077,1,'Маска вывода'),
(1077,2,'Маска виводу'),
(1077,3,'Output mask'),
(1077,4,'Ausgabemaske'),
(1077,5,'Maska wyjściowa'),
(1081,1,'Идентификатор блока'),
(1081,2,'Ідентифікатор блоку'),
(1081,3,'Block identifier'),
(1081,4,'Blockkennung'),
(1081,5,'Identyfikator bloku'),
(1085,1,'Бан по IP'),
(1085,2,'Бан по IP'),
(1085,3,'Ban by IP'),
(1085,4,'Sperre nach IP'),
(1085,5,'Ban na IP'),
(1089,1,'Вернуть к начальному виду'),
(1089,2,'Повернути до початкового вигляду'),
(1089,3,'Return to initial view'),
(1089,4,'Zurück zur ursprünglichen Ansicht'),
(1089,5,'Powrót do widoku początkowego'),
(1093,1,'Изменено'),
(1093,2,'Змінено'),
(1093,3,'Changed'),
(1093,4,'Geändert'),
(1093,5,'Zmienione'),
(1097,1,'Редактор исходного кода текстового блока'),
(1097,2,'Редактор вихідного коду текстового блоку'),
(1097,3,'Text block source code editor'),
(1097,4,'Textblock-Quellcode-Editor'),
(1097,5,'Blok tekstu edytora kodu'),
(1105,1,'Сбросить шаблоны'),
(1105,2,'Скинути шаблони'),
(1105,3,'Reset templates'),
(1105,4,'Vorlagen zurücksetzen'),
(1105,5,'Zresetuj szablony'),
(1109,1,'Новости проекта'),
(1109,2,'Новини проекту'),
(1109,3,'Project news'),
(1109,4,'Projektneuigkeiten'),
(1109,5,'Aktualności projektu'),
(1113,1,'Название блока'),
(1113,2,'Назва блоку'),
(1113,3,'Block name'),
(1113,4,'Blockname'),
(1113,5,'Nazwa bloku'),
(1117,1,'Иконка блока'),
(1117,2,'Іконка блоку'),
(1117,3,'Block icon'),
(1117,4,'Block-Symbol'),
(1117,5,'Ikona bloku'),
(1121,1,'Вставить блок'),
(1121,2,'Вставити блок'),
(1121,3,'Insert block'),
(1121,4,'Block einfügen'),
(1121,5,'Wstaw blok'),
(1125,1,'Редактор блоков'),
(1125,2,'Редактор блоків'),
(1125,3,'Block editor'),
(1125,4,'Block-Editor'),
(1125,5,'Edytor bloków'),
(1129,1,'Только популярные'),
(1129,2,'Тільки популярні'),
(1129,3,'Only popular'),
(1129,4,'Nur beliebt'),
(1129,5,'Tylko popularne'),
(1134,1,'Сайты'),
(1134,2,'Сайти'),
(1134,3,'Websites'),
(1134,4,'Webseiten'),
(1134,5,'Strony internetowe'),
(1135,1,'Управление блоками'),
(1135,2,'Керування блоками'),
(1135,3,'Edit blocks'),
(1135,4,'Bearbeite Blöcke'),
(1135,5,'Edytuj bloki'),
(1136,1,'Категория'),
(1136,2,'Категорія'),
(1136,3,'Category'),
(1136,4,'Kategorie'),
(1136,5,'Kategoria'),
(1137,1,'Вход'),
(1137,2,'Вхід'),
(1137,3,'Login'),
(1137,4,'Anmelden'),
(1137,5,'Zaloguj się'),
(1138,1,'Файл конфигурации'),
(1138,2,'Файл конфігурації'),
(1138,3,'Configuration file'),
(1138,4,'Konfigurationsdatei'),
(1138,5,'Plik konfiguracyjny'),
(1139,1,'Выводить все вложенные разделы'),
(1139,2,'Виводити всі вкладені розділи'),
(1139,3,'Display all subsections'),
(1139,4,'Alle Unterabschnitte anzeigen'),
(1139,5,'Wyświetl wszystkie podsekcje'),
(1140,1,'Рекламные места'),
(1140,2,'Рекламні місця'),
(1140,3,'Advertising spaces'),
(1140,4,'Werbeflächen'),
(1140,5,'Przestrzenie reklamowe'),
(1141,1,'Топ новости'),
(1141,2,'Топ новини'),
(1141,3,'Top news'),
(1141,4,'Top-Nachrichten'),
(1141,5,'Najważniejsze wiadomości'),
(1142,1,'Все новости'),
(1142,2,'Всі новини'),
(1142,3,'All news'),
(1142,4,'Alle Nachrichten'),
(1142,5,'Wszystkie wiadomości'),
(1145,1,'7. Главная страница'),
(1145,2,'7. Головна сторінка'),
(1145,3,'7. Home'),
(1145,4,'Hauptseite'),
(1145,5,'Strona główna'),
(1146,1,'Текстовая страница с медиа-файлами'),
(1146,2,'Текстова сторінка з медіа-файлами'),
(1146,3,'Text page with media files'),
(1146,4,'Textseite mit Mediendateien'),
(1146,5,'Strona z plikami multimedialnymi'),
(1147,1,'содержит'),
(1147,2,'містить'),
(1147,3,'contains'),
(1147,4,'enthält'),
(1147,5,'zawiera'),
(1148,1,'не содержит'),
(1148,2,'не містить'),
(1148,3,'does not contain'),
(1148,4,'enthält nicht'),
(1148,5,'nie zawiera'),
(1149,1,'между'),
(1149,2,'між'),
(1149,3,'between'),
(1149,4,'zwischen'),
(1149,5,'pomiędzy'),
(1150,1,'Номер текстового блока на странице'),
(1150,2,'Номер текстового блоку на сторінці'),
(1150,3,'Number of text block on a page'),
(1150,4,'Anzahl der Textblöcke auf einer Seite'),
(1150,5,'Liczba bloków tekstowych na stronie'),
(1151,1,'Включить в вывод также все записи из вложенных подразделов'),
(1151,2,'Включити у вивід також всі записи із вкладених підрозділів'),
(1151,3,'Display all the notes from the inserted subheadings'),
(1151,4,'Zeigen Sie alle Notizen aus den eingefügten Unterüberschriften an.'),
(1151,5,'Wyświetl wszystkie notatki z wstawionych podtytułów.'),
(1152,1,'Вы уверены, что хотите вернуть шаблоны всех страниц к начальному виду? Отменить это действие будет невозможно.'),
(1152,2,'Ви впевнені, що хочете повернути шаблони всіх сторінок до початкового вигляду? Відмінити цю дію буде неможливо.'),
(1152,3,'Are you sure you want to return all the page templates to their initial state? Cancelling this action would be impossible.'),
(1152,4,'Bist du sicher, dass du alle Seitenvorlagen in ihren ursprünglichen Zustand zurückversetzen möchtest? Es wäre unmöglich, diese Aktion abzubrechen.'),
(1152,5,'Czy jesteś pewien, że chcesz przywrócić wszystkie szablony stron do ich początkowego stanu? Anulowanie tej operacji będzie niemożliwe.'),
(1153,1,'Шаблоны всех страниц приведены к начальному виду'),
(1153,2,'Шаблони всіх сторінок приведено до початкового вигляду'),
(1153,3,'Templates of all the pages have been returned to their initial state'),
(1153,4,'Die Vorlagen aller Seiten wurden in ihren ursprünglichen Zustand zurückversetzt.'),
(1153,5,'Szablony wszystkich stron zostały przywrócone do swojego pierwotnego stanu.'),
(1154,1,'Идентификатор формы'),
(1154,2,'Ідентифікатор форми'),
(1154,3,'Form identifier'),
(1154,4,'Formularbezeichner'),
(1154,5,'Identyfikator formularza'),
(1155,1,'Дата создания'),
(1155,2,'Дата створення'),
(1155,3,'Creation date'),
(1155,4,'Erstellungsdatum'),
(1155,5,'Data utworzenia'),
(1156,1,'Название'),
(1156,2,'Назва'),
(1156,3,'Name'),
(1156,4,'Name'),
(1156,5,'Nazwa'),
(1157,1,'Активная'),
(1157,2,'Активна'),
(1157,3,'Active'),
(1157,4,'Aktiv'),
(1157,5,'Aktywny'),
(1158,1,'Создать'),
(1158,2,'Створити'),
(1158,3,'Create'),
(1158,4,'Erstellen'),
(1158,5,'Stwórz'),
(1159,1,'Редактировать свойства'),
(1159,2,'Редагувати властивості'),
(1159,3,'Edit properties'),
(1159,4,'Eigenschaften bearbeiten'),
(1159,5,'Edytuj właściwości'),
(1160,1,'Редактировать форму'),
(1160,2,'Редагувати форму'),
(1160,3,'Edit form'),
(1160,4,'Formular bearbeiten'),
(1160,5,'Edytuj formularz'),
(1161,1,'Показать результаты'),
(1161,2,'Показати результати'),
(1161,3,'Show results'),
(1161,4,'Ergebnisse anzeigen'),
(1161,5,'Pokaż wyniki'),
(1163,1,'E-mail, на который приходят заполненные формы'),
(1163,2,'E-mail, на який надходять заповнені форми'),
(1163,3,'E-mail that the filled in forms arrive to'),
(1163,4,'E-Mail, an die die ausgefüllten Formulare gesendet werden.'),
(1163,5,'E-mail, na który należy wysłać wypełnione formularze'),
(1164,1,'Описание'),
(1164,2,'Опис'),
(1164,3,'Description'),
(1164,4,'Beschreibung'),
(1164,5,'Opis'),
(1165,1,'Имя поля'),
(1165,2,'Ім\'я поля'),
(1165,3,'Field name'),
(1165,4,'Feldname'),
(1165,5,'Nazwa pola'),
(1166,1,'Тип поля'),
(1166,2,'Тип поля'),
(1166,3,'Field type'),
(1166,4,'Feldtyp'),
(1166,5,'Typ pola'),
(1167,1,'Поле может быть пустым'),
(1167,2,'Поле може бути порожнім'),
(1167,3,'The field may be empty'),
(1167,4,'Das Feld kann leer sein.'),
(1167,5,'Pole może być pusty'),
(1168,1,'строка'),
(1168,2,'рядок'),
(1168,3,'Line'),
(1168,4,'Linie'),
(1168,5,'Linia'),
(1169,1,'логическое'),
(1169,2,'логічне'),
(1169,3,'logical'),
(1169,4,'logisch'),
(1169,5,'logiczny'),
(1170,1,'текстовое'),
(1170,2,'текстове'),
(1170,3,'text'),
(1170,4,'Bitte geben Sie den zu übersetzenden Text an.'),
(1170,5,'Please provide the text you would like to have translated into Polish.'),
(1171,1,'список значений'),
(1171,2,'список значень'),
(1171,3,'List of values'),
(1171,4,'Liste der Werte'),
(1171,5,'Lista wartości'),
(1172,1,'дата'),
(1172,2,'дата'),
(1172,3,'Date'),
(1172,4,'Datum'),
(1172,5,'Data'),
(1173,1,'дата и время'),
(1173,2,'дата і час'),
(1173,3,'Date and time'),
(1173,4,'Datum und Uhrzeit'),
(1173,5,'Data i czas'),
(1174,1,'файл'),
(1174,2,'файл'),
(1174,3,'File'),
(1174,4,'Datei'),
(1174,5,'Plik'),
(1175,1,'Дата создания записи'),
(1175,2,'Дата створення запису'),
(1175,3,'Note creation date'),
(1175,4,'Hinweis Erstellungsdatum'),
(1175,5,'Zauważ datę utworzenia notatki'),
(1178,1,'инфо'),
(1178,2,'інфо'),
(1178,3,'Information'),
(1178,4,'Information'),
(1178,5,'Informacja'),
(1179,1,'множественный выбор'),
(1179,2,'множинний вибір'),
(1179,3,'Multiple Choice'),
(1179,4,'Multiple Choice'),
(1179,5,'Wielokrotny wybór'),
(1180,1,'Форма'),
(1180,2,'Форма'),
(1180,3,'Form'),
(1180,4,'Form'),
(1180,5,'Formularz'),
(1181,1,'Произошла ошибка'),
(1181,2,'Сталася помилка'),
(1181,3,'There has been a mistake'),
(1181,4,'Es gab einen Fehler.'),
(1181,5,'Był błąd.'),
(1182,1,'нет формы для отображения'),
(1182,2,'немає форми для відображення'),
(1182,3,'No form for viewing'),
(1182,4,'Kein Formular zur Ansicht'),
(1182,5,'Brak formularza do wyświetlania'),
(1183,1,'Результаты формы'),
(1183,2,'Результати форми'),
(1183,3,'Form results'),
(1183,4,'Formularergebnisse'),
(1183,5,'Wyniki formularza'),
(1184,1,'Экспортировать в CSV'),
(1184,2,'Експортувати в CSV'),
(1184,3,'Export in CSV'),
(1184,4,'Exportieren im CSV-Format'),
(1184,5,'Eksportuj do CSV'),
(1185,1,'Данные успешно отправлены.'),
(1185,2,'Дані успішно відправлено.'),
(1185,3,'The data has been sent successfully'),
(1185,4,'Die Daten wurden erfolgreich gesendet.'),
(1185,5,'Dane zostały pomyślnie wysłane.'),
(1186,1,'Редактировать значения'),
(1186,2,'Редагувати значення'),
(1186,3,'Edit values'),
(1186,4,'Werte bearbeiten'),
(1186,5,'Edytuj wartości'),
(1187,1,'Новое сообщение с формы'),
(1187,2,'Нове повідомлення з форми'),
(1187,3,'New message from the form'),
(1187,4,'Neue Nachricht vom Formular'),
(1187,5,'Nowa wiadomość z formularza'),
(1188,1,'Идентификатор записи'),
(1188,2,'Ідентифікатор запису'),
(1188,3,'Record identifier'),
(1188,4,'Aufzeichnungsbezeichner'),
(1188,5,'Identyfikator rekordu'),
(1197,1,'Редактировать следующую запись'),
(1197,2,'Редагувати наступний запис'),
(1197,3,'Edit next entry'),
(1197,4,'Bearbeite den nächsten Eintrag.'),
(1197,5,'Edytuj następny wpis'),
(1198,1,'Редактировать предыдущую запись'),
(1198,2,'Редагувати попередній запис'),
(1198,3,'Edit previous entry'),
(1198,4,'Vorherigen Eintrag bearbeiten'),
(1198,5,'Edytuj poprzedni wpis'),
(1199,1,'Да'),
(1199,2,'Так'),
(1199,3,'Yes'),
(1199,4,'Ja'),
(1199,5,'Tak'),
(1200,1,'Нет'),
(1200,2,'Ні'),
(1200,3,'No'),
(1200,4,'Nein'),
(1200,5,'Nie'),
(1201,1,'Конструктор форм: форма'),
(1201,2,'Конструктор форм: форма'),
(1201,3,'Form constructor: form'),
(1201,4,'Formular-Builder: Formular'),
(1201,5,'Konstruktor formularzy: formularz'),
(1202,1,'Конструктор форм: редактор'),
(1202,2,'Конструктор форм: редактор'),
(1202,3,'Form constructor: editor'),
(1202,4,'Formular-Generator: Editor'),
(1202,5,'Konstruktor formularzy: edytor'),
(1203,1,'Конструктор форм: результаты'),
(1203,2,'Конструктор форм: результати'),
(1203,3,'Form constructor: results'),
(1203,4,'Formularersteller: Ergebnisse'),
(1203,5,'Konstruktor formularza: wyniki'),
(1204,1,'XML-код блока'),
(1204,2,'XML-код блока'),
(1204,3,'Block XML code'),
(1204,4,'Block XML-Code'),
(1204,5,'Zablokuj kod XML'),
(1205,1,'Новый текстовый блок'),
(1205,2,'Новий текстовий блок'),
(1205,3,'New text block'),
(1205,4,'Neuer Textblock'),
(1205,5,'Nowy blok tekstu'),
(1206,1,'Параметры индексирования страницы (содержимое meta-тега robots)'),
(1206,2,'Параметри індексування сторінки (значення meta-тега robots)'),
(1206,3,'Page indexing parameters (contents of meta tag robots)'),
(1206,4,'Seitenindexierungsparameter (Inhalt des Meta-Tags Robots)'),
(1206,5,'Parametry indeksowania strony (zawartość tagu meta robots)'),
(1207,1,'Вставить embed код'),
(1207,2,'Вставити embed код'),
(1207,3,'Paste embedded code'),
(1207,4,'Fügen Sie den eingebetteten Code ein.'),
(1207,5,'Wklej kod osadzony'),
(1208,1,'Применить'),
(1208,2,'Применить'),
(1208,3,'Apply'),
(1208,4,'Anwenden'),
(1208,5,'Zastosuj'),
(1211,1,'Макет страницы:'),
(1211,2,'Макет сторінки:'),
(1211,3,'Page layout:'),
(1211,4,'Seitenlayout:'),
(1211,5,'Układ strony:'),
(1212,1,'Содержимое страницы:'),
(1212,2,'Вміст сторінки:'),
(1212,3,'Page content:'),
(1212,4,'Seiteninhalt:'),
(1212,5,'Sure, please provide the text you would like to have translated into Polish.'),
(1213,1,'Действие:'),
(1213,2,'Дія:'),
(1213,3,'Action:'),
(1213,4,'Aktion:'),
(1213,5,'Akcja:'),
(1214,1,'Сохранить только для этой страницы'),
(1214,2,'Зберегти для поточної'),
(1214,3,'Save only for this page'),
(1214,4,'Nur für diese Seite speichern'),
(1214,5,'Zapisz tylko na tej stronie'),
(1215,1,'Сохранить как новое'),
(1215,2,'Зберегти як нове'),
(1215,3,'Save as new'),
(1215,4,'Als Neu speichern'),
(1215,5,'Zapisz jako nowy'),
(1216,1,'Сохранить в текущем шаблоне'),
(1216,2,'Збререгти в шаблоні сторінки'),
(1216,3,'Save in the current template'),
(1216,4,'Speichern im aktuellen Template'),
(1216,5,'Zapisz w bieżącym szablonie'),
(1219,1,'Начать заново'),
(1219,2,'Зіграти ще раз'),
(1219,3,'Start from the beginning'),
(1219,4,'Fang von vorne an.'),
(1219,5,'Zacznij od początku'),
(1221,1,'Только один'),
(1221,2,'Тілько єден'),
(1221,3,'Only one'),
(1221,4,'Nur eins'),
(1221,5,'Tylko jeden'),
(1225,1,'<a class=\"btn_save\" href=\"#\"></a>\n<script type=\"text/javascript\">\nGameResults = {\n\'score\':%s,\n\'time\':%s,\n\'saveURL\':\'%s\',\n\'restartURL\':\'%s\'\n}\n</script>\n<a class=\"btn_again\" href=\"#\"></a>'),
(1225,2,'<a class=\"btn_save\" href=\"#\"></a>\n<script type=\"text/javascript\">\nGameResults = {\n\'score\':%s,\n\'time\':%s,\n\'saveURL\':\'%s\',\n\'restartURL\':\'%s\'\n}\n</script>\n<a class=\"btn_again\" href=\"#\"></a>'),
(1225,3,'<a class=\"btn_save\" href=\"#\"></a>\n<script type=\"text/javascript\">\nGameResults = {\n\'score\':%s,\n\'time\':%s,\n\'saveURL\':\'%s\',\n\'restartURL\':\'%s\'\n}\n</script>\n<a class=\"btn_again\" href=\"#\"></a>'),
(1225,4,'<a class=\"btn_save\" href=\"#\"></a> \n<script type=\"text/javascript\">\n\nSpielErgebnisse = {\n\'punkte\':%s,\n\'zeit\':%s,\n\'speicherURL\':\'%s\',\n\'neustartURL\':\'%s\'\n}\n</script> <a class=\"btn_again\" href=\"#\"></a>'),
(1225,5,'<a class=\"btn_save\" href=\"#\"></a> \n<script type=\"text/javascript\">\n\nGameResults = {\n\'score\':%s,\n\'time\':%s,\n\'saveURL\':\'%s\',\n\'restartURL\':\'%s\'\n}\n</script> <a class=\"btn_again\" href=\"#\"></a>'),
(1226,1,'Подпроект'),
(1226,2,'Підпроект'),
(1226,3,'Subproject'),
(1226,4,'Teilprojekt'),
(1226,5,'Podprojekt'),
(1228,1,'Всего'),
(1228,2,'Всього'),
(1228,3,'Total'),
(1228,4,'Gesamt'),
(1228,5,'Całkowity'),
(1229,1,'Редактор брендирования'),
(1229,2,'Редактор брендування'),
(1229,3,'Branding editor'),
(1229,4,'Branding-Editor'),
(1229,5,'Edytor marki'),
(1230,1,'Название брендирования'),
(1230,2,'Назва брендування'),
(1230,3,'Branding name'),
(1230,4,'Markenname'),
(1230,5,'Nazwa marki'),
(1231,1,'Фоновое изображение'),
(1231,2,'Фонове зображення'),
(1231,3,'Background image'),
(1231,4,'Hintergrundbild'),
(1231,5,'Obraz tła'),
(1232,1,'Цвет фона (шестнадцатеричный код, например #c0c0c0)'),
(1232,2,'Колір фону (шістнадцятковий код, наприклад #c0c0c0)'),
(1232,3,'Background color (hexadecimal code, for example #c0c0c0)'),
(1232,4,'Hintergrundfarbe (hexadezimaler Code, zum Beispiel #c0c0c0)'),
(1232,5,'Kolor tła (kod szesnastkowy, na przykład #c0c0c0)'),
(1233,1,'CSS-правило, задающее поведение фонового изображения (например, center top no-repeat)'),
(1233,2,'CSS-правило, що задає поведінку фонового зображення (наприклад, center top no-repeat)'),
(1233,3,'CSS-rule, setting the background image actions (for example, center top no-repeat)'),
(1233,4,'CSS-Regel, die die Hintergrundbildaktionen festlegt (zum Beispiel, zentriert oben, kein Wiederholen)'),
(1233,5,'Reguła CSS, ustawiająca tło obrazka (na przykład, środek górny no-repeat)'),
(1234,1,'Минимальная высота блока с фоновым изображением'),
(1234,2,'Мінімальна висота блоку з фоновим зображенням'),
(1234,3,'Minimal height of the background image block'),
(1234,4,'Minimale Höhe des Hintergrundbildblocks'),
(1234,5,'Minimalna wysokość bloku tła obrazu'),
(1235,1,'Цветовая схема для страницы'),
(1235,2,'Колірна схема для сторінки'),
(1235,3,'Page color scheme'),
(1235,4,'Seitenfarbschema'),
(1235,5,'Schemat kolorów strony'),
(1236,1,'Брендирование'),
(1236,2,'Брендування'),
(1236,3,'Branding'),
(1236,4,'Branding'),
(1236,5,'Marka'),
(1239,1,'Время'),
(1239,2,'Час'),
(1239,3,'Time'),
(1239,4,'Zeit'),
(1239,5,'Czas'),
(1240,1,'Баллы'),
(1240,2,'Бали'),
(1240,3,'Points'),
(1240,4,'Punkte'),
(1240,5,'Punkty'),
(1243,1,'Широкая текстовая страница'),
(1243,2,'Широка текстова сторінка'),
(1243,3,'Wide text page'),
(1243,4,'Breite Textseite'),
(1243,5,'Szeroka strona tekstu'),
(1244,1,'Главная страница подпроекта'),
(1244,2,'Головна сторінка підпроекту'),
(1244,3,'Subproject main page'),
(1244,4,'Unterprojekt-Startseite'),
(1244,5,'Strona główna podprojektu'),
(1245,1,'Игра начата'),
(1245,2,'Гру почато'),
(1245,3,'The game has been started'),
(1245,4,'Das Spiel wurde gestartet.'),
(1245,5,'Gra została rozpoczęta.'),
(1246,1,'Время игры'),
(1246,2,'Час гри'),
(1246,3,'Time of the game'),
(1246,4,'Spielzeit'),
(1246,5,'Czas gry'),
(1247,1,'Набранные баллы'),
(1247,2,'Набрані бали'),
(1247,3,'Score'),
(1247,4,'Punktzahl'),
(1247,5,'Wynik'),
(1248,1,'Номер игры'),
(1248,2,'Номер гри'),
(1248,3,'Game number'),
(1248,4,'Spielnummer'),
(1248,5,'Numer gry'),
(1250,1,'Новости по тегу'),
(1250,2,'Новини по тегу'),
(1250,3,'News by tag'),
(1250,4,'Nachrichten nach Schlagwort'),
(1250,5,'Wiadomości według tagu'),
(1251,1,'Войти'),
(1251,2,'Увійти'),
(1251,3,'Login'),
(1251,4,'Einloggen'),
(1251,5,'Zaloguj się'),
(1252,1,'Зарегистрироваться'),
(1252,2,'Зареєструватися'),
(1252,3,'Register'),
(1252,4,'Registrieren'),
(1252,5,'Zarejestruj się'),
(1253,1,'Зарегистрироваться'),
(1253,2,'Зареєструватися'),
(1253,3,'Register'),
(1253,4,'Registrieren'),
(1253,5,'Zarejestruj się'),
(1254,1,'Авторизация / Регистрация'),
(1254,2,'Авторізація / Реєстрація'),
(1254,3,'Authorization/Registration'),
(1254,4,'Autorisierung/Registrierung'),
(1254,5,'Autoryzacja/Rejestracja'),
(1255,1,'Последние новости'),
(1255,2,'Останні новини'),
(1255,3,'Latest news'),
(1255,4,'Neueste Nachrichten'),
(1255,5,'Najnowsze wiadomości'),
(1259,1,'Нет ни одной записи.'),
(1259,2,'Немає жодного запису.'),
(1259,3,'There are no records'),
(1259,4,'Es gibt keine Aufzeichnungen.'),
(1259,5,'Nie ma zapisów'),
(1260,1,'Имя сотрудника'),
(1260,2,'І\'мя співробітника'),
(1260,3,'Employee name'),
(1260,4,'Mitarbeitername'),
(1260,5,'Nazwa pracownika'),
(1261,1,'Краткая информация о сотруднике'),
(1261,2,'Коротка інформація про співробітника'),
(1261,3,'Short information about an employee'),
(1261,4,'Kurze Informationen über einen Mitarbeiter'),
(1261,5,'Krótka informacja o pracowniku'),
(1262,1,'Полная информация о сотруднике'),
(1262,2,'Повна інформація про співробітника'),
(1262,3,'Full information about an emplyee'),
(1262,4,'Vollständige Informationen über einen Mitarbeiter'),
(1262,5,'Pełne informacje o pracowniku'),
(1263,1,'Список сотрудников'),
(1263,2,'Список співробітників'),
(1263,3,'Staff list'),
(1263,4,'Mitarbeiterliste'),
(1263,5,'Lista pracowników'),
(1264,1,'Должность сотрудника'),
(1264,2,'Посада співробітника'),
(1264,3,'Employee position'),
(1264,4,'Mitarbeiterposition'),
(1264,5,'Stanowisko pracownika'),
(1265,1,'Ответ правильный'),
(1265,2,'правильна відповідь'),
(1265,3,'Correct answer'),
(1265,4,'Richtige Antwort'),
(1265,5,'Poprawna odpowiedź'),
(1266,1,'Ответы'),
(1266,2,'Відповіді'),
(1266,3,'Replies'),
(1266,4,'Antworten'),
(1266,5,'Odpowiedzi'),
(1267,1,'Фото вопроса(обрезанное)'),
(1267,2,'Фото питання(обрізане)'),
(1267,3,'Photo of the question (cropped)'),
(1267,4,'Foto der Frage (beschnitten)'),
(1267,5,'Zdjęcie pytania (przycięte)'),
(1268,1,'Фото ответа(полное) 212х280'),
(1268,2,'Фото відповіді(повне) 212х280'),
(1268,3,'Photo of the question (full size) 212х280'),
(1268,4,'Foto der Frage (Vollgröße) 212x280'),
(1268,5,'Zdjęcie pytania (pełny rozmiar) 212x280'),
(1269,1,'Изображение'),
(1269,2,'Зображення'),
(1269,3,'Image'),
(1269,4,'Bild'),
(1269,5,'Obraz'),
(1270,1,'Ответы'),
(1270,2,'Відповіді'),
(1270,3,'Answers'),
(1270,4,'Antworten'),
(1270,5,'Odpowiedzi'),
(1271,1,'Редактор вопросов'),
(1271,2,'Редактор питань'),
(1271,3,'Question editor'),
(1271,4,'Frageneditor'),
(1271,5,'Edytor pytań'),
(1272,1,'Цена вопроса'),
(1272,2,'Ціна питання'),
(1272,3,'Issue price'),
(1272,4,'Ausgabepreis'),
(1272,5,'Cena emisyjna'),
(1273,1,'Текст'),
(1273,2,'Текст'),
(1273,3,'Text'),
(1273,4,'Bitte geben Sie den zu übersetzenden Text an.'),
(1273,5,'Please provide the text you would like to have translated into Polish.'),
(1274,1,'Ведущие'),
(1274,2,'Ведучі'),
(1274,3,'Presenters'),
(1274,4,'Präsentatoren'),
(1274,5,'Prezentujący'),
(1275,1,'Все ведущие'),
(1275,2,'Всі ведучі'),
(1275,3,'All presenters'),
(1275,4,'Alle Referenten'),
(1275,5,'Wszyscy prezenterzy'),
(1276,1,'Список менеджеров'),
(1276,2,'Список менеджерів'),
(1276,3,'Manager list'),
(1276,4,'Managerliste'),
(1276,5,'Lista menedżerów'),
(1277,1,'Топ-менеджмент'),
(1277,2,'Топ-менеджмент'),
(1277,3,'Top management'),
(1277,4,'Obere Führungskräfte'),
(1277,5,'Zarząd najwyższego szczebla'),
(1278,1,'Весь топ-менеджмент'),
(1278,2,'Весь топ-менеджмент'),
(1278,3,'All top managers'),
(1278,4,'Alle Top-Manager'),
(1278,5,'Wszyscy najwyżsi menedżerowie'),
(1279,1,'Редактор брендирования'),
(1279,2,'Редактор брендування'),
(1279,3,'Branding editor'),
(1279,4,'Branding-Redakteur'),
(1279,5,'Edytor marki'),
(1282,1,'Список новостей подпроекта'),
(1282,2,'Список новин підпроекту'),
(1282,3,'Subproject news list'),
(1282,4,'Unterprojekt Nachrichtenliste'),
(1282,5,'Lista wiadomości z podprojektu'),
(1283,1,'Текстовая страница подпроекта'),
(1283,2,'Текстова сторінка підпроекту'),
(1283,3,'Subproject text page'),
(1283,4,'Teilprojekt-Textseite'),
(1283,5,'Podstrona tekstu podprojektu'),
(1284,1,'Широкая текстовая страница подпроекта'),
(1284,2,'Широка текстова сторінка підпроекту'),
(1284,3,'Subproject wide text page'),
(1284,4,'Teilprojektweite Textseite'),
(1284,5,'Podstrona tekstowa projektu szerokiego'),
(1285,1,'Телефон'),
(1285,2,'Телефон'),
(1285,3,'Telephone'),
(1285,4,'Telefon'),
(1285,5,'Telefon'),
(1286,1,'<p>Здравствуйте, $name.<br>\nВы были зарегистрированы на сайте.</p>\n<p>Ваш логин: $login<br>\nПароль: $password</p>'),
(1286,2,'<p>Здравствуйте, $name.<br>\nВы были зарегистрированы на сайте.</p>\n<p>Ваш логин: $login<br>\nПароль: $password</p>\n</div>'),
(1286,3,'<p>Hello, $name.<br>\nYou have been registered on the website.</p>\n<p>Your login: $login<br>\nPassword: $password</p>'),
(1286,4,'<p>Hallo, $name.<br>\nSie wurden auf der Website registriert.</p>\n<p>Ihr Login: $login<br>\nPasswort: $password</p>'),
(1286,5,'<p>Witaj, $name.<br>\nZostałeś zarejestrowany na stronie internetowej.</p>\n<p>Twoje logowanie: $login<br>\nHasło: $password</p>'),
(1287,1,'Удалить'),
(1287,2,'Видалити'),
(1287,3,'Delete'),
(1287,4,'Artikel löschen'),
(1287,5,'Usuń artykuł'),
(1288,1,'Добавить'),
(1288,2,'Додати'),
(1288,3,'Add'),
(1288,4,'Artikel hinzufügen'),
(1288,5,'Dodaj artykuł'),
(1289,1,'Редактировать'),
(1289,2,'Редагувати'),
(1289,3,'Edit'),
(1289,4,'Bearbeiten'),
(1289,5,'Edytować'),
(1290,1,'Добавить сотрудника'),
(1290,2,'Додати співробітника'),
(1290,3,'Add staff'),
(1290,4,'Mitarbeiter hinzufügen'),
(1290,5,'Dodaj pracowników'),
(1291,1,'Редактировать сотрудника'),
(1291,2,'Редагувати співробітника'),
(1291,3,'Edit staff'),
(1291,4,'Mitarbeiter bearbeiten'),
(1291,5,'Edytuj personel'),
(1292,1,'Удалить сотрудника'),
(1292,2,'Видалити співробітника'),
(1292,3,'Delete staff'),
(1292,4,'Mitarbeiter löschen'),
(1292,5,'Usuń pracowników'),
(1293,1,'Тема сообщения:'),
(1293,2,'Тема повiдомлення:'),
(1293,3,'Message topic:'),
(1293,4,'Nachrichtenthema:'),
(1293,5,'Temat wiadomości:'),
(1294,1,'Адрес получателя'),
(1294,2,'Адреса отримувача'),
(1294,3,'Recipient\'s address'),
(1294,4,'Empfängeradresse'),
(1294,5,'Adres odbiorcy'),
(1295,1,'Название получателя'),
(1295,2,'Назва отримувача'),
(1295,3,'Recipient\'s name'),
(1295,4,'Empfängername'),
(1295,5,'Nazwa odbiorcy'),
(1296,1,'Кому'),
(1296,2,'Кому'),
(1296,3,'Who to'),
(1296,4,'Wer zu'),
(1296,5,'Kto do'),
(1297,1,'Имя проекта'),
(1297,2,'Имя проекта'),
(1297,3,'Project name'),
(1297,4,'Projektname'),
(1297,5,'Nazwa projektu'),
(1300,1,'из архива'),
(1300,2,'з архіву'),
(1300,3,'from the archive'),
(1300,4,'aus dem Archiv'),
(1300,5,'z archiwum'),
(1301,1,'Все сотрудники'),
(1301,2,'Всі співробітники'),
(1301,3,'All staff'),
(1301,4,'Alle Mitarbeiter'),
(1301,5,'Cały personel'),
(1303,1,'Все'),
(1303,2,'Всі'),
(1303,3,'All'),
(1303,4,'Alle'),
(1303,5,'Wszystko'),
(1304,1,'RSS'),
(1304,2,'RSS'),
(1304,3,'RSS'),
(1304,4,'RSS'),
(1304,5,'RSS'),
(1305,1,'Теги'),
(1305,2,'Теги'),
(1305,3,'Tags'),
(1305,4,'Tags'),
(1305,5,'Tagi'),
(1307,1,'Сериалы'),
(1307,2,'Серіали'),
(1307,3,'TV series'),
(1307,4,'TV-Serien'),
(1307,5,'seriale telewizyjne'),
(1308,1,'Фильмы'),
(1308,2,'Фільми'),
(1308,3,'Movies'),
(1308,4,'Filme'),
(1308,5,'Filmy'),
(1310,1,'Архив сериалов'),
(1310,2,'Архів серіалів'),
(1310,3,'TV series archive'),
(1310,4,'TV-Serienarchiv'),
(1310,5,'Archiwum seriali telewizyjnych'),
(1311,1,'Архив фильмов'),
(1311,2,'Архів фільмів'),
(1311,3,'Movie archive'),
(1311,4,'Filmarchiv'),
(1311,5,'Archiwum filmowe'),
(1325,1,'Сотрудники'),
(1325,2,'Співробітники'),
(1325,3,'Staff'),
(1325,4,'Personal'),
(1325,5,'Personel'),
(1326,1,'Список ведущих'),
(1326,2,'Список ведучих'),
(1326,3,'Presenter list'),
(1326,4,'Referentenliste'),
(1326,5,'Lista prezenterów'),
(1327,1,'О компании'),
(1327,2,'Про компанію'),
(1327,3,'About us'),
(1327,4,'Über uns'),
(1327,5,'O nas'),
(1329,1,'Пн'),
(1329,2,'Пн'),
(1329,3,'Mon'),
(1329,4,'Mo'),
(1329,5,'Pon'),
(1330,1,'Вт'),
(1330,2,'Вт'),
(1330,3,'Tue'),
(1330,4,'Tue'),
(1330,5,'Wtorek'),
(1331,1,'Ср'),
(1331,2,'Ср'),
(1331,3,'Wed'),
(1331,4,'Mittwoch'),
(1331,5,'Śr'),
(1332,1,'Чт'),
(1332,2,'Чт'),
(1332,3,'Thu'),
(1332,4,'Donnerstag'),
(1332,5,'Czw'),
(1333,1,'Пт'),
(1333,2,'Пт'),
(1333,3,'Fri'),
(1333,4,'Freitag'),
(1333,5,'piątek'),
(1334,1,'Сб'),
(1334,2,'Сб'),
(1334,3,'Sat'),
(1334,4,'Samstag'),
(1334,5,'Sobota'),
(1335,1,'Вс'),
(1335,2,'Вс'),
(1335,3,'Sun'),
(1335,4,'Sonne'),
(1335,5,'Słońce'),
(1338,1,'Сообщество'),
(1338,2,'Співтовариство'),
(1338,3,'Community'),
(1338,4,'Gemeinschaft'),
(1338,5,'Społeczność'),
(1340,1,'Фильмы'),
(1340,2,'Фільми'),
(1340,3,'Films'),
(1340,4,'Filme'),
(1340,5,'Filmy'),
(1341,1,'Сериалы'),
(1341,2,'Серіали'),
(1341,3,'TV series'),
(1341,4,'Fernsehserie'),
(1341,5,'serial telewizyjny'),
(1344,1,'Путь к файлу'),
(1344,2,'Шлях до файлу'),
(1344,3,'The path to the file'),
(1344,4,'Der Pfad zur Datei'),
(1344,5,'Ścieżka do pliku'),
(1345,1,'Имя файла'),
(1345,2,'Назва файлу'),
(1345,3,'File name'),
(1345,4,'Dateiname'),
(1345,5,'Nazwa pliku'),
(1346,1,'Загрузить'),
(1346,2,'Завантажити'),
(1346,3,'Upload'),
(1346,4,'Hochladen'),
(1346,5,'Prześlij'),
(1350,1,'Мета robots'),
(1350,2,'Мета robots'),
(1350,3,'Meta robots'),
(1350,4,'Meta-Roboter'),
(1350,5,'Meta roboty'),
(1351,1,'Домены'),
(1351,2,'Домени'),
(1351,3,'Domains'),
(1351,4,'Domains'),
(1351,5,'Domeny'),
(1352,1,'Редактор доменов'),
(1352,2,'Редактор доменів'),
(1352,3,'Domains editor'),
(1352,4,'Domains-Editor'),
(1352,5,'Edytor domen'),
(1353,1,'Протокол'),
(1353,2,'Протокол'),
(1353,3,'Protocol'),
(1353,4,'Protokoll'),
(1353,5,'Protokół'),
(1354,1,'Порт'),
(1354,2,'Порт'),
(1354,3,'Port'),
(1354,4,'Hafen'),
(1354,5,'Port'),
(1355,1,'Хост'),
(1355,2,'Хост'),
(1355,3,'Host'),
(1355,4,'Gastgeber'),
(1355,5,'Gospodarz'),
(1356,1,'Корень'),
(1356,2,'Корінь'),
(1356,3,'Root'),
(1356,4,'Wurzel'),
(1356,5,'Korzeń'),
(1357,1,'Статистика'),
(1357,2,'Статистика'),
(1357,3,'Statistics'),
(1357,4,'Statistik'),
(1357,5,'Statystyka'),
(1358,1,'Выбрать файл'),
(1358,2,'Обрати файл'),
(1358,3,'Choose file'),
(1358,4,'Datei wählen'),
(1358,5,'Wybierz plik'),
(1359,1,'Название категории'),
(1359,2,'Назва категорії'),
(1359,3,'Category name'),
(1359,4,'Kategoriename'),
(1359,5,'Nazwa kategorii'),
(1360,1,'Отображать категорию'),
(1360,2,'Відображати категорію'),
(1360,3,'Display category'),
(1360,4,'Anzeigekategorie'),
(1360,5,'Wyświetl kategorię'),
(1361,1,'Сегмент категории'),
(1361,2,'Сегмент категорії'),
(1361,3,'Category segment'),
(1361,4,'Kategorie Segment'),
(1361,5,'Kategoria segmentu'),
(1362,1,'Сегмент новости (будет выведен в URL новости вместо числового идентификатора)'),
(1362,2,'Сегмент новини (буде виведений в URL новини замість числового ідентифікатора)'),
(1362,3,'News segment (it will be displayed in the news URL instead of the numeric identifier)'),
(1362,4,'Nachrichtensegment (es wird in der Nachrichten-URL anstelle der numerischen Kennung angezeigt)'),
(1362,5,'Segment wiadomości'),
(1364,1,'Категория'),
(1364,2,'Категорія'),
(1364,3,'Category'),
(1364,4,'Kategorie'),
(1364,5,'Kategoria'),
(1365,1,'Публиковать новость'),
(1365,2,'Публікувати новину'),
(1365,3,'Publish news'),
(1365,4,'Nachrichten veröffentlichen'),
(1365,5,'Publikuj wiadomości'),
(1366,1,'Показывать присоединенное изображение в полном тексте новости'),
(1366,2,'Показувати приєднане зображення у повному тексті новини'),
(1366,3,'Show the attached message in the full text of the piece of news'),
(1366,4,'Zeigen Sie die angehängte Nachricht im vollständigen Text des Nachrichtenartikels.'),
(1366,5,'Pokaż załączoną wiadomość w pełnym tekście artykułu.'),
(1367,1,'Название раздела меню'),
(1367,2,'Назва розділу меню'),
(1367,3,'Menu subsection name'),
(1367,4,'Menüunterabschnittsname'),
(1367,5,'Nazwa podsekcji menu'),
(1368,1,'URL раздела меню'),
(1368,2,'URL розділу меню'),
(1368,3,'Menu subsection URL'),
(1368,4,'Menüunterabschnitt-URL'),
(1368,5,'URL podsekcji menu'),
(1369,1,'Подразделы'),
(1369,2,'Підрозділи'),
(1369,3,'Subsections'),
(1369,4,'Unterabschnitte'),
(1369,5,'Podsekcje'),
(1370,1,'Название подраздела меню'),
(1370,2,'Назва підрозділу меню'),
(1370,3,'Menu subsection name'),
(1370,4,'Menüunterseitenname'),
(1370,5,'Nazwa podsekcji menu'),
(1371,1,'URL подраздела меню'),
(1371,2,'URL підрозділу меню'),
(1371,3,'Menu subsection URL'),
(1371,4,'Menüunterabschnitt-URL'),
(1371,5,'URL podsekcji menu'),
(1372,1,'Название типа'),
(1372,2,'Назва типу'),
(1372,3,'Type name'),
(1372,4,'Geben Sie den Namen ein'),
(1372,5,'Wpisz nazwisko'),
(1375,1,'Редактировать'),
(1375,2,'Редагувати'),
(1375,3,'Edit'),
(1375,4,'Bearbeiten'),
(1375,5,'Edytuj'),
(1376,1,'Редактор анонсов'),
(1376,2,'Редактор анонсів'),
(1376,3,'Previews editor'),
(1376,4,'Vorschau-Editor'),
(1376,5,'Podgląd edytora'),
(1379,1,'Дата ТВ передачи'),
(1379,2,'Дата ТБ передачі'),
(1379,3,'TV show date'),
(1379,4,'TV-Show-Datum'),
(1379,5,'Data programu telewizyjnego'),
(1380,1,'Время ТВ передачи'),
(1380,2,'Час ТБ передачі'),
(1380,3,'TV show time'),
(1380,4,'Fernsehshow-Zeit'),
(1380,5,'Czas programu telewizyjnego'),
(1381,1,'Название ТВ передачи'),
(1381,2,'Назва ТБ передачі'),
(1381,3,'TV show name'),
(1381,4,'TV-Show-Name'),
(1381,5,'nazwa programu telewizyjnego'),
(1382,1,'Анонс ТВ передачи'),
(1382,2,'Анонс ТБ передачі'),
(1382,3,'TV show preview'),
(1382,4,'Vorschau auf die Fernsehsendung'),
(1382,5,'Zwiastun programu telewizyjnego'),
(1383,1,'Время ТВ передачи'),
(1383,2,'Час ТБ передачі'),
(1383,3,'TV show time'),
(1383,4,'Fernsehshow-Zeit'),
(1383,5,'Czas programu telewizyjnego'),
(1385,1,'Аггрегирующий раздел'),
(1385,2,'Агрегуючий розділ'),
(1385,3,'Aggregating section'),
(1385,4,'Aggregierungsabschnitt'),
(1385,5,'Sekcja agregowania'),
(1386,1,'Понедельник'),
(1386,2,'Понеділок'),
(1386,3,'Monday'),
(1386,4,'Montag'),
(1386,5,'Poniedziałek'),
(1387,1,'Вторник'),
(1387,2,'Вівторок'),
(1387,3,'Tuesday'),
(1387,4,'Dienstag'),
(1387,5,'Wtorek'),
(1388,1,'Среда'),
(1388,2,'Середа'),
(1388,3,'Wednesday'),
(1388,4,'Mittwoch'),
(1388,5,'środa'),
(1389,1,'Четверг'),
(1389,2,'Четвер'),
(1389,3,'Thursday'),
(1389,4,'Donnerstag'),
(1389,5,'Czwartek'),
(1390,1,'Пятница'),
(1390,2,'П\'ятниця'),
(1390,3,'Friday'),
(1390,4,'Freitag'),
(1390,5,'Piątek'),
(1391,1,'Суббота'),
(1391,2,'Субота'),
(1391,3,'Saturday'),
(1391,4,'Samstag'),
(1391,5,'Sobota'),
(1392,1,'Воскресенье'),
(1392,2,'Неділя'),
(1392,3,'Sunday'),
(1392,4,'Sonntag'),
(1392,5,'Niedziela'),
(1405,1,'АНОНС'),
(1405,2,'АНОНС'),
(1405,3,'Preview'),
(1405,4,'Vorschau'),
(1405,5,'Podgląd'),
(1406,1,'Понедельник'),
(1406,2,'Понеділок'),
(1406,3,'Monday'),
(1406,4,'Montag'),
(1406,5,'Poniedziałek'),
(1407,1,'Вторник'),
(1407,2,'Вівторок'),
(1407,3,'Tuesday'),
(1407,4,'Dienstag'),
(1407,5,'Wtorek'),
(1408,1,'Среда'),
(1408,2,'Середа'),
(1408,3,'Wednesday'),
(1408,4,'Mittwoch'),
(1408,5,'środa'),
(1409,1,'Четверг'),
(1409,2,'Четвер'),
(1409,3,'Thursday'),
(1409,4,'Donnerstag'),
(1409,5,'Czwartek'),
(1410,1,'Пятница'),
(1410,2,'П\'ятниця'),
(1410,3,'Friday'),
(1410,4,'Freitag'),
(1410,5,'Piątek'),
(1411,1,'Суббота'),
(1411,2,'Субота'),
(1411,3,'Saturday'),
(1411,4,'Samstag'),
(1411,5,'Sobota'),
(1412,1,'Воскресенье'),
(1412,2,'Неділя'),
(1412,3,'Sunday'),
(1412,4,'Sonntag'),
(1412,5,'Niedziela'),
(1425,1,'Редактировать фотогалерею'),
(1425,2,'Редагувати фотогалерею'),
(1425,3,'Edit photos'),
(1425,4,'Fotos bearbeiten'),
(1425,5,'Edytuj zdjęcia'),
(1426,1,'Публиковать фотогалерею'),
(1426,2,'Публікувати фотогалерею'),
(1426,3,'Publish photo'),
(1426,4,'Foto veröffentlichen'),
(1426,5,'Opublikuj zdjęcie'),
(1427,1,'Публиковать фотогалерею'),
(1427,2,'Публікувати фотогалерею'),
(1427,3,'Publish photo gallery'),
(1427,4,'Foto-Galerie veröffentlichen'),
(1427,5,'Opublikuj galerię zdjęć'),
(1428,1,'Публиковать фотогалерею начиная с этой даты'),
(1428,2,'Публікувати фотогалерею починаючи з цієї дати'),
(1428,3,'Publish photo gallery starting with this date'),
(1428,4,'Veröffentlichen Sie die Foto-Galerie ab diesem Datum.'),
(1428,5,'Opublikuj galerię zdjęć zaczynając od tej daty'),
(1429,1,'Фотогалерея'),
(1429,2,'Фотогалерея'),
(1429,3,'Photo gallery'),
(1429,4,'Fotogalerie'),
(1429,5,'Galeria zdjęć'),
(1430,1,'Боковая панель'),
(1430,2,'Бічна панель'),
(1430,3,'Sidebar'),
(1430,4,'Seitenleiste'),
(1430,5,'Pasek boczny'),
(1431,1,'Нет ни одной фотографии.'),
(1431,2,'Немає жодної фотографії.'),
(1431,3,'There are no photos'),
(1431,4,'Es gibt keine Fotos.'),
(1431,5,'Nie ma zdjęć'),
(1432,1,'Количество записей на странице'),
(1432,2,'Кількість записів на сторінці'),
(1432,3,'Number of posts on the page'),
(1432,4,'Anzahl der Beiträge auf der Seite'),
(1432,5,'Liczba postów na stronie'),
(1433,1,'Выводить календарь'),
(1433,2,'Виводити календар'),
(1433,3,'Display calendar'),
(1433,4,'Kalender anzeigen'),
(1433,5,'Wyświetl kalendarz'),
(1434,1,'Активный компонент'),
(1434,2,'Активний компонент'),
(1434,3,'Active component'),
(1434,4,'Aktives Element'),
(1434,5,'Aktywny składnik'),
(1435,1,'Порядок сортировки'),
(1435,2,'Порядок сортування'),
(1435,3,'Sorting order'),
(1435,4,'Sortierreihenfolge'),
(1435,5,'Kolejność sortowania'),
(1436,1,'Вывод зависит от состояния компонента'),
(1436,2,'Вивід залежить від стану компоненту'),
(1436,3,'The conclusion depends on the state of the component'),
(1436,4,'Die Schlussfolgerung hängt vom Zustand der Komponente ab.'),
(1436,5,'Wniosek zależy od stanu komponentu.'),
(1437,1,'6. 1. Фотогалерея'),
(1437,2,'6. 1. Фотогалерея'),
(1437,3,'6. 1. Gallery'),
(1437,4,'Fotogalerie'),
(1437,5,'Galeria zdjęć'),
(1438,1,'Библиотека видео'),
(1438,2,'Бібліотека відео'),
(1438,3,'Video library'),
(1438,4,'Videothek'),
(1438,5,'Biblioteka wideo'),
(1440,1,'КАТЕГОРИИ'),
(1440,2,'КАТЕГОРІЇ'),
(1440,3,'Categories'),
(1440,4,'Kategorien'),
(1440,5,'Kategorie'),
(1441,1,'Библиотека видео'),
(1441,2,'Бібліотека відео'),
(1441,3,'Video library'),
(1441,4,'Videothek'),
(1441,5,'Biblioteka wideo'),
(1445,1,'Название жанра'),
(1445,2,'Назва жанру'),
(1445,3,'Genre name'),
(1445,4,'Genrebezeichnung'),
(1445,5,'Nazwa gatunku'),
(1446,1,'Компонент, содержащий список категорий'),
(1446,2,'Компонент, що містить список категорій'),
(1446,3,'A component that contains the list of categories'),
(1446,4,'Eine Komponente, die die Liste der Kategorien enthält.'),
(1446,5,'Komponent, który zawiera listę kategorii'),
(1447,1,'Привязан к компоненту'),
(1447,2,'Прив\'язаний до компоненту'),
(1447,3,'Bound to a component'),
(1447,4,'An ein Bauteil gebunden'),
(1447,5,'Przypisany do komponentu'),
(1448,1,'Новости за период'),
(1448,2,'Новини за період'),
(1448,3,'News for the period'),
(1448,4,'Nachrichten für den Zeitraum'),
(1448,5,'Wiadomości za okres'),
(1449,1,'Новости из категории'),
(1449,2,'Новини з категорії'),
(1449,3,'News from the category'),
(1449,4,'Nachrichten aus der Kategorie'),
(1449,5,'Aktualności z kategorii'),
(1450,1,'Жанр'),
(1450,2,'Жанр'),
(1450,3,'Genre'),
(1450,4,'Genre'),
(1450,5,'Gatunek'),
(1453,1,'Стандартный список'),
(1453,2,'Стандартний список'),
(1453,3,'Standard list'),
(1453,4,'Standardliste'),
(1453,5,'Standardowa lista'),
(1454,1,'Наши проекты'),
(1454,2,'Наші проекти'),
(1454,3,'Our projects'),
(1454,4,'Unsere Projekte'),
(1454,5,'Nasze projekty'),
(1455,1,'Популярное видео'),
(1455,2,'Популярне відео'),
(1455,3,'Popular video'),
(1455,4,'Beliebtes Video'),
(1455,5,'Popularne wideo'),
(1456,1,'Выйти'),
(1456,2,'Вийти'),
(1456,3,'Log out'),
(1456,4,'Abmelden'),
(1456,5,'Wyloguj się'),
(1457,1,'Онлайн'),
(1457,2,'Онлайн'),
(1457,3,'Online'),
(1457,4,'Online'),
(1457,5,'Online'),
(1458,1,'Профайл'),
(1458,2,'Профайл'),
(1458,3,'Profile'),
(1458,4,'Profil'),
(1458,5,'Profil'),
(1459,1,'Видео'),
(1459,2,'Видео'),
(1459,3,'Video'),
(1459,4,'Video'),
(1459,5,'Wideo'),
(1461,1,'Печатная версия'),
(1461,2,'Друкована версія'),
(1461,3,'Printed version'),
(1461,4,'Gedruckte Version'),
(1461,5,'Wersja drukowana'),
(1462,1,'Онлайн ТВ'),
(1462,2,'Онлайн ТБ'),
(1462,3,'Online TV'),
(1462,4,'Online-Fernsehen'),
(1462,5,'Telewizja internetowa'),
(1463,1,'Отправить сообщение'),
(1463,2,'Відправити повідомлення'),
(1463,3,'Send message'),
(1463,4,'Nachricht senden'),
(1463,5,'Wyślij wiadomość'),
(1464,1,'Баннер 1 (вверху)'),
(1464,2,'Банер 1 (вгорі)'),
(1464,3,'Banner 1 (at the top)'),
(1464,4,'Banner 1 (oben)'),
(1464,5,'Baner 1 (u góry)'),
(1465,1,'Баннер 2 (справа)'),
(1465,2,'Банер 2 (справа)'),
(1465,3,'Banner 2 (on the right)'),
(1465,4,'Banner 2 (rechts)'),
(1465,5,'Baner 2 (po prawej)'),
(1466,1,'Смотреть онлайн'),
(1466,2,'Дивитись онлайн'),
(1466,3,'Watch online'),
(1466,4,'Online ansehen'),
(1466,5,'Oglądaj online'),
(1467,1,'Наши проекты:'),
(1467,2,'Наші проекти:'),
(1467,3,'Our projects:'),
(1467,4,'Unsere Projekte:'),
(1467,5,'Nasze projekty:'),
(1468,1,'Логотип сайта'),
(1468,2,'Логотип сайту'),
(1468,3,'Site logo'),
(1468,4,'Seitenlogo'),
(1468,5,'Logo strony'),
(1469,1,'ФИО топ-менеджера'),
(1469,2,'ПІБ топ-менеджера'),
(1469,3,'Top manger\'s full name'),
(1469,4,'Vollständiger Name des Top-Managers'),
(1469,5,'Pełne imię i nazwisko top menedżera'),
(1470,1,'Занимаемая должность'),
(1470,2,'Посада топ-менеджера'),
(1470,3,'Position'),
(1470,4,'Position'),
(1470,5,'Pozycja'),
(1471,1,'Цитата топ-менеджера'),
(1471,2,'Цитата топ-менеджера'),
(1471,3,'Top manager\'s quote'),
(1471,4,'Zitat eines Top-Managers'),
(1471,5,'Cytat menedżera wyższego szczebla'),
(1472,1,'Короткое описание'),
(1472,2,'Короткий опис'),
(1472,3,'Short description'),
(1472,4,'Kurze Beschreibung'),
(1472,5,'Krótki opis'),
(1473,1,'Полное описание'),
(1473,2,'Повний опис'),
(1473,3,'Full description'),
(1473,4,'Vollständige Beschreibung'),
(1473,5,'Pełny opis'),
(1474,1,'Топ-менеджмент'),
(1474,2,'Топ-менеджмент'),
(1474,3,'Top management'),
(1474,4,'Obere Führungsebene'),
(1474,5,'Zarząd wyższego szczebla'),
(1475,1,'подробно'),
(1475,2,'детально'),
(1475,3,'detailed'),
(1475,4,'detailliert'),
(1475,5,'szczegółowy'),
(1476,1,'кратко'),
(1476,2,'коротко'),
(1476,3,'in short'),
(1476,4,'kurz gesagt'),
(1476,5,'krótko'),
(1477,1,'Сейчас в эфире'),
(1477,2,'Зараз в ефірі'),
(1477,3,'Currently on air'),
(1477,4,'Derzeit auf Sendung'),
(1477,5,'Obecnie na antenie'),
(1479,1,'ФИО ведущего'),
(1479,2,'ПІБ ведучого'),
(1479,3,'Anchor\'s full name'),
(1479,4,'Vollständiger Name des Ankers'),
(1479,5,'Pełne imię i nazwisko prowadzącego'),
(1480,1,'Занимаемая должность'),
(1480,2,'Посада'),
(1480,3,'Position'),
(1480,4,'Position'),
(1480,5,'Stanowisko'),
(1481,1,'Чт'),
(1481,2,'Чт'),
(1481,3,'Thu'),
(1481,4,'Donnerstag'),
(1481,5,'Czw'),
(1482,1,'Ср'),
(1482,2,'Ср'),
(1482,3,'Wed'),
(1482,4,'Mittwoch'),
(1482,5,'Śr.'),
(1483,1,'Вт'),
(1483,2,'Вт'),
(1483,3,'Tue'),
(1483,4,'Tue'),
(1483,5,'Wtorek'),
(1484,1,'Пн'),
(1484,2,'Пон'),
(1484,3,'Mon'),
(1484,4,'Monat'),
(1484,5,'Pon'),
(1485,1,'Пт'),
(1485,2,'Пт'),
(1485,3,'Fri'),
(1485,4,'Freitag'),
(1485,5,'Pt'),
(1486,1,'Сб'),
(1486,2,'Сб'),
(1486,3,'Sat'),
(1486,4,'Samstag'),
(1486,5,'Sobota'),
(1487,1,'Вс'),
(1487,2,'Вс'),
(1487,3,'Sun'),
(1487,4,'Sonne'),
(1487,5,'Słońce'),
(1488,1,'Позавчера'),
(1488,2,'Позавчора'),
(1488,3,'The day before yesterday'),
(1488,4,'vorgestern'),
(1488,5,'Przedwczoraj'),
(1489,1,'Цитата ведущего'),
(1489,2,'Цитата ведучого'),
(1489,3,'Anchor\'s quote'),
(1489,4,'Anker-Zitat'),
(1489,5,'Cytat kotwicy'),
(1490,1,'Короткое описание'),
(1490,2,'Короткий опис'),
(1490,3,'Short description'),
(1490,4,'Kurze Beschreibung'),
(1490,5,'Krótki opis'),
(1491,1,'Полное описание'),
(1491,2,'Повний опис'),
(1491,3,'Full description'),
(1491,4,'Vollständige Beschreibung'),
(1491,5,'Pełny opis'),
(1492,1,'Ведущие'),
(1492,2,'Ведучі'),
(1492,3,'Presenters'),
(1492,4,'Moderatoren'),
(1492,5,'Prezenterzy'),
(1495,1,'Сейчас в эфире'),
(1495,2,'Зараз в ефірі'),
(1495,3,'Currently on air'),
(1495,4,'Derzeit auf Sendung'),
(1495,5,'Obecnie na antenie'),
(1499,1,'за следующий месяц'),
(1499,2,'за наступний місяць'),
(1499,3,'for next month'),
(1499,4,'für nächsten Monat'),
(1499,5,'na następny miesiąc'),
(1500,1,'за предыдущий месяц'),
(1500,2,'за попередній місяць'),
(1500,3,'for last month'),
(1500,4,'für den letzten Monat'),
(1500,5,'za ostatni miesiąc'),
(1501,1,'Анонс передачи'),
(1501,2,'Анонс передачі'),
(1501,3,'Show preview'),
(1501,4,'Vorschau anzeigen'),
(1501,5,'Pokaż podgląd'),
(1502,1,'Копировать день'),
(1502,2,'Скопіювати день'),
(1502,3,'Copy day'),
(1502,4,'Kopiertag'),
(1502,5,'Kopiuj dzień'),
(1503,1,'Контактная информация'),
(1503,2,'Контактна інформація'),
(1503,3,'Contact information'),
(1503,4,'Kontaktinformationen'),
(1503,5,'Informacje kontaktowe'),
(1504,1,'Отправить сообщение'),
(1504,2,'Відправити повідомлення'),
(1504,3,'Send message'),
(1504,4,'Nachricht senden'),
(1504,5,'Wyślij wiadomość'),
(1506,1,'архив'),
(1506,2,'архів'),
(1506,3,'archive'),
(1506,4,'Archiv'),
(1506,5,'archiwum'),
(1508,1,'Открытые вакансии:'),
(1508,2,'Відкриті вакансії:'),
(1508,3,'Available vacancies:'),
(1508,4,'Verfügbare Stellenangebote:'),
(1508,5,'Dostępne oferty pracy:'),
(1510,1,'Выводить на главную'),
(1510,2,'Відображати на головній'),
(1510,3,'Show on main page'),
(1510,4,'Auf der Hauptseite anzeigen'),
(1510,5,'Pokaż na stronie głównej'),
(1512,1,'В какой день копировать'),
(1512,2,'В який день копіювати'),
(1512,3,'Which day to copy it to'),
(1512,4,'Welchen Tag soll ich es kopieren?'),
(1512,5,'Na który dzień to skopiować?'),
(1518,1,'Галлереи'),
(1518,2,'Галереї'),
(1518,3,'Galleries'),
(1518,4,'Galerien'),
(1518,5,'Galerie'),
(1522,1,'Похожее видео'),
(1522,2,'Схоже відео'),
(1522,3,'Similar video'),
(1522,4,'Ähnliches Video'),
(1522,5,'Podobne wideo'),
(1524,1,'О видео'),
(1524,2,'Про відео'),
(1524,3,'About the video'),
(1524,4,'Über das Video'),
(1524,5,'O filmie'),
(1528,1,'Описание'),
(1528,2,'Опис'),
(1528,3,'Description'),
(1528,4,'Beschreibung'),
(1528,5,'Opis'),
(1530,1,'Ваше имя:'),
(1530,2,'Ваше имя:'),
(1530,3,'Your name:'),
(1530,4,'Ihr Name:'),
(1530,5,'Twoje imię:'),
(1532,1,'Суть проблемы:'),
(1532,2,'Суть проблемы:'),
(1532,3,'Problem essence:'),
(1532,4,'Problemessenz:'),
(1532,5,'Istota problemu:'),
(1534,1,'Ваш адрес:'),
(1534,2,'Ваш адрес:'),
(1534,3,'Your address:'),
(1534,4,'Ihre Adresse:'),
(1534,5,'Twój adres:'),
(1536,1,'Область:'),
(1536,2,'Область:'),
(1536,3,'Region:'),
(1536,4,'Region:'),
(1536,5,'Region: Region'),
(1538,1,'Город:'),
(1538,2,'Город:'),
(1538,3,'City:'),
(1538,4,'Stadt:'),
(1538,5,'Miasto:'),
(1540,1,'Улица (желательно точный адрес):'),
(1540,2,'Улица (желательно точный адрес):'),
(1540,3,'Street (the exact address is desirable):'),
(1540,4,'Straße (die genaue Adresse ist wünschenswert):'),
(1540,5,'Ulica (dokładny adres jest pożądany):'),
(1544,1,'Адрес электронной почты:'),
(1544,2,'Адрес электронной почты:'),
(1544,3,'Email address:'),
(1544,4,'E-Mail-Adresse:'),
(1544,5,'Adres e-mail:'),
(1546,1,'Телефон:'),
(1546,2,'Телефон:'),
(1546,3,'Telephone:'),
(1546,4,'Telefon:'),
(1546,5,'Telefon:'),
(1548,1,'Ваше имя:'),
(1548,2,'Ваше имя:'),
(1548,3,'Your name:'),
(1548,4,'Ihr Name:'),
(1548,5,'Twoje imię:'),
(1550,1,'Вступление:'),
(1550,2,'Вступление:'),
(1550,3,'Introduction:'),
(1550,4,'Einführung:'),
(1550,5,'Wprowadzenie:'),
(1552,1,'Адрес электронной почты:'),
(1552,2,'Адрес электронной почты:'),
(1552,3,'Email address:'),
(1552,4,'E-Mail-Adresse:'),
(1552,5,'Adres e-mail:'),
(1554,1,'Телефон:'),
(1554,2,'Телефон:'),
(1554,3,'Telephone:'),
(1554,4,'Telefon:'),
(1554,5,'Telefon:'),
(1556,1,'Отправить резюме'),
(1556,2,'Отправить резюме'),
(1556,3,'Send resume'),
(1556,4,'Lebenslauf senden'),
(1556,5,'Wyślij CV'),
(1560,1,'Название'),
(1560,2,'Название'),
(1560,3,'Name'),
(1560,4,'Name'),
(1560,5,'Nazwa'),
(1564,1,'Дата'),
(1564,2,'Дата'),
(1564,3,'Date'),
(1564,4,'Datum'),
(1564,5,'Data'),
(1566,1,'<span class=\"mark\">**</span> На указанный Вами электронный адрес будет выслан автоматически созданный пароль'),
(1566,2,'<span class=\"mark\">**</span> На указанный Вами электронный адрес будет выслан автоматически созданный пароль'),
(1566,3,'<span class=\"mark\">**</span> A new password will be automatically sent to the email address you have provided'),
(1566,4,'Ein neues Passwort wird automatisch an die von Ihnen angegebene E-Mail-Adresse gesendet.'),
(1566,5,'Nowe hasło zostanie automatycznie wysłane na podany przez Ciebie adres e-mail.'),
(1568,1,'Пользователь с таким e-mail уже зарегистрирован.\nВойдите в систему под другим аккаунтом или зарегистрируйте новый аккаунт на другой e-mail.'),
(1568,2,'Пользователь с таким e-mail уже зарегистрирован.\nВойдите в систему под другим аккаунтом или зарегистрируйте новый аккаунт на другой e-mail.'),
(1568,3,'A user with this account name already exists.\nLog in with a different account or register a new account with a different email.'),
(1568,4,'Ein Benutzer mit diesem Kontonamen existiert bereits. Melden Sie sich mit einem anderen Konto an oder registrieren Sie ein neues Konto mit einer anderen E-Mail.'),
(1568,5,'Użytkownik o tej nazwie konta już istnieje. Zaloguj się na inne konto lub zarejestruj nowe konto z innym adresem email.'),
(1574,1,'очистить'),
(1574,2,'очистить'),
(1574,3,'clear'),
(1574,4,'löschen'),
(1574,5,'czysty'),
(1576,1,'Новый отзыв на сайте'),
(1576,2,'Новый отзыв на сайте'),
(1576,3,'New feedback on the website'),
(1576,4,'Neues Feedback auf der Website'),
(1576,5,'Nowa opinia na stronie internetowej'),
(1578,1,'Отклик на вакансию'),
(1578,2,'Відгук на вакансію'),
(1578,3,'Vacancy review'),
(1578,4,'Stellenangebot Überprüfung'),
(1578,5,'Przegląd oferty pracy'),
(1580,1,'Спасибо за Ваше желание сотрудничать! Ваше резюме будет обязательно рассмотрено.'),
(1580,2,'Спасибо за Ваше желание сотрудничать! Ваше резюме будет обязательно рассмотрено.'),
(1580,3,'Thank you for your wish to cooperate with us! Your resume will be reviewed shortly.'),
(1580,4,'Vielen Dank für Ihr Interesse an einer Zusammenarbeit mit uns! Ihr Lebenslauf wird in Kürze überprüft.'),
(1580,5,'Dziękujemy za chęć współpracy z nami! Twoje CV zostanie wkrótce przejrzane.'),
(1582,1,'Новый отклик на вакансию'),
(1582,2,'Новый отклик на вакансию'),
(1582,3,'New vacancy review'),
(1582,4,'Neue Stellenanzeige überprüfen'),
(1582,5,'Nowa recenzja wakatu'),
(1584,1,'Отклик можно просмотреть в разделе  \"Просмотр откликов на вакасии\" админ части системы.'),
(1584,2,'Отклик можно просмотреть в разделе  \"Просмотр откликов на вакасии\" админ части системы.'),
(1584,3,'The review can be seen in the section \'View vacancy reviews\' in the administrative section of the system.'),
(1584,4,'Die Bewertung kann im Abschnitt \'Bewertungen der Stellenangebote anzeigen\' im administrativen Bereich des Systems eingesehen werden.'),
(1584,5,'Recenzję można zobaczyć w sekcji \'Zobacz recenzje ofert pracy\' w administracyjnej części systemu.'),
(1586,1,'Дата:'),
(1586,2,'Дата:'),
(1586,3,'Date:'),
(1586,4,'Datum:'),
(1586,5,'Data:'),
(1588,1,'Вакансия'),
(1588,2,'Вакансия'),
(1588,3,'Vacancy'),
(1588,4,'Stelle'),
(1588,5,'Wolne stanowisko'),
(1590,1,'Список откликов'),
(1590,2,'Список откликов'),
(1590,3,'List of reviews'),
(1590,4,'Liste der Bewertungen'),
(1590,5,'Lista recenzji'),
(1592,1,'Файл резюме'),
(1592,2,'Файл резюме'),
(1592,3,'Resume file'),
(1592,4,'Lebenslauf-Datei'),
(1592,5,'Plik CV'),
(1594,1,'Альтернативное имя ссылки \"подробнее\"'),
(1594,2,'Альтернативное имя ссылки \"подробнее\"'),
(1594,3,'Alternative name for the link \'Read more\''),
(1594,4,'Alternativer Name für den Link \'Mehr lesen\''),
(1594,5,'Alternatywna nazwa dla linku \'Czytaj więcej\''),
(1598,1,'Уважаемый пользователь! \n<p>\nВаш пароль: $password\n</p>\n<p>\nПожалуйста, запомните или запишите этот пароль.\nПользуйтесь им  для авторизации на сайте.\n</p>'),
(1598,2,'Уважаемый пользователь! \n<p>\nВаш пароль: $password\n</p>\n<p>\nПожалуйста, запомните или запишите этот пароль.\nПользуйтесь им  для авторизации на сайте.\n</p>'),
(1598,3,'Dear user! \n<p>\nYour password: $password\n</p>\n<p>\nPlease remember or write down this password.\nUse it for the authorization on the site.\n</p>'),
(1598,4,'Lieber Benutzer!  \n<p>Ihr Passwort: $password</p>  \n<p>Bitte merken Sie sich dieses Passwort oder schreiben Sie es auf. Verwenden Sie es zur Autorisierung auf der Seite.</p>'),
(1598,5,'Drogi użytkowniku!  \n<p>Twoje hasło: $password</p>  \n<p>Proszę zapamiętać lub zapisać to hasło. Użyj go do autoryzacji na stronie.</p>'),
(1600,1,'Ссылка'),
(1600,2,'Посилання'),
(1600,3,'Link'),
(1600,4,'Link'),
(1600,5,'Link'),
(1601,1,'Файл'),
(1601,2,'Файл'),
(1601,3,'File'),
(1601,4,'Datei'),
(1601,5,'Plik'),
(1603,1,'Пользователь с таким почтовым ящиком уже существует.'),
(1603,2,'Пользователь с таким почтовым ящиком уже существует.'),
(1603,3,'A user with this email already exists'),
(1603,4,'Ein Benutzer mit dieser E-Mail-Adresse existiert bereits.'),
(1603,5,'Użytkownik z tym adresem e-mail już istnieje.'),
(1604,1,'популярные'),
(1604,2,'популярні'),
(1604,3,'Popular'),
(1604,4,'Beliebt'),
(1604,5,'Popularny'),
(1606,1,'Новые'),
(1606,2,'Нові'),
(1606,3,'New'),
(1606,4,'Neu'),
(1606,5,'Nowy'),
(1608,1,'все видео'),
(1608,2,'все відео'),
(1608,3,'all videos'),
(1608,4,'alle Videos'),
(1608,5,'wszystkie filmy'),
(1612,1,'<strong>Пн-Пт</strong> 7:00, 17:00, 19:00\n<br/><strong>Сб</strong> 19:00'),
(1612,2,'<strong>Пн-Пт</strong> 7:00, 17:00, 19:00\n<br/><strong>Сб</strong> 19:00'),
(1612,3,'<strong>Mon-Fri</strong> 7:00, 17:00, 19:00\n<br/><strong>Sat</strong> 19:00'),
(1612,4,'<strong>Mo-Fr</strong> 7:00, 17:00, 19:00<br>\n<strong>Sa</strong> 19:00'),
(1612,5,'<strong>Pon-Pt</strong> 7:00, 17:00, 19:00<br>\n<strong>Sob</strong> 19:00'),
(1614,1,'Саундтреки'),
(1614,2,'Саундтреки'),
(1614,3,'Soundtracks'),
(1614,4,'Soundtracks'),
(1614,5,'Ścieżki dźwiękowe'),
(1616,1,'Дата'),
(1616,2,'Дата'),
(1616,3,'Date'),
(1616,4,'Datum'),
(1616,5,'Data'),
(1618,1,'Файл'),
(1618,2,'Файл'),
(1618,3,'File'),
(1618,4,'Datei'),
(1618,5,'Plik'),
(1620,1,'Название'),
(1620,2,'Назва'),
(1620,3,'Name'),
(1620,4,'Name'),
(1620,5,'Nazwa'),
(1626,1,'Дата'),
(1626,2,'Дата'),
(1626,3,'Date'),
(1626,4,'Datum'),
(1626,5,'Data'),
(1628,1,'Список'),
(1628,2,'Список'),
(1628,3,'List'),
(1628,4,'Liste'),
(1628,5,'Lista'),
(1632,1,'Заглавие'),
(1632,2,'Заголовок'),
(1632,3,'Title'),
(1632,4,'Titel'),
(1632,5,'Tytuł'),
(1634,1,'Аннотация'),
(1634,2,'Анотація'),
(1634,3,'Annotation'),
(1634,4,'Annotation'),
(1634,5,'Adnotacja'),
(1636,1,'Описание'),
(1636,2,'Опис'),
(1636,3,'Description'),
(1636,4,'Beschreibung'),
(1636,5,'Opis'),
(1638,1,'Комментарии'),
(1638,2,'Комментарии'),
(1638,3,'Comments'),
(1638,4,'Kommentare'),
(1638,5,'Komentarze'),
(1640,1,'Нет комментариев'),
(1640,2,'Нет комментариев'),
(1640,3,'No comments'),
(1640,4,'Keine Kommentare'),
(1640,5,'Brak komentarzy'),
(1642,1,'Ответ'),
(1642,2,'Ответ'),
(1642,3,'Reply'),
(1642,4,'Antwort'),
(1642,5,'Odpowiedź'),
(1644,1,'Альтернативное изображение для таймлайна'),
(1644,2,'Альтернативное изображение для таймлайна'),
(1644,3,'Alternative timeline display'),
(1644,4,'Alternative Zeitachse Anzeige'),
(1644,5,'Alternatywne wyświetlanie osi czasu'),
(1648,1,'Тип выпуска'),
(1648,2,'Тип випуску'),
(1648,3,'Issue type'),
(1648,4,'Ausgabetyp'),
(1648,5,'Typ zgłoszenia'),
(1650,1,'Категория'),
(1650,2,'Категорія'),
(1650,3,'Category'),
(1650,4,'Kategorie'),
(1650,5,'Kategoria'),
(1672,1,'Дата голосования'),
(1672,2,'Дата голосування'),
(1672,3,'Voting date'),
(1672,4,'Wahltag'),
(1672,5,'Data głosowania'),
(1674,1,'Голосование активно'),
(1674,2,'Голосування активно'),
(1674,3,'Voting is active'),
(1674,4,'Die Abstimmung ist aktiv.'),
(1674,5,'Głosowanie jest aktywne'),
(1676,1,'Варианты ответов'),
(1676,2,'Варіанти відповідей'),
(1676,3,'Response options'),
(1676,4,'Antwortmöglichkeiten'),
(1676,5,'Opcje odpowiedzi'),
(1678,1,'Время'),
(1678,2,'Час'),
(1678,3,'Time'),
(1678,4,'Zeit'),
(1678,5,'Czas'),
(1680,1,'Тип выпуска'),
(1680,2,'Тип выпуску'),
(1680,3,'Issue type'),
(1680,4,'Ausgabetyp'),
(1680,5,'Typ zgłoszenia'),
(1682,1,'Категория выпуска'),
(1682,2,'Категорія выпуску'),
(1682,3,'Issue category'),
(1682,4,'Problematik Kategorie'),
(1682,5,'Kategoria problemu'),
(1684,1,'Блог ведущего'),
(1684,2,'Блог ведучого'),
(1684,3,'Presenter\'s blog'),
(1684,4,'Präsentator-Blog'),
(1684,5,'Blog prowadzącego'),
(1686,1,'Текстовый редактор блога'),
(1686,2,'Текстовий редактор блогу'),
(1686,3,'Blog text editor'),
(1686,4,'Blog-Texteditor'),
(1686,5,'Edytor tekstu bloga'),
(1688,1,'Дата'),
(1688,2,'Дата'),
(1688,3,'Date'),
(1688,4,'Datum'),
(1688,5,'Data'),
(1690,1,'Название'),
(1690,2,'Назва'),
(1690,3,'Name'),
(1690,4,'Name'),
(1690,5,'Nazwa'),
(1692,1,'Страна'),
(1692,2,'Країна'),
(1692,3,'Country'),
(1692,4,'Land'),
(1692,5,'Kraj'),
(1694,1,'Город'),
(1694,2,'Місто'),
(1694,3,'City'),
(1694,4,'Stadt'),
(1694,5,'Miasto'),
(1696,1,'Компания'),
(1696,2,'Компанія'),
(1696,3,'Company'),
(1696,4,'Unternehmen'),
(1696,5,'Firma'),
(1698,1,'Должность'),
(1698,2,'Посада'),
(1698,3,'Position'),
(1698,4,'Position'),
(1698,5,'Pozycja'),
(1700,1,'Имя'),
(1700,2,'Імя'),
(1700,3,'Name'),
(1700,4,'Name'),
(1700,5,'Nazwa'),
(1702,1,'Фамилия'),
(1702,2,'Фамілія'),
(1702,3,'Surname'),
(1702,4,'Nachname'),
(1702,5,'Nazwisko'),
(1704,1,'Редактор банера'),
(1704,2,'Редактор банера'),
(1704,3,'Banner editor'),
(1704,4,'Banner-Editor'),
(1704,5,'Edytor banerów'),
(1708,1,'Другие новости'),
(1708,2,'Інші новини'),
(1708,3,'Other news'),
(1708,4,'Andere Nachrichten'),
(1708,5,'Inne wiadomości'),
(1710,1,'Рекомендованное'),
(1710,2,'Рекомендовано'),
(1710,3,'Recommended'),
(1710,4,'Empfohlen'),
(1710,5,'Zalecane'),
(1712,1,'Популярное'),
(1712,2,'Популярне'),
(1712,3,'Popular'),
(1712,4,'Beliebt'),
(1712,5,'Popularny'),
(1714,1,'Обсуждаемое'),
(1714,2,'Обговорюване'),
(1714,3,'Discussed'),
(1714,4,'Diskutiert'),
(1714,5,'Omówiono'),
(1716,1,'Эксклюзивное'),
(1716,2,'Ексклюзивне'),
(1716,3,'Exclusive'),
(1716,4,'Exklusiv'),
(1716,5,'Ekskluzywny'),
(1722,1,'Все темы'),
(1722,2,'Усі теми'),
(1722,3,'All topics'),
(1722,4,'Alle Themen'),
(1722,5,'Wszystkie tematy'),
(1726,1,'Свернуть'),
(1726,2,'Свернуть'),
(1726,3,'Close'),
(1726,4,'Schließen'),
(1726,5,'Zamknij'),
(1728,1,'Развернуть все'),
(1728,2,'Развернуть все'),
(1728,3,'Expand all'),
(1728,4,'Alle erweitern'),
(1728,5,'Rozwiń wszystko'),
(1732,1,'Последнее в блогах'),
(1732,2,'Останнє в блогах'),
(1732,3,'Latest blogs'),
(1732,4,'Neueste Blogs'),
(1732,5,'Najnowsze blogi'),
(1740,1,'Всего проголосовало'),
(1740,2,'Всього проголосувало'),
(1740,3,'Total number of people who voted'),
(1740,4,'Gesamtzahl der Personen, die abgestimmt haben'),
(1740,5,'Łączna liczba osób, które zagłosowały'),
(1746,1,'Выводить ведущего'),
(1746,2,'Виводити ведучого'),
(1746,3,'Show anchor'),
(1746,4,'Anker anzeigen'),
(1746,5,'Pokaż kotwicę'),
(1748,1,'Войти'),
(1748,2,'Увійти'),
(1748,3,'Enter'),
(1748,4,'Eingabe'),
(1748,5,'Wejdź'),
(1750,1,'Также для входа вы можете использовать свою регистрацию в социальной сети'),
(1750,2,'Для того щоб увійти ви можете використати свій еккаунт у соц мережі'),
(1750,3,'You may use your social network registration to log in'),
(1750,4,'Sie können Ihre Registrierung im sozialen Netzwerk verwenden, um sich anzumelden.'),
(1750,5,'Możesz użyć rejestracji w swojej sieci społecznościowej, aby się zalogować.'),
(1752,1,'Архив выпусков'),
(1752,2,'Архів випусків'),
(1752,3,'Archive of issues'),
(1752,4,'Archiv der Ausgaben'),
(1752,5,'Archiwum numerów'),
(1756,1,'Код Гугл аналитикс'),
(1756,2,'Код Гугл Аналітікс'),
(1756,3,'Google analytics code'),
(1756,4,'Google Analytics-Code'),
(1756,5,'Kod Google Analytics'),
(1758,1,'Публиковать'),
(1758,2,'Публиковать'),
(1758,3,'Publish'),
(1758,4,'Veröffentlichen'),
(1758,5,'Opublikuj'),
(1764,1,'Тип баннера'),
(1764,2,'Тип баннера'),
(1764,3,'Banner type'),
(1764,4,'Banner-Typ'),
(1764,5,'Typ banera'),
(1766,1,'Скопировать'),
(1766,2,'Скопіювати'),
(1766,3,'Copy'),
(1766,4,'Kopieren'),
(1766,5,'Kopia'),
(1768,1,'Присоединить'),
(1768,2,'Приєднати'),
(1768,3,'Join'),
(1768,4,'Beitreten'),
(1768,5,'Dołącz'),
(1770,1,'Название'),
(1770,2,'Назва'),
(1770,3,'Name'),
(1770,4,'Name'),
(1770,5,'Nazwa'),
(1772,1,'Год выпуска'),
(1772,2,'Рік випуску'),
(1772,3,'Year of issue'),
(1772,4,'Jahr der Ausgabe'),
(1772,5,'Rok wydania'),
(1774,1,'Название(укр.)'),
(1774,2,'Назва(укр.)'),
(1774,3,'Name (Ukr)'),
(1774,4,'Name (Ukr)'),
(1774,5,'Nazwa (Ukr)'),
(1776,1,'Описание(рус.)'),
(1776,2,'Опис(рос.)'),
(1776,3,'Description (Rus)'),
(1776,4,'Beschreibung (Rus)'),
(1776,5,'Opis'),
(1778,1,'В ролях'),
(1778,2,'В ролях'),
(1778,3,'Cast'),
(1778,4,'Besetzung'),
(1778,5,'Obsada'),
(1780,1,'выпуск'),
(1780,2,'випуск'),
(1780,3,'issue'),
(1780,4,'Problem'),
(1780,5,'problem'),
(1790,1,'Завтра'),
(1790,2,'Завтра'),
(1790,3,'Tomorrow'),
(1790,4,'Morgen'),
(1790,5,'Jutro'),
(1792,1,'Послезавтра'),
(1792,2,'Післязавтра'),
(1792,3,'The day after tomorrow'),
(1792,4,'Übermorgen'),
(1792,5,'Pojutrze'),
(1794,1,'Текст'),
(1794,2,'Текст'),
(1794,3,'Text'),
(1794,4,'Bitte geben Sie den Text ein, den Sie übersetzen möchten.'),
(1794,5,'Please provide the text you would like me to translate into Polish.'),
(1796,1,'Дата'),
(1796,2,'Дата'),
(1796,3,'Date'),
(1796,4,'Datum'),
(1796,5,'Data'),
(1800,1,'Список премьер  на главной странице'),
(1800,2,'Спсиок прем\'єр на головній'),
(1800,3,'List of premieres on the main page'),
(1800,4,'Liste der Premieren auf der Hauptseite'),
(1800,5,'Lista premier na stronie głównej'),
(1802,1,'Все новости партнеров'),
(1802,2,'Все новости партнеров'),
(1802,3,'All partners\' news'),
(1802,4,'Alle Neuigkeiten der Partner'),
(1802,5,'Wszystkie wiadomości partnerów'),
(1804,1,'Январь'),
(1804,2,'Январь'),
(1804,3,'January'),
(1804,4,'Januar'),
(1804,5,'Styczeń'),
(1806,1,'Февраль'),
(1806,2,'Февраль'),
(1806,3,'February'),
(1806,4,'Februar'),
(1806,5,'luty'),
(1808,1,'Март'),
(1808,2,'Март'),
(1808,3,'March'),
(1808,4,'März'),
(1808,5,'Marzec'),
(1810,1,'Апрель'),
(1810,2,'Апрель'),
(1810,3,'April'),
(1810,4,'April'),
(1810,5,'Kwiecień'),
(1812,1,'Май'),
(1812,2,'Май'),
(1812,3,'May'),
(1812,4,'Mai'),
(1812,5,'Maj'),
(1814,1,'Июнь'),
(1814,2,'Июнь'),
(1814,3,'June'),
(1814,4,'Juni'),
(1814,5,'Czerwiec'),
(1816,1,'Июль'),
(1816,2,'Июль'),
(1816,3,'July'),
(1816,4,'Juli'),
(1816,5,'Lipiec'),
(1818,1,'Август'),
(1818,2,'Август'),
(1818,3,'August'),
(1818,4,'August'),
(1818,5,'sierpień'),
(1820,1,'Сентябрь'),
(1820,2,'Сентябрь'),
(1820,3,'September'),
(1820,4,'September'),
(1820,5,'Wrzesień'),
(1822,1,'Октябрь'),
(1822,2,'Октябрь'),
(1822,3,'October'),
(1822,4,'Oktober'),
(1822,5,'Październik'),
(1824,1,'Ноябрь'),
(1824,2,'Ноябрь'),
(1824,3,'November'),
(1824,4,'November'),
(1824,5,'Listopad'),
(1826,1,'Декабрь'),
(1826,2,'Декабрь'),
(1826,3,'December'),
(1826,4,'Dezember'),
(1826,5,'grudzień'),
(1838,1,'Изображение для списков (190х132)'),
(1838,2,'Изображение для списков (190х132)'),
(1838,3,'Image for lists (190х132)'),
(1838,4,'Bild für Listen (190x132)'),
(1838,5,'Obraz do list (190x132)'),
(1840,1,'Отображаемое изображение (190х192)'),
(1840,2,'Отображаемое изображение (190х192)'),
(1840,3,'Image shown (190х192)'),
(1840,4,'Bild angezeigt (190х192)'),
(1840,5,'Obraz pokazany (190x192)'),
(1842,1,'Изображение (48х48)'),
(1842,2,'Изображение (48х48)'),
(1842,3,'Image (48х48)'),
(1842,4,'Bild (48x48)'),
(1842,5,'Obraz (48x48)'),
(1844,1,'Маленькое изображение (100х70)'),
(1844,2,'Маленькое изображение (100х70)'),
(1844,3,'Small image (100х70)'),
(1844,4,'Kleinbild (100x70)'),
(1844,5,'Mały obrazek (100x70)'),
(1846,1,'Видео заглушка (450х360)'),
(1846,2,'Відео заглушка (450х360)'),
(1846,3,'Video plug (450х360)'),
(1846,4,'Videostecker (450x360)'),
(1846,5,'Wtyczka wideo (450x360)'),
(1888,1,'Файл'),
(1888,2,'Файл'),
(1888,3,'File'),
(1888,4,'Datei'),
(1888,5,'Plik'),
(1890,1,'Имя'),
(1890,2,'Імя'),
(1890,3,'Name'),
(1890,4,'Name'),
(1890,5,'Nazwa'),
(1896,1,'Подписаться'),
(1896,2,'Підписатися'),
(1896,3,'Subscribe'),
(1896,4,'Abonnieren'),
(1896,5,'Subskrybuj'),
(1898,1,'Фамилия'),
(1898,2,'Прізвище'),
(1898,3,'Surname'),
(1898,4,'Nachname'),
(1898,5,'Nazwisko'),
(1900,1,'Имя'),
(1900,2,'Ім\'я'),
(1900,3,'Name'),
(1900,4,'Name'),
(1900,5,'Nazwa'),
(1902,1,'Отчество'),
(1902,2,'По-батькові'),
(1902,3,'Patronymic'),
(1902,4,'Patronymikum'),
(1902,5,'Patronimiczne'),
(1904,1,'Дата рождения'),
(1904,2,'Дата народження'),
(1904,3,'Date of birth'),
(1904,4,'Geburtsdatum'),
(1904,5,'Data urodzenia'),
(1906,1,'Школа'),
(1906,2,'Школа'),
(1906,3,'School'),
(1906,4,'Schule'),
(1906,5,'Szkoła'),
(1908,1,'Номер класса'),
(1908,2,'Номер класу'),
(1908,3,'Class number'),
(1908,4,'Klassennummer'),
(1908,5,'Numer klasy'),
(1910,1,'Интересы, увлечения, таланты'),
(1910,2,'Інтереси, захоплення, таланти'),
(1910,3,'Interests, hobbies, talents'),
(1910,4,'Interessen, Hobbys, Talente'),
(1910,5,'Zainteresowania, hobby, talenty'),
(1912,1,'Страна'),
(1912,2,'Країна'),
(1912,3,'Country'),
(1912,4,'Land'),
(1912,5,'Kraj'),
(1914,1,'E-mail'),
(1914,2,'E-mail'),
(1914,3,'E-mail'),
(1914,4,'E-Mail'),
(1914,5,'E-mail'),
(1916,1,'Область'),
(1916,2,'Область'),
(1916,3,'Region'),
(1916,4,'Region'),
(1916,5,'Region'),
(1918,1,'Контактные телефоны'),
(1918,2,'Контактні телефони'),
(1918,3,'Contact telephone numbers'),
(1918,4,'Kontakttelefonnummern'),
(1918,5,'Numery telefonów kontaktowych'),
(1920,1,'Город'),
(1920,2,'Місто'),
(1920,3,'City'),
(1920,4,'Stadt'),
(1920,5,'Miasto'),
(1922,1,'Дата заявки'),
(1922,2,'Дата заявки'),
(1922,3,'Date of application'),
(1922,4,'Antragsdatum'),
(1922,5,'Data zgłoszenia'),
(1924,1,'(если вы указываете домашний номер телефона, обязательно укажите код города)'),
(1924,2,'(якщо ви вказуєте домашній номер телефону, обов\'язково вкажіть код міста)'),
(1924,3,'If you have given your landline phone number, be sure to indicate the code of the city/area'),
(1924,4,'Wenn Sie Ihre Festnetznummer angegeben haben, geben Sie bitte den Code der Stadt/des Gebiets an.'),
(1924,5,'Jeśli podałeś swój numer telefonu stacjonarnego, upewnij się, że wskazałeś kod miasta/regionu.'),
(1936,1,'Подписка на новости. Активация почтового ящика.'),
(1936,2,'Подписка на новости. Активация почтового ящика.'),
(1936,3,'News subscription. Mailbox activation'),
(1936,4,'Nachrichtensubscription. Postfachaktivierung'),
(1936,5,'Subskrypcja wiadomości. Aktywacja skrzynki pocztowej.'),
(1938,1,'Подписка на новости. Активация почтового ящика.'),
(1938,2,'Подписка на новости. Активация почтового ящика.'),
(1938,3,'News subscription. Mailbox activation'),
(1938,4,'Nachrichtensubscription. Aktivierung des Postfachs.'),
(1938,5,'Subskrypcja wiadomości. Aktywacja skrzynki pocztowej.'),
(1940,1,'Для активации пройдите по ссылке:\n%sverify-email/%s/'),
(1940,2,'Для активации пройдите по ссылке:\n%sverify-email/%s/'),
(1940,3,'For activation follow the link:\n%sverify-email/%s/'),
(1940,4,'Für die Aktivierung folgen Sie dem Link: %sverify-email/%s/'),
(1940,5,'Aby aktywować, kliknij w link: %sverify-email/%s/'),
(1942,1,'Такой почтовый ящик уже используется.'),
(1942,2,'Такой почтовый ящик уже используется.'),
(1942,3,'This email is already in use'),
(1942,4,'Diese E-Mail wird bereits verwendet.'),
(1942,5,'Ten adres e-mail jest już używany.'),
(1944,1,'Неправильный формат email адреса.'),
(1944,2,'Неправильный формат email адреса.'),
(1944,3,'Wrong email format'),
(1944,4,'Falsches E-Mail-Format'),
(1944,5,'Nieprawidłowy format e-maila'),
(1946,1,'Спасибо! Ваш адрес подтвержден.'),
(1946,2,'Спасибо! Ваш адрес подтвержден.'),
(1946,3,'Thank you! Your address has been confirmed.'),
(1946,4,'Danke! Ihre Adresse wurde bestätigt.'),
(1946,5,'Dziękuję! Twój adres został potwierdzony.'),
(1948,1,'Неправильный код.'),
(1948,2,'Неправильный код.'),
(1948,3,'Wrong code'),
(1948,4,'Falscher Code'),
(1948,5,'Błędny kod'),
(1950,1,'Email успешно добавлен'),
(1950,2,'Email успешно добавлен'),
(1950,3,'The email has been added successfully'),
(1950,4,'Die E-Mail wurde erfolgreich hinzugefügt.'),
(1950,5,'E-mail został pomyślnie dodany.'),
(1952,1,'Поиск'),
(1952,2,'Пошук'),
(1952,3,'Search'),
(1952,4,'Suche'),
(1952,5,'Szukaj'),
(1954,1,'Подписаться на рассылку новостей'),
(1954,2,'Підписатися на розсилку новин'),
(1954,3,'Subscribe to the news'),
(1954,4,'Abonnieren Sie die Nachrichten'),
(1954,5,'Subskrybuj wiadomości'),
(1958,1,'Ваш электронный адрес'),
(1958,2,'Ваша електронна адреса'),
(1958,3,'Your email'),
(1958,4,'Ihre E-Mail'),
(1958,5,'Twój e-mail'),
(1960,1,'Подписаться'),
(1960,2,'ПІдписатися'),
(1960,3,'Subscribe'),
(1960,4,'Abonnieren'),
(1960,5,'Subskrybuj'),
(1962,1,'Список подписчиков'),
(1962,2,'Список подписчиков'),
(1962,3,'Subscribers list'),
(1962,4,'Abonnentenliste'),
(1962,5,'Lista subskrybentów'),
(1964,1,'Почтовый ящик'),
(1964,2,'Почтовый ящик'),
(1964,3,'E-mail address'),
(1964,4,'E-Mail-Adresse'),
(1964,5,'Adres e-mail'),
(1968,1,'Адрес подтвержден'),
(1968,2,'Адрес подтвержден'),
(1968,3,'The address has been confirmed'),
(1968,4,'Die Adresse wurde bestätigt.'),
(1968,5,'Adres został potwierdzony.'),
(1970,1,'Код подтверждения'),
(1970,2,'Код подтверждения'),
(1970,3,'Confirmation code'),
(1970,4,'Bestätigungscode'),
(1970,5,'Kod potwierdzenia'),
(1972,1,'Форма обратной связи'),
(1972,2,'Форма зворотнього зв\'язку'),
(1972,3,'Feedback form'),
(1972,4,'Feedback-Formular'),
(1972,5,'Formularz opinii'),
(1974,1,'Спасибо за то, что Вы оставили нам сообщение. Вскоре оно будет рассмотрено.'),
(1974,2,'Дякуємо за те, що Ви залишили нам повідомлення. Незабаром воно буде розглянуте.'),
(1974,3,'Thank you for leaving us the message. It will soon be reviewed.'),
(1974,4,'Vielen Dank, dass Sie uns die Nachricht hinterlassen haben. Sie wird bald überprüft.'),
(1974,5,'Dziękujemy za zostawienie nam wiadomości. Wkrótce zostanie ona przejrzana.'),
(1976,1,'Тема'),
(1976,2,'Тема'),
(1976,3,'Topic'),
(1976,4,'Thema'),
(1976,5,'Temat'),
(1978,1,'Автор сообщения'),
(1978,2,'Автор повідомлення'),
(1978,3,'Message author'),
(1978,4,'Nachricht autor'),
(1978,5,'Autor wiadomości'),
(1980,1,'Е-mail'),
(1980,2,'Е-mail'),
(1980,3,'Е-mail'),
(1980,4,'E-Mail'),
(1980,5,'E-mail'),
(1982,1,'Телефон'),
(1982,2,'Телефон'),
(1982,3,'Telephone'),
(1982,4,'Telefon'),
(1982,5,'Telefon'),
(1984,1,'Текст сообщения'),
(1984,2,'Текст повідомлення'),
(1984,3,'Message text'),
(1984,4,'Nachrichtentext'),
(1984,5,'Tekst wiadomości'),
(1986,1,'Переместить'),
(1986,2,'Переместить'),
(1986,3,'Move'),
(1986,4,'Bewege'),
(1986,5,'Przenieś'),
(1994,1,'Тип'),
(1994,2,'Тип'),
(1994,3,'Type'),
(1994,4,'Typ'),
(1994,5,'Typ'),
(1996,1,'Ширина'),
(1996,2,'Ширина'),
(1996,3,'Width'),
(1996,4,'Breite'),
(1996,5,'Szerokość'),
(1998,1,'Высота'),
(1998,2,'Висота'),
(1998,3,'Height'),
(1998,4,'Höhe'),
(1998,5,'Wysokość'),
(2000,1,'Для видеоанонсов(640х360)'),
(2000,2,'Для видеоанонсів(640х360)'),
(2000,3,'For video previews (640х360)'),
(2000,4,'Für Video-Vorschauen (640x360)'),
(2000,5,'Dla podglądów wideo (640x360)'),
(2002,1,'Футер новости'),
(2002,2,'Футер новости'),
(2002,3,'News footer'),
(2002,4,'Nachricht Fußzeile'),
(2002,5,'Stopka wiadomości'),
(2004,1,'Название'),
(2004,2,'Назва'),
(2004,3,'Name'),
(2004,4,'Name'),
(2004,5,'Nazwa'),
(2010,1,'Краткие новости'),
(2010,2,'Останні новини'),
(2010,3,'News in short'),
(2010,4,'Nachrichten in Kürze'),
(2010,5,'Wiadomości w skrócie'),
(2012,1,'Войти через FaceBook'),
(2012,2,'Увійти з FaceBook'),
(2012,3,'Log in with Facebook'),
(2012,4,'Mit Facebook anmelden'),
(2012,5,'Zaloguj się za pomocą Facebooka'),
(2013,1,'Войти  через ВКонтакте'),
(2013,2,'Увійти з Вконтакте'),
(2013,3,'Log in with VK'),
(2013,4,'Mit VK anmelden'),
(2013,5,'Zaloguj się za pomocą VK'),
(2014,1,'Email'),
(2014,2,'Email'),
(2014,3,'Email'),
(2014,4,'E-Mail'),
(2014,5,'E-mail'),
(2015,1,'Телефонный номер'),
(2015,2,'Телефонний номер'),
(2015,3,'Telephone number'),
(2015,4,'Telefonnummer'),
(2015,5,'Numer telefonu'),
(2016,1,'Дополнительное описание к форме (внизу)'),
(2016,2,'Додатковий опис для форми'),
(2016,3,'Additional form description (below)'),
(2016,4,'Zusätzliche Formularbeschreibung (unten)'),
(2016,5,'Dodatkowy opis formularza (poniżej)'),
(2017,1,'Редактор виджетов'),
(2017,2,'Редактор віджетів'),
(2017,3,'Widget editor'),
(2017,4,'Widget-Editor'),
(2017,5,'Edytor widżetów'),
(2018,1,'Редактор получения уведомлений'),
(2018,2,'Редактор отримувачів повідомлень'),
(2018,3,'Feedback editor'),
(2018,4,'Feedback-Editor'),
(2018,5,'Redaktor opinii'),
(2019,1,'Редактор опросов'),
(2019,2,'Редактор опитувань'),
(2019,3,'Questionnaire editor'),
(2019,4,'Fragebogeneditor'),
(2019,5,'Edycja kwestionariusza'),
(2020,1,'Строка'),
(2020,2,'Строка'),
(2020,3,'Line'),
(2020,4,'Linie'),
(2020,5,'Linia'),
(2021,1,'Электопочта'),
(2021,2,'Адреса електронної пошти'),
(2021,3,'Email address'),
(2021,4,'E-Mail-Adresse'),
(2021,5,'Adres e-mail'),
(2022,1,'Телефон'),
(2022,2,'Телефон'),
(2022,3,'Telephone'),
(2022,4,'Telefon'),
(2022,5,'Telefon'),
(2023,1,'Множественный выбор'),
(2023,2,'Багатоваріантний вибір'),
(2023,3,'Multiple choice'),
(2023,4,'Multiple-Choice'),
(2023,5,'Wielokrotny wybór'),
(2024,1,'Значение'),
(2024,2,'Значення'),
(2024,3,'Value'),
(2024,4,'Wert'),
(2024,5,'Wartość'),
(2025,1,'Выпадающий список'),
(2025,2,'Випадаючий список'),
(2025,3,'Drop-down list'),
(2025,4,'Dropdown-Liste'),
(2025,5,'Lista rozwijana'),
(2026,1,'Быстрая загрузка'),
(2026,2,'Швидке завантаження'),
(2026,3,'Quick upload'),
(2026,4,'Schneller Upload'),
(2026,5,'Szybkie przesyłanie'),
(2027,1,'Комментарии'),
(2027,2,'Коментарі'),
(2027,3,'Comments'),
(2027,4,'Kommentare'),
(2027,5,'Komentarze'),
(2028,1,'Текст комментария'),
(2028,2,'Текст коментара'),
(2028,3,'Comment text'),
(2028,4,'Kommentartext'),
(2028,5,'Komentarz tekstu'),
(2029,1,'Осталось'),
(2029,2,'Залишилось'),
(2029,3,'The comment has remained intact'),
(2029,4,'Der Kommentar ist intakt geblieben.'),
(2029,5,'Komentarz pozostał nienaruszony.'),
(2030,1,'Новый комментарий'),
(2030,2,'Новий коментар'),
(2030,3,'New comment'),
(2030,4,'Neuer Kommentar'),
(2030,5,'Nowy komentarz'),
(2031,1,'символов'),
(2031,2,'символів'),
(2031,3,'Symbols'),
(2031,4,'Symbole'),
(2031,5,'Symbole'),
(2032,1,'символа'),
(2032,2,'символу'),
(2032,3,'Symbol'),
(2032,4,'Symbol'),
(2032,5,'Symbol'),
(2033,1,'символ'),
(2033,2,'символ'),
(2033,3,'Symbol'),
(2033,4,'Symbol'),
(2033,5,'Symbol'),
(2034,1,'Ваше имя'),
(2034,2,'Ваше ім\'я'),
(2034,3,'Your name'),
(2034,4,'Dein Name'),
(2034,5,'Twoje imię'),
(2035,1,'Ответить'),
(2035,2,'Відповісти'),
(2035,3,'Reply'),
(2035,4,'Antwort'),
(2035,5,'Odpowiedź'),
(2036,1,'Вы действительно хотите удалить выбранный комментарий?'),
(2036,2,'Ви дійсно бажаєте видалити обраний коментар?'),
(2036,3,'Do you really want to remove the chosen comment?'),
(2036,4,'Möchten Sie den gewählten Kommentar wirklich entfernen?'),
(2036,5,'Czy na pewno chcesz usunąć wybrany komentarz?'),
(2037,1,'Опубликовать'),
(2037,2,'Опублікувати'),
(2037,3,'Publish'),
(2037,4,'Veröffentlichen'),
(2037,5,'Opublikować'),
(2038,1,'Не публиковать'),
(2038,2,'Не публікувати'),
(2038,3,'Do not publish'),
(2038,4,'Nicht veröffentlichen'),
(2038,5,'Nie publikuj'),
(2039,1,'Не задан адрес электронной почты'),
(2039,2,'Не введено адресу електронної пошти'),
(2039,3,'Email not stated'),
(2039,4,'E-Mail nicht angegeben'),
(2039,5,'Email nie podano'),
(2040,1,'Идет подготовка...'),
(2040,2,'Готується...'),
(2040,3,'Wait please...'),
(2040,4,'Bitte warten...'),
(2040,5,'Poczekaj proszę...'),
(2041,1,'Забанить'),
(2041,2,'Забанити'),
(2041,3,'Ban'),
(2041,4,'Verbot'),
(2041,5,'Zakaz'),
(2042,1,'Медиа-файл не готов'),
(2042,2,'Медіа-файл не готовий'),
(2042,3,'Media file is not ready'),
(2042,4,'Mediendatei ist nicht bereit'),
(2042,5,'Plik multimedialny nie jest gotowy.'),
(2043,1,'Менеджер изображений'),
(2043,2,'Менеджер зображень'),
(2043,3,'Image manager'),
(2043,4,'Bildmanager'),
(2043,5,'Menadżer obrazów'),
(2044,1,'Быстрая загрузка файла'),
(2044,2,'Швидке завантаження файлу'),
(2044,3,'Quick file upload'),
(2044,4,'Schneller Datei-Upload'),
(2044,5,'Szybkie przesyłanie plików'),
(2045,1,'Проверочный код'),
(2045,2,'Перевірочний код'),
(2045,3,'Verification code'),
(2045,4,'Bestätigungscode'),
(2045,5,'Kod weryfikacyjny'),
(2046,1,'Готовность'),
(2046,2,'Готовность'),
(2046,3,'Readiness'),
(2046,4,'Bereitschaft'),
(2046,5,'Gotowość'),
(2047,1,'Редактировать файл'),
(2047,2,'Редагувати файл'),
(2047,3,'Edit file'),
(2047,4,'Datei bearbeiten'),
(2047,5,'Edytuj plik'),
(2048,1,'Профиль пользователя'),
(2048,2,'Профайл користувача'),
(2048,3,'User profile'),
(2048,4,'Benutzerprofil'),
(2048,5,'Profil użytkownika'),
(2051,1,'Название'),
(2051,2,'Назва'),
(2051,3,'Name'),
(2051,4,'Name'),
(2051,5,'Nazwa'),
(2052,1,'Ширина'),
(2052,2,'Довжина'),
(2052,3,'Width'),
(2052,4,'Breite'),
(2052,5,'Szerokość'),
(2053,1,'Высота'),
(2053,2,'Висота'),
(2053,3,'Height'),
(2053,4,'Höhe'),
(2053,5,'Wysokość'),
(2054,1,'Логин'),
(2054,2,'Логін'),
(2054,3,'Login'),
(2054,4,'Anmelden'),
(2054,5,'Zaloguj się'),
(2055,1,'Пароль'),
(2055,2,'Пароль'),
(2055,3,'Password'),
(2055,4,'Passwort'),
(2055,5,'Hasło'),
(2056,1,'Запомнить'),
(2056,2,'Запом\'ятати'),
(2056,3,'Remember'),
(2056,4,'Erinnere dich'),
(2056,5,'Pamiętaj'),
(2057,1,'Имя роли'),
(2057,2,'Назва ролі'),
(2057,3,'Role name'),
(2057,4,'Rollenname'),
(2057,5,'Nazwa roli'),
(2086,1,'Дата'),
(2086,2,'Дата'),
(2086,3,'Date'),
(2086,4,'Datum'),
(2086,5,'Data'),
(2273,1,'Скрыть'),
(2273,2,'Сховати'),
(2273,3,'Hide'),
(2273,4,'Verstecken'),
(2273,5,'Ukryć'),
(2279,1,'Слайды'),
(2279,2,'Слайди'),
(2279,3,'Slides'),
(2279,4,'GEBEN SIE IHR NEUES PASSWORT EIN'),
(2279,5,'WPROWADŹ SWOJE NOWE HASŁO'),
(2281,1,'English'),
(2281,2,'English'),
(2281,3,'English'),
(2281,4,'ALTER PASSWORT'),
(2281,5,'STARE HASŁO'),
(2283,1,'Характеристики'),
(2283,2,'Характеристики'),
(2283,3,'Features'),
(2283,4,'NEUES PASSWORT'),
(2283,5,'NOWE HASŁO'),
(2284,1,'Обновить'),
(2284,2,'Оновити'),
(2284,3,'Refresh'),
(2284,4,'Aktualisieren'),
(2284,5,'Odśwież'),
(2336,1,'Оформить заказ'),
(2336,2,'Оформити замовлення'),
(2336,3,'Checkout'),
(2336,4,'Kasse'),
(2336,5,'Zamówienie'),
(2338,1,'Корзина пуста.'),
(2338,2,'Кошик порожній.'),
(2338,3,'Cart is empty.'),
(2338,4,'Der Warenkorb ist leer.'),
(2338,5,'Koszyk jest pusty.'),
(2370,1,'Напишите Ваш адрес для доставки'),
(2370,2,'Напишіть Вашу адресу для доставки'),
(2370,3,'Write your address for delivery'),
(2370,4,'Auf'),
(2370,5,'Na'),
(2371,1,'+ 380 95 007 07 13'),
(2371,2,'+ 380 95 007 07 13'),
(2371,3,'+ 380 95 007 07 13'),
(2371,4,'Aus'),
(2371,5,'Wyłączone'),
(2382,1,'Бесплатная доставка'),
(2382,2,'Безкоштовна доставка'),
(2382,3,'Free shipping'),
(2382,4,'Kostenloser Versand'),
(2382,5,'Darmowa wysyłka'),
(2404,1,'Авторизация завершена успешно!'),
(2404,2,'Авторизація завершено успішно!'),
(2404,3,'Authorization completed successfully!'),
(2404,4,'Autorisierung erfolgreich abgeschlossen!'),
(2404,5,'Autoryzacja zakończona pomyślnie!'),
(2445,1,'Список заказов'),
(2445,2,'Список замовлень'),
(2445,3,'Order list'),
(2445,4,'Bestellliste'),
(2445,5,'Lista zamówień'),
(2446,1,'Подробнее'),
(2446,2,'Детальніше'),
(2446,3,'Details'),
(2446,4,'Details'),
(2446,5,'Szczegóły'),
(2451,1,'Статус изменен'),
(2451,2,'Статус змінений'),
(2451,3,'Status changed'),
(2451,4,'Status geändert'),
(2451,5,'Status zmieniony'),
(2472,1,'Отменить'),
(2472,2,'Скасувати'),
(2472,3,'Cancel'),
(2472,4,'Stornieren'),
(2472,5,'Anuluj'),
(2473,1,'Спасибо, мы свяжемся с Вами в ближайшее время.'),
(2473,2,'Спасибі, ми зв\'яжемося з Вами найближчим часом.'),
(2473,3,'Thank you, we will get back to you as soon as possible.'),
(2473,4,'Vielen Dank, wir werden uns so schnell wie möglich bei Ihnen melden.'),
(2473,5,'Dziękujemy, skontaktujemy się z tobą jak najszybciej.'),
(2474,1,'Заказ в 1 клик'),
(2474,2,'Замовлення в 1 клік'),
(2474,3,'1-Click Order'),
(2474,4,'1-Klick-Bestellung'),
(2474,5,'Zamówienie jednym kliknięciem'),
(2475,1,'URL: <a href=\"$url\">$product_name</a><br>\nPhone: $phone'),
(2475,2,'URL: <a href=\"$url\">$product_name</a><br>\nPhone: $phone'),
(2475,3,'URL: <a href=\"$url\">$product_name</a><br>\nPhone: $phone'),
(2475,4,'URL: <a href=\"$url\">$product_name</a><br>\nTelefon: $phone'),
(2475,5,'URL: <a href=\"$url\">$product_name</a><br>\nTelefon: $phone'),
(2479,1,'Все комментарии, не касающиеся продукта, будут удалены!'),
(2479,2,'Всі коментарі, які не стосуються продукту, будуть видалені!'),
(2479,3,'All comments not related to the product will be deleted!'),
(2479,4,'Alle Kommentare, die nicht mit dem Produkt zu tun haben, werden gelöscht!'),
(2479,5,'Wszystkie komentarze niezwiązane z produktem zostaną usunięte!'),
(2480,1,'Комментарий будет выведен только после предварительной проверки нашими\nсотрудниками.'),
(2480,2,'Коментар буде виведений тільки після попередньої перевірки нашими\nспівробітниками.'),
(2480,3,'The comment will be withdrawn only after preliminary check by our\nemployees.'),
(2480,4,'Der Kommentar wird nur nach einer vorläufigen Überprüfung durch unsere Mitarbeiter zurückgezogen.'),
(2480,5,'Komentarz zostanie wycofany dopiero po wstępnej weryfikacji przez naszych pracowników.'),
(2481,1,'Ваше Имя'),
(2481,2,'Ваше ім\'я'),
(2481,3,'Your name'),
(2481,4,'Dein Name'),
(2481,5,'Twoje imię'),
(2482,1,'Текст сообщения....'),
(2482,2,'Текст повідомлення....'),
(2482,3,'Message text....'),
(2482,4,'Nachrichtentext....'),
(2482,5,'Please provide the text you would like to have translated into Polish.'),
(2483,1,'E-Mail'),
(2483,2,'E-Mail'),
(2483,3,'E-Mail'),
(2483,4,'E-Mail'),
(2483,5,'E-mail'),
(2484,1,'Ваша оценка'),
(2484,2,'Ваша оцінка'),
(2484,3,'Your mark'),
(2484,4,'Ihre Note'),
(2484,5,'Twoja ocena'),
(2485,1,'Добавить сообщение'),
(2485,2,'Додати повідомлення'),
(2485,3,'Add message'),
(2485,4,'Nachricht hinzufügen'),
(2485,5,'Dodaj wiadomość'),
(2486,1,'Оставить свой комментарий'),
(2486,2,'Залишити свій коментар'),
(2486,3,'Leave your comment'),
(2486,4,'Hinterlassen Sie Ihren Kommentar'),
(2486,5,'Zostaw swój komentarz'),
(2487,1,'Ответить'),
(2487,2,'Відповісти'),
(2487,3,'Reply'),
(2487,4,'Antwort'),
(2487,5,'Odpowiedz'),
(2488,1,'Ваш комментарий успешно отправлен!'),
(2488,2,'Ваш коментар успішно відправлений!'),
(2488,3,'Your comment has been sent successfully!'),
(2488,4,'Ihr Kommentar wurde erfolgreich gesendet!'),
(2488,5,'Twój komentarz został pomyślnie wysłany!'),
(2489,1,'Отзывы'),
(2489,2,'Відгуки'),
(2489,3,'Reviews'),
(2489,4,'Bewertungen'),
(2489,5,'Recenzje'),
(2492,1,'Редактор комментариев'),
(2492,2,'Редактор коментарів'),
(2492,3,'Comment editor'),
(2492,4,'Kommentar-Editor'),
(2492,5,'Komentarz edytora'),
(2503,1,'Перейти'),
(2503,2,'Перейти'),
(2503,3,'Go'),
(2503,4,'Gehen'),
(2503,5,'Idź'),
(2505,1,'Пароль слишком короткий'),
(2505,2,'Пароль занадто короткий'),
(2505,3,'The password is too short'),
(2505,4,'Das Passwort ist zu kurz.'),
(2505,5,'Hasło jest zbyt krótkie'),
(2535,1,'Сортировка'),
(2535,2,'Сортування'),
(2535,3,'Sorting'),
(2535,4,'Sortierung'),
(2535,5,'Sortowanie'),
(2536,1,'Смотреть все'),
(2536,2,'Дивитись все'),
(2536,3,'See all'),
(2536,4,'Alle ansehen'),
(2536,5,'Zobacz wszystko'),
(2541,1,'SEO URL'),
(2541,2,'SEO URL'),
(2541,3,'SEO URL'),
(2541,4,'SEO-URL'),
(2541,5,'SEO URL'),
(2542,1,'SEO URL'),
(2542,2,'SEO URL'),
(2542,3,'SEO URL'),
(2542,4,'SEO-URL'),
(2542,5,'SEO URL'),
(2543,1,'Фильтр'),
(2543,2,'Фільтр'),
(2543,3,'Filter'),
(2543,4,'Filter'),
(2543,5,'Filtr'),
(2544,1,'Новости'),
(2544,2,'Новини'),
(2544,3,'News'),
(2544,4,'Nachrichten'),
(2544,5,'Wiadomości'),
(2545,1,'Назад'),
(2545,2,'Назад'),
(2545,3,'Back'),
(2545,4,'Zurück'),
(2545,5,'Wstecz'),
(2546,1,'Показать'),
(2546,2,'Показати'),
(2546,3,'Show'),
(2546,4,'Zeigen'),
(2546,5,'Pokaż'),
(2547,1,'комементариев'),
(2547,2,'коментарів'),
(2547,3,'comments'),
(2547,4,'Kommentare'),
(2547,5,'komentarze'),
(2548,1,'Сначала попупярные'),
(2548,2,'Спочатку попупярні'),
(2548,3,'Popular first'),
(2548,4,'Beliebt zuerst'),
(2548,5,'Popularny pierwszy'),
(2550,1,'Сначала новые'),
(2550,2,'Спочатку нові'),
(2550,3,'New ones first'),
(2550,4,'Neue zuerst'),
(2550,5,'Nowe najpierw'),
(2551,1,'Оставьте коментарий'),
(2551,2,'Залишіть коментар'),
(2551,3,'Leave a comment'),
(2551,4,'Hinterlasse einen Kommentar'),
(2551,5,'Zostaw komentarz'),
(2552,1,'Добавить видео'),
(2552,2,'Добавити відео'),
(2552,3,'Add a video'),
(2552,4,'Fügen Sie ein Video hinzu'),
(2552,5,'Dodaj wideo'),
(2553,1,'Оставить комментарий'),
(2553,2,'Залишити коментар'),
(2553,3,'Leave a comment'),
(2553,4,'Hinterlassen Sie einen Kommentar'),
(2553,5,'Zostaw komentarz'),
(2554,1,'Видео добавлено!'),
(2554,2,'Відео додано!'),
(2554,3,'Video added!'),
(2554,4,'Video hinzugefügt!'),
(2554,5,'Wideo dodane!'),
(2556,1,'Добавление видео'),
(2556,2,'Додавання відео'),
(2556,3,'Adding a video'),
(2556,4,'Ein Video hinzufügen'),
(2556,5,'Dodawanie wideo'),
(2557,1,'Вставте ссылку на видео Youtube:'),
(2557,2,'Вставте посилання на відео Youtube:'),
(2557,3,'Paste the link to the Youtube video:'),
(2557,4,'Fügen Sie den Link zum Youtube-Video ein:'),
(2557,5,'Wklej link do filmu na YouTube:'),
(2558,1,'Комментарий отправлен!'),
(2558,2,'Коментар надіслано!'),
(2558,3,'Comment sent!'),
(2558,4,'Kommentar gesendet!'),
(2558,5,'Komentarz wysłany!'),
(2559,1,'Показать видео'),
(2559,2,'Показати відео'),
(2559,3,'Show video'),
(2559,4,'Video anzeigen'),
(2559,5,'Pokaż wideo'),
(2560,1,'Показать ответ'),
(2560,2,'Показати відповідь'),
(2560,3,'Show answer'),
(2560,4,'Antwort anzeigen'),
(2560,5,'Pokaż odpowiedź'),
(2561,1,'Показать'),
(2561,2,'Показати'),
(2561,3,'Show'),
(2561,4,'Zeigen'),
(2561,5,'Pokazać'),
(2562,1,'ответов'),
(2562,2,'відповідей'),
(2562,3,'answers'),
(2562,4,'Antworten'),
(2562,5,'odpowiedzi'),
(2563,1,'Скрыть ответ'),
(2563,2,'Приховати відповідь'),
(2563,3,'Hide answer'),
(2563,4,'Bitte geben Sie den zu übersetzenden Text an.'),
(2563,5,'I\'m sorry, but I need the text you would like translated into Polish. Please provide the text, and I\'ll be happy to assist you!'),
(2564,1,'Скрыть'),
(2564,2,'Приховати'),
(2564,3,'Hide'),
(2564,4,'Verstecken'),
(2564,5,'Ukryj'),
(2565,1,'ответов'),
(2565,2,'відповідей'),
(2565,3,'answers'),
(2565,4,'Antworten'),
(2565,5,'odpowiedzi'),
(2567,1,'Коментарий будет удален.'),
(2567,2,'Коментар буде видалено.'),
(2567,3,'The comment will be removed.'),
(2567,4,'Der Kommentar wird entfernt.'),
(2567,5,'Komentarz zostanie usunięty.'),
(2568,1,'Комментарий удален!'),
(2568,2,'Коментарій видалено!'),
(2568,3,'Comment has been deleted!'),
(2568,4,'Kommentar wurde gelöscht!'),
(2568,5,'Komentarz został usunięty!'),
(2569,1,'Спасибо!'),
(2569,2,'Дякую!'),
(2569,3,'Thank you!'),
(2569,4,'Danke!'),
(2569,5,'Dziękuję!'),
(2572,1,'Ввойти через'),
(2572,2,'Увійти через'),
(2572,3,'Sign in with'),
(2572,4,'Mit anmelden'),
(2572,5,'Zaloguj się z'),
(1112431,1,'Закрыть'),
(1112431,2,'Закрити'),
(1112431,3,'Close'),
(1112431,4,'Schließen'),
(1112431,5,'Zamknij'),
(1112438,1,'Вы уверены?'),
(1112438,2,'Ви впевнені?'),
(1112438,3,'Are you sure?'),
(1112438,4,'Bist du sicher?'),
(1112438,5,'Czy jesteś pewny?'),
(1112448,1,'Получить'),
(1112448,2,'Отримати'),
(1112448,3,'Receive'),
(1112448,4,'Empfangen'),
(1112448,5,'Odbierz'),
(1112459,1,'Войти'),
(1112459,2,'Увійти'),
(1112459,3,'Login'),
(1112459,4,'Login'),
(1112459,5,'Login'),
(1112460,1,'Ваш E-Mail'),
(1112460,2,'Ваш E-Mail'),
(1112460,3,'Your email'),
(1112460,4,'Ihre E-Mail'),
(1112460,5,'Twój e-mail'),
(1112461,1,'Пароль'),
(1112461,2,'Пароль'),
(1112461,3,'Password'),
(1112461,4,'Passwort'),
(1112461,5,'Hasło'),
(1112462,1,'Забыли пароль?'),
(1112462,2,'Забули свій пароль?'),
(1112462,3,'Forgot your password?'),
(1112462,4,'Passwort vergessen?'),
(1112462,5,'Zapomniałeś hasła?'),
(1112464,1,'Осуществлен выход учетной записи из системы.'),
(1112464,2,'Здійснено вихід облікового запису із системи.'),
(1112464,3,'The account has been logged out of the system.'),
(1112464,4,'Das Konto wurde vom System abgemeldet.'),
(1112464,5,'Konto zostało wylogowane z systemu.'),
(1112465,1,'Персональний кабинет'),
(1112465,2,'Персональний кабінет'),
(1112465,3,'Personal account'),
(1112465,4,'Persönliches Konto'),
(1112465,5,'Konto osobiste'),
(1112466,1,'Мои данные'),
(1112466,2,'Мої дані'),
(1112466,3,'My details'),
(1112466,4,'Meine Daten'),
(1112466,5,'Moje dane'),
(1112467,1,'Смена пароля'),
(1112467,2,'Зміна пароля'),
(1112467,3,'Change password'),
(1112467,4,'Kennwort ändern'),
(1112467,5,'Zmień hasło'),
(1112468,1,'Смена E-Mail'),
(1112468,2,'Зміна E-Mail'),
(1112468,3,'Change E-Mail'),
(1112468,4,'E-Mail ändern'),
(1112468,5,'Zmień e-mail'),
(1112469,1,'Сохранение'),
(1112469,2,'Збереження'),
(1112469,3,'Saving'),
(1112469,4,'Sparen'),
(1112469,5,'Oszczędność'),
(1112470,1,'© 2024'),
(1112470,2,'© 2024'),
(1112470,3,'© 2024'),
(1112470,4,'© 2024'),
(1112470,5,'© 2024'),
(1112472,1,'Войти с помощью:'),
(1112472,2,'Увійти за допомогою:'),
(1112472,3,'Sign in with:'),
(1112472,4,'Melden Sie sich an mit:'),
(1112472,5,'Zaloguj się za pomocą:'),
(1112473,1,'Авторизация'),
(1112473,2,'Авторизація'),
(1112473,3,'Authorization'),
(1112473,4,'Genehmigung'),
(1112473,5,'Upoważnienie'),
(1112474,1,'Воостановить пароль'),
(1112474,2,'Відновити пароль'),
(1112474,3,'Recover password'),
(1112474,4,'Passwort wiederherstellen'),
(1112474,5,'Odzyskaj hasło'),
(1112475,1,'Ваш код был отправлен.'),
(1112475,2,'Ваш код було надіслано.'),
(1112475,3,'Your code has been sent.'),
(1112475,4,'Ihr Code wurde gesendet.'),
(1112475,5,'Twój kod został wysłany.'),
(1112476,1,'Свойства'),
(1112476,2,'Властивості'),
(1112476,3,'Properties'),
(1112476,4,'Eigenschaften'),
(1112476,5,'Właściwości'),
(1112477,1,'<p>Dear user!</p>\n<p>We have received a request from you to change the password for your\naccount on the system.</p>\n<p>To change your password, click the link below.</p>\n<p><a href=\"$link\">$link</a></p>\n<p>The link will be available within 24 hours or until your next\nrequest for a password change.</p>'),
(1112477,2,'<p>Dear user!</p>\n<p>We have received a request from you to change the password for your\naccount on the system.</p>\n<p>To change your password, click the link below.</p>\n<p><a href=\"$link\">$link</a></p>\n<p>The link will be available within 24 hours or until your next\nrequest for a password change.</p>'),
(1112477,3,'<p>Dear user!</p>\n<p>We have received a request from you to change the password for your\naccount on the system.</p>\n<p>To change your password, click the link below.</p>\n<p><a href=\"$link\">$link</a></p>\n<p>The link will be available within 24 hours or until your next\nrequest for a password change.</p>'),
(1112477,4,'<p>Dear user!</p>\n<p>We have received a request from you to change the password for your\naccount on the system.</p>\n<p>To change your password, click the link below.</p>\n<p><a href=\"$link\">$link</a></p>\n<p>The link will be available within 24 hours or until your next\nrequest for a password change.</p>'),
(1112477,5,'<p>Dear user!</p>\n<p>We have received a request from you to change the password for your\naccount on the system.</p>\n<p>To change your password, click the link below.</p>\n<p><a href=\"$link\">$link</a></p>\n<p>The link will be available within 24 hours or until your next\nrequest for a password change.</p>'),
(1112478,1,'Password changed'),
(1112478,2,'Password changed'),
(1112478,3,'Password changed'),
(1112478,4,'Password changed'),
(1112478,5,'Password changed'),
(1112479,1,'Авторизацию выполнено!'),
(1112479,2,'Авторизацію виконано!'),
(1112479,3,'Authorization completed!'),
(1112479,4,'Autorisierung abgeschlossen!'),
(1112479,5,'Autoryzacja zakończona!'),
(1112480,1,'Характеристики'),
(1112480,2,'Характеристики'),
(1112480,3,'Characteristics'),
(1112480,4,'Eigenschaften'),
(1112480,5,'Charakterystyka'),
(1112481,1,'Характеристики'),
(1112481,2,'Характеристики'),
(1112481,3,'Characteristics'),
(1112481,4,'Eigenschaften'),
(1112481,5,'Charakterystyka'),
(1112483,1,'Вы уверены, что хотите сохранить изменения?'),
(1112483,2,'Ви впевнені, що хочете зберегти зміни?'),
(1112483,3,'Are you sure you want to save the changes?'),
(1112483,4,'Sind Sie sicher, dass Sie Änderungen beibehalten möchten?'),
(1112483,5,'Czy na pewno chcesz zachować zmiany?');
/*!40000 ALTER TABLE `share_lang_tags_translation` ENABLE KEYS */;
UNLOCK TABLES;

--
-- Table structure for table `share_languages`
--

DROP TABLE IF EXISTS `share_languages`;
/*!40101 SET @saved_cs_client     = @@character_set_client */;
/*!40101 SET character_set_client = utf8mb4 */;
CREATE TABLE `share_languages` (
  `lang_id` int(10) unsigned NOT NULL AUTO_INCREMENT,
  `lang_locale` char(30) DEFAULT NULL,
  `lang_abbr` char(2) NOT NULL,
  `lang_name` char(20) NOT NULL,
  `lang_default` tinyint(1) DEFAULT 0,
  `lang_order_num` int(10) unsigned NOT NULL DEFAULT 1,
  PRIMARY KEY (`lang_id`),
  KEY `idx_abbr` (`lang_abbr`)
) ENGINE=InnoDB AUTO_INCREMENT=6 DEFAULT CHARSET=utf8mb3 COLLATE=utf8mb3_general_ci;
/*!40101 SET character_set_client = @saved_cs_client */;

--
-- Dumping data for table `share_languages`
--

LOCK TABLES `share_languages` WRITE;
/*!40000 ALTER TABLE `share_languages` DISABLE KEYS */;
INSERT INTO `share_languages` VALUES
(1,'ru_UA.UTF8','ru','Русский',0,4),
(2,'uk_UA.UTF8','uk','Українська',1,5),
(3,'','en','English',0,3),
(4,'','de','Deutsch',0,2),
(5,NULL,'pl','Poland',0,1);
/*!40000 ALTER TABLE `share_languages` ENABLE KEYS */;
UNLOCK TABLES;

--
-- Table structure for table `share_session`
--

DROP TABLE IF EXISTS `share_session`;
/*!40101 SET @saved_cs_client     = @@character_set_client */;
/*!40101 SET character_set_client = utf8mb4 */;
CREATE TABLE `share_session` (
  `session_id` int(10) unsigned NOT NULL AUTO_INCREMENT,
  `session_native_id` char(40) NOT NULL,
  `session_last_impression` int(11) NOT NULL,
  `session_created` int(11) NOT NULL,
  `session_expires` int(11) NOT NULL,
  `session_ip` int(11) unsigned DEFAULT NULL,
  `session_user_agent` char(255) DEFAULT NULL,
  `u_id` int(10) unsigned DEFAULT NULL,
  `session_data` varchar(5000) DEFAULT NULL,
  PRIMARY KEY (`session_id`),
  UNIQUE KEY `session_native_id` (`session_native_id`),
  KEY `i_session_u_id` (`u_id`),
  KEY `i_session_ip` (`session_ip`),
  KEY `session_expires` (`session_expires`)
) ENGINE=InnoDB AUTO_INCREMENT=1101 DEFAULT CHARSET=utf8mb3 COLLATE=utf8mb3_general_ci;
/*!40101 SET character_set_client = @saved_cs_client */;

--
-- Dumping data for table `share_session`
--

LOCK TABLES `share_session` WRITE;
/*!40000 ALTER TABLE `share_session` DISABLE KEYS */;
INSERT INTO `share_session` VALUES
(1100,'fd1266ebd9819a95d8dd816c52091b8c',1757874590,1757818690,1758630590,528501846,NULL,22,'userID|i:22;');
/*!40000 ALTER TABLE `share_session` ENABLE KEYS */;
UNLOCK TABLES;

--
-- Table structure for table `share_sitemap`
--

DROP TABLE IF EXISTS `share_sitemap`;
/*!40101 SET @saved_cs_client     = @@character_set_client */;
/*!40101 SET character_set_client = utf8mb4 */;
CREATE TABLE `share_sitemap` (
  `smap_id` int(10) unsigned NOT NULL AUTO_INCREMENT,
  `site_id` int(10) unsigned NOT NULL,
  `smap_layout` char(200) NOT NULL,
  `smap_layout_xml` text DEFAULT NULL,
  `smap_content` char(200) NOT NULL,
  `smap_content_xml` text DEFAULT NULL,
  `smap_pid` int(10) unsigned DEFAULT NULL,
  `smap_segment` char(50) NOT NULL,
  `smap_order_num` int(10) unsigned DEFAULT 1,
  `smap_redirect_url` char(250) DEFAULT NULL,
  `smap_meta_robots` text DEFAULT NULL,
  PRIMARY KEY (`smap_id`),
  UNIQUE KEY `smap_pid` (`smap_pid`,`site_id`,`smap_segment`),
  KEY `site_id` (`site_id`),
  KEY `smap_order_num` (`smap_order_num`),
  CONSTRAINT `share_sitemap_ibfk_8` FOREIGN KEY (`smap_pid`) REFERENCES `share_sitemap` (`smap_id`) ON DELETE CASCADE ON UPDATE CASCADE,
  CONSTRAINT `share_sitemap_ibfk_9` FOREIGN KEY (`site_id`) REFERENCES `share_sites` (`site_id`) ON DELETE CASCADE ON UPDATE CASCADE
) ENGINE=InnoDB AUTO_INCREMENT=3742 DEFAULT CHARSET=utf8mb3 COLLATE=utf8mb3_general_ci;
/*!40101 SET character_set_client = @saved_cs_client */;

--
-- Dumping data for table `share_sitemap`
--

LOCK TABLES `share_sitemap` WRITE;
/*!40000 ALTER TABLE `share_sitemap` DISABLE KEYS */;
INSERT INTO `share_sitemap` VALUES
(80,1,'default.layout.xml',NULL,'textblock.content.xml',NULL,NULL,'',539,NULL,NULL),
(330,1,'default.layout.xml',NULL,'sign_in.content.xml',NULL,80,'login',5,NULL,NULL),
(3625,1,'default.layout.xml',NULL,'recover_password.content.xml',NULL,80,'restore-password',8,NULL,NULL),
(3675,1,'account.layout.xml',NULL,'childs.content.xml',NULL,80,'my',9,NULL,NULL),
(3707,1,'google_sitemap.layout.xml',NULL,'google_sitemap.content.xml',NULL,80,'google_sitemap',4,NULL,NULL),
(3725,1,'account.layout.xml',NULL,'wizard.content.xml',NULL,3675,'wizard',9,NULL,NULL),
(3727,1,'google_sitemap.layout.xml',NULL,'google_sitemap.content.xml',NULL,80,'test',7,NULL,NULL),
(3728,1,'account.layout.xml',NULL,'profile.content.xml',NULL,3675,'persona-data',8,NULL,NULL),
(3729,1,'default.layout.xml',NULL,'sign_in.content.xml',NULL,3675,'logout',10,NULL,NULL),
(3730,1,'account.layout.xml',NULL,'Testfeed.content.xml',NULL,80,'test2',6,NULL,NULL),
(3732,1,'account.layout.xml',NULL,'main.content.xml',NULL,3730,'test5',4,NULL,NULL),
(3733,1,'account.layout.xml',NULL,'main.content.xml',NULL,3730,'test6',1,NULL,NULL),
(3734,1,'account.layout.xml',NULL,'main.content.xml',NULL,3730,'tttest',3,NULL,NULL),
(3737,1,'account.layout.xml',NULL,'main.content.xml',NULL,3730,'aasdas',5,NULL,NULL),
(3741,1,'default.layout.xml',NULL,'textblock.content.xml',NULL,3730,'5555',2,NULL,NULL);
/*!40000 ALTER TABLE `share_sitemap` ENABLE KEYS */;
UNLOCK TABLES;

--
-- Table structure for table `share_sitemap_tags`
--

DROP TABLE IF EXISTS `share_sitemap_tags`;
/*!40101 SET @saved_cs_client     = @@character_set_client */;
/*!40101 SET character_set_client = utf8mb4 */;
CREATE TABLE `share_sitemap_tags` (
  `smap_id` int(10) unsigned NOT NULL,
  `tag_id` int(10) unsigned NOT NULL,
  PRIMARY KEY (`smap_id`,`tag_id`),
  KEY `tag_id` (`tag_id`)
) ENGINE=InnoDB DEFAULT CHARSET=utf8mb3 COLLATE=utf8mb3_general_ci;
/*!40101 SET character_set_client = @saved_cs_client */;

--
-- Dumping data for table `share_sitemap_tags`
--

LOCK TABLES `share_sitemap_tags` WRITE;
/*!40000 ALTER TABLE `share_sitemap_tags` DISABLE KEYS */;
INSERT INTO `share_sitemap_tags` VALUES
(3725,2),
(3727,1),
(3730,1),
(3731,1),
(3732,1),
(3733,1),
(3734,1),
(3735,1),
(3736,1),
(3737,1),
(3738,1),
(3739,1),
(3741,1);
/*!40000 ALTER TABLE `share_sitemap_tags` ENABLE KEYS */;
UNLOCK TABLES;

--
-- Table structure for table `share_sitemap_translation`
--

DROP TABLE IF EXISTS `share_sitemap_translation`;
/*!40101 SET @saved_cs_client     = @@character_set_client */;
/*!40101 SET character_set_client = utf8mb4 */;
CREATE TABLE `share_sitemap_translation` (
  `smap_id` int(10) unsigned NOT NULL,
  `lang_id` int(10) unsigned NOT NULL,
  `smap_name` varchar(200) DEFAULT NULL,
  `smap_description_rtf` text CHARACTER SET utf8mb4 COLLATE utf8mb4_general_ci DEFAULT NULL,
  `smap_html_title` varchar(250) DEFAULT NULL,
  `smap_meta_keywords` text DEFAULT NULL,
  `smap_meta_description` text DEFAULT NULL,
  `smap_is_disabled` tinyint(1) NOT NULL DEFAULT 0,
  PRIMARY KEY (`lang_id`,`smap_id`),
  KEY `sitemaplv_sitemap_FK` (`smap_id`),
  CONSTRAINT `share_sitemap_translation_ibfk_1` FOREIGN KEY (`smap_id`) REFERENCES `share_sitemap` (`smap_id`) ON DELETE CASCADE ON UPDATE CASCADE,
  CONSTRAINT `share_sitemap_translation_ibfk_2` FOREIGN KEY (`lang_id`) REFERENCES `share_languages` (`lang_id`) ON DELETE CASCADE ON UPDATE CASCADE
) ENGINE=InnoDB DEFAULT CHARSET=utf8mb3 COLLATE=utf8mb3_general_ci;
/*!40101 SET character_set_client = @saved_cs_client */;

--
-- Dumping data for table `share_sitemap_translation`
--

LOCK TABLES `share_sitemap_translation` WRITE;
/*!40000 ALTER TABLE `share_sitemap_translation` DISABLE KEYS */;
INSERT INTO `share_sitemap_translation` VALUES
(80,1,'Главная страница',NULL,NULL,NULL,'Откройте для себя инновационные возможности нашей демонстрационной платформы! Удобный интерфейс, передовые инструменты и эксклюзивный доступ к последним технологическим решениям ждут вас. Идеально подходит для тех, кто интересуется будущим цифровых технологий.',0),
(330,1,'Войти',NULL,'Вход',NULL,NULL,0),
(3625,1,'Восстановление пароля',NULL,NULL,NULL,NULL,0),
(3675,1,'Личный кабинет',NULL,NULL,NULL,NULL,0),
(3725,1,'Конструктор шаблонов',NULL,NULL,NULL,NULL,0),
(3727,1,'Тест',NULL,NULL,NULL,NULL,0),
(3728,1,'Персональные данные',NULL,NULL,NULL,NULL,0),
(3729,1,'Выйти',NULL,NULL,NULL,NULL,0),
(3730,1,'test2r',NULL,NULL,NULL,NULL,0),
(3732,1,'test5',NULL,NULL,NULL,NULL,0),
(3733,1,'test5',NULL,NULL,NULL,NULL,0),
(3734,1,'tttest',NULL,NULL,NULL,NULL,0),
(3737,1,'aasdas',NULL,NULL,NULL,NULL,0),
(3741,1,'12312',NULL,NULL,NULL,NULL,0),
(80,2,'Головна сторінка','<p>?</p>\n',NULL,NULL,'Відкрийте інноваційні можливості нашої демонстраційної платформи! ',0),
(330,2,'Увійти',NULL,'Вхід',NULL,NULL,0),
(3625,2,'Відновлення паролю',NULL,NULL,NULL,NULL,0),
(3675,2,'Особистий кабінет',NULL,NULL,NULL,NULL,0),
(3725,2,'Конструктор шаблонів',NULL,NULL,NULL,NULL,0),
(3727,2,'Тест1',NULL,NULL,NULL,NULL,0),
(3728,2,'Персональні дані',NULL,NULL,NULL,NULL,0),
(3729,2,'Вийти',NULL,NULL,NULL,NULL,0),
(3730,2,'Test feed1112',NULL,NULL,NULL,NULL,0),
(3732,2,'test5',NULL,NULL,NULL,NULL,0),
(3733,2,'test5',NULL,NULL,NULL,NULL,0),
(3734,2,'tttest',NULL,NULL,NULL,NULL,0),
(3737,2,'aasdas',NULL,NULL,NULL,NULL,0),
(3741,2,'123',NULL,NULL,NULL,NULL,0),
(80,3,'Main page',NULL,NULL,NULL,'Discover the innovative capabilities of our demo platform! ',0),
(330,3,'Enter',NULL,'Вход',NULL,NULL,0),
(3625,3,'Password restoration',NULL,NULL,NULL,NULL,0),
(3675,3,'Personal Area',NULL,NULL,NULL,NULL,0),
(3725,3,'Template builder',NULL,NULL,NULL,NULL,0),
(3727,3,'Test',NULL,NULL,NULL,NULL,0),
(3728,3,'Personal data',NULL,NULL,NULL,NULL,0),
(3729,3,'Log out',NULL,NULL,NULL,NULL,0),
(3730,3,'test2e',NULL,NULL,NULL,NULL,0),
(3732,3,'test5',NULL,NULL,NULL,NULL,0),
(3733,3,'test5',NULL,NULL,NULL,NULL,0),
(3734,3,'tttest',NULL,NULL,NULL,NULL,0),
(3737,3,'aasdas',NULL,NULL,NULL,NULL,0),
(3741,3,'123',NULL,NULL,NULL,NULL,0),
(80,4,'Hauptseite',NULL,NULL,NULL,'Entdecken Sie die innovativen Möglichkeiten unserer Demoplattform! ',0),
(330,4,'Enter',NULL,NULL,NULL,NULL,0),
(3625,4,'Passwortwiederherstellung',NULL,NULL,NULL,NULL,0),
(3675,4,'Persönliches Büro',NULL,NULL,NULL,NULL,0),
(3725,4,'Vorlagenersteller',NULL,NULL,NULL,NULL,0),
(3727,4,'Prüfen',NULL,NULL,NULL,NULL,0),
(3728,4,'Persönliche Daten',NULL,NULL,NULL,NULL,0),
(3729,4,'Abmelden',NULL,NULL,NULL,NULL,0),
(3730,4,'test2d',NULL,NULL,NULL,NULL,0),
(3732,4,'test5',NULL,NULL,NULL,NULL,0),
(3733,4,'test5',NULL,NULL,NULL,NULL,0),
(3734,4,'tttest',NULL,NULL,NULL,NULL,0),
(3737,4,'aasdas',NULL,NULL,NULL,NULL,0),
(3741,4,'555',NULL,NULL,NULL,NULL,0),
(80,5,'Главная страница',NULL,NULL,NULL,'Odkryj innowacyjne możliwości naszej platformy demonstracyjnej! ',0),
(330,5,'Войти',NULL,'Вход',NULL,NULL,0),
(3625,5,'Восстановление пароля',NULL,NULL,NULL,NULL,0),
(3675,5,'Obszar osobisty',NULL,NULL,NULL,NULL,0),
(3725,5,'Konstruktor szablonów',NULL,NULL,NULL,NULL,0),
(3727,5,'Test',NULL,NULL,NULL,NULL,0),
(3728,5,'Dane osobowe',NULL,NULL,NULL,NULL,0),
(3729,5,'Wyloguj się',NULL,NULL,NULL,NULL,0),
(3730,5,'test2p',NULL,NULL,NULL,NULL,0),
(3732,5,'test5',NULL,NULL,NULL,NULL,0),
(3733,5,'test5',NULL,NULL,NULL,NULL,0),
(3734,5,'tttest',NULL,NULL,NULL,NULL,0),
(3737,5,'aasdas',NULL,NULL,NULL,NULL,0),
(3741,5,'555',NULL,NULL,NULL,NULL,0);
/*!40000 ALTER TABLE `share_sitemap_translation` ENABLE KEYS */;
UNLOCK TABLES;

--
-- Table structure for table `share_sitemap_uploads`
--

DROP TABLE IF EXISTS `share_sitemap_uploads`;
/*!40101 SET @saved_cs_client     = @@character_set_client */;
/*!40101 SET character_set_client = utf8mb4 */;
CREATE TABLE `share_sitemap_uploads` (
  `ssu_id` int(10) unsigned NOT NULL AUTO_INCREMENT,
  `smap_id` int(10) unsigned DEFAULT NULL,
  `upl_id` int(10) unsigned NOT NULL,
  `ssu_order_num` int(10) unsigned NOT NULL DEFAULT 1,
  `session_id` varchar(255) DEFAULT NULL,
  PRIMARY KEY (`ssu_id`),
  KEY `upl_id` (`upl_id`),
  KEY `smap_id` (`smap_id`),
  KEY `session_id` (`session_id`),
  KEY `ssu_order_num_idx` (`ssu_order_num`),
  CONSTRAINT `share_sitemap_uploads_ibfk_1` FOREIGN KEY (`upl_id`) REFERENCES `share_uploads` (`upl_id`) ON DELETE CASCADE ON UPDATE CASCADE
) ENGINE=InnoDB AUTO_INCREMENT=14 DEFAULT CHARSET=utf8mb3 COLLATE=utf8mb3_general_ci;
/*!40101 SET character_set_client = @saved_cs_client */;

--
-- Dumping data for table `share_sitemap_uploads`
--

LOCK TABLES `share_sitemap_uploads` WRITE;
/*!40000 ALTER TABLE `share_sitemap_uploads` DISABLE KEYS */;
INSERT INTO `share_sitemap_uploads` VALUES
(1,3727,31962,3,'61548f9667b599b523cdc5b9ca540543e05a17be'),
(2,3727,31963,3,'61548f9667b599b523cdc5b9ca540543e05a17be'),
(3,3727,31964,3,'61548f9667b599b523cdc5b9ca540543e05a17be'),
(4,3727,31965,3,'61548f9667b599b523cdc5b9ca540543e05a17be'),
(5,3727,31966,3,'61548f9667b599b523cdc5b9ca540543e05a17be'),
(6,3727,31967,3,'61548f9667b599b523cdc5b9ca540543e05a17be'),
(7,3727,31968,3,'61548f9667b599b523cdc5b9ca540543e05a17be'),
(8,3727,31969,3,'61548f9667b599b523cdc5b9ca540543e05a17be'),
(9,3727,31970,3,'61548f9667b599b523cdc5b9ca540543e05a17be'),
(10,3727,31971,3,'61548f9667b599b523cdc5b9ca540543e05a17be'),
(11,3730,32009,3,'74bcf3cadc2ad6fc25076ef3250b0112'),
(12,3730,32004,3,'fd1266ebd9819a95d8dd816c52091b8c'),
(13,3730,32054,32054,'fd1266ebd9819a95d8dd816c52091b8c');
/*!40000 ALTER TABLE `share_sitemap_uploads` ENABLE KEYS */;
UNLOCK TABLES;

--
-- Table structure for table `share_sites`
--

DROP TABLE IF EXISTS `share_sites`;
/*!40101 SET @saved_cs_client     = @@character_set_client */;
/*!40101 SET character_set_client = utf8mb4 */;
CREATE TABLE `share_sites` (
  `site_id` int(11) unsigned NOT NULL AUTO_INCREMENT,
  `site_is_active` tinyint(1) NOT NULL DEFAULT 1,
  `site_is_indexed` tinyint(1) NOT NULL DEFAULT 1,
  `site_is_default` tinyint(1) NOT NULL DEFAULT 0,
  `site_folder` char(20) NOT NULL DEFAULT 'default',
  `site_order_num` int(10) unsigned DEFAULT 1,
  `site_meta_robots` text DEFAULT NULL,
  `site_ga_code` text DEFAULT NULL,
  PRIMARY KEY (`site_id`)
) ENGINE=InnoDB AUTO_INCREMENT=2 DEFAULT CHARSET=utf8mb3 COLLATE=utf8mb3_general_ci;
/*!40101 SET character_set_client = @saved_cs_client */;

--
-- Dumping data for table `share_sites`
--

LOCK TABLES `share_sites` WRITE;
/*!40000 ALTER TABLE `share_sites` DISABLE KEYS */;
INSERT INTO `share_sites` VALUES
(1,1,1,1,'default',2,NULL,NULL);
/*!40000 ALTER TABLE `share_sites` ENABLE KEYS */;
UNLOCK TABLES;

--
-- Table structure for table `share_sites_properties`
--

DROP TABLE IF EXISTS `share_sites_properties`;
/*!40101 SET @saved_cs_client     = @@character_set_client */;
/*!40101 SET character_set_client = utf8mb4 */;
CREATE TABLE `share_sites_properties` (
  `prop_id` int(10) unsigned NOT NULL AUTO_INCREMENT,
  `site_id` int(10) unsigned DEFAULT NULL,
  `prop_is_default` tinyint(1) NOT NULL DEFAULT 0,
  `prop_name` varchar(255) NOT NULL,
  `prop_value` text NOT NULL,
  PRIMARY KEY (`prop_id`),
  UNIQUE KEY `site_id` (`site_id`,`prop_name`)
) ENGINE=InnoDB AUTO_INCREMENT=4 DEFAULT CHARSET=utf8mb3 COLLATE=utf8mb3_general_ci;
/*!40101 SET character_set_client = @saved_cs_client */;

--
-- Dumping data for table `share_sites_properties`
--

LOCK TABLES `share_sites_properties` WRITE;
/*!40000 ALTER TABLE `share_sites_properties` DISABLE KEYS */;
INSERT INTO `share_sites_properties` VALUES
(3,NULL,0,'123','123\n123\n123\n123\n');
/*!40000 ALTER TABLE `share_sites_properties` ENABLE KEYS */;
UNLOCK TABLES;

--
-- Table structure for table `share_sites_tags`
--

DROP TABLE IF EXISTS `share_sites_tags`;
/*!40101 SET @saved_cs_client     = @@character_set_client */;
/*!40101 SET character_set_client = utf8mb4 */;
CREATE TABLE `share_sites_tags` (
  `site_id` int(10) unsigned NOT NULL,
  `tag_id` int(10) unsigned NOT NULL,
  PRIMARY KEY (`site_id`,`tag_id`),
  KEY `tag_id` (`tag_id`)
) ENGINE=InnoDB DEFAULT CHARSET=utf8mb3 COLLATE=utf8mb3_general_ci;
/*!40101 SET character_set_client = @saved_cs_client */;

--
-- Dumping data for table `share_sites_tags`
--

LOCK TABLES `share_sites_tags` WRITE;
/*!40000 ALTER TABLE `share_sites_tags` DISABLE KEYS */;
/*!40000 ALTER TABLE `share_sites_tags` ENABLE KEYS */;
UNLOCK TABLES;

--
-- Table structure for table `share_sites_translation`
--

DROP TABLE IF EXISTS `share_sites_translation`;
/*!40101 SET @saved_cs_client     = @@character_set_client */;
/*!40101 SET character_set_client = utf8mb4 */;
CREATE TABLE `share_sites_translation` (
  `site_id` int(11) unsigned NOT NULL,
  `lang_id` int(11) unsigned NOT NULL,
  `site_name` char(200) NOT NULL,
  `site_meta_keywords` text DEFAULT NULL,
  `site_meta_description` text DEFAULT NULL,
  PRIMARY KEY (`site_id`,`lang_id`),
  KEY `lang_id` (`lang_id`),
  CONSTRAINT `share_sites_translation_ibfk_1` FOREIGN KEY (`site_id`) REFERENCES `share_sites` (`site_id`) ON DELETE CASCADE ON UPDATE CASCADE,
  CONSTRAINT `share_sites_translation_ibfk_2` FOREIGN KEY (`lang_id`) REFERENCES `share_languages` (`lang_id`) ON DELETE CASCADE ON UPDATE CASCADE
) ENGINE=InnoDB DEFAULT CHARSET=utf8mb3 COLLATE=utf8mb3_general_ci;
/*!40101 SET character_set_client = @saved_cs_client */;

--
-- Dumping data for table `share_sites_translation`
--

LOCK TABLES `share_sites_translation` WRITE;
/*!40000 ALTER TABLE `share_sites_translation` DISABLE KEYS */;
INSERT INTO `share_sites_translation` VALUES
(1,1,'Energine',NULL,NULL),
(1,2,'Energine',NULL,NULL),
(1,3,'Energine',NULL,NULL),
(1,4,'Energine1',NULL,NULL),
(1,5,'Energine1',NULL,NULL);
/*!40000 ALTER TABLE `share_sites_translation` ENABLE KEYS */;
UNLOCK TABLES;

--
-- Table structure for table `share_tags`
--

DROP TABLE IF EXISTS `share_tags`;
/*!40101 SET @saved_cs_client     = @@character_set_client */;
/*!40101 SET character_set_client = utf8mb4 */;
CREATE TABLE `share_tags` (
  `tag_id` int(11) unsigned NOT NULL AUTO_INCREMENT,
  `tag_code` char(100) NOT NULL,
  PRIMARY KEY (`tag_id`),
  UNIQUE KEY `tag_code` (`tag_code`)
) ENGINE=InnoDB AUTO_INCREMENT=5 DEFAULT CHARSET=utf8mb3 COLLATE=utf8mb3_general_ci;
/*!40101 SET character_set_client = @saved_cs_client */;

--
-- Dumping data for table `share_tags`
--

LOCK TABLES `share_tags` WRITE;
/*!40000 ALTER TABLE `share_tags` DISABLE KEYS */;
INSERT INTO `share_tags` VALUES
(4,'foo'),
(3,'footer'),
(1,'menu'),
(2,'user');
/*!40000 ALTER TABLE `share_tags` ENABLE KEYS */;
UNLOCK TABLES;

--
-- Table structure for table `share_tags_translation`
--

DROP TABLE IF EXISTS `share_tags_translation`;
/*!40101 SET @saved_cs_client     = @@character_set_client */;
/*!40101 SET character_set_client = utf8mb4 */;
CREATE TABLE `share_tags_translation` (
  `tag_id` int(11) unsigned NOT NULL,
  `lang_id` int(11) unsigned NOT NULL,
  `tag_name` char(100) NOT NULL,
  PRIMARY KEY (`tag_id`,`lang_id`),
  KEY `lang_id` (`lang_id`),
  CONSTRAINT `share_tags_translation_ibfk_1` FOREIGN KEY (`tag_id`) REFERENCES `share_tags` (`tag_id`) ON DELETE CASCADE ON UPDATE CASCADE,
  CONSTRAINT `share_tags_translation_ibfk_2` FOREIGN KEY (`lang_id`) REFERENCES `share_languages` (`lang_id`) ON DELETE CASCADE ON UPDATE CASCADE
) ENGINE=InnoDB DEFAULT CHARSET=utf8mb3 COLLATE=utf8mb3_general_ci;
/*!40101 SET character_set_client = @saved_cs_client */;

--
-- Dumping data for table `share_tags_translation`
--

LOCK TABLES `share_tags_translation` WRITE;
/*!40000 ALTER TABLE `share_tags_translation` DISABLE KEYS */;
INSERT INTO `share_tags_translation` VALUES
(1,1,'menu'),
(1,2,'menu'),
(1,3,'menu'),
(1,4,'menu'),
(1,5,'menu'),
(2,1,'user'),
(2,2,'user'),
(2,3,'user'),
(2,4,'user'),
(2,5,'user'),
(3,1,'footer'),
(3,2,'footer'),
(3,3,'footer'),
(3,4,'footer'),
(3,5,'footer'),
(4,1,'foo'),
(4,2,'foo'),
(4,3,'foo'),
(4,4,'foo'),
(4,5,'foo');
/*!40000 ALTER TABLE `share_tags_translation` ENABLE KEYS */;
UNLOCK TABLES;

--
-- Table structure for table `share_textblocks`
--

DROP TABLE IF EXISTS `share_textblocks`;
/*!40101 SET @saved_cs_client     = @@character_set_client */;
/*!40101 SET character_set_client = utf8mb4 */;
CREATE TABLE `share_textblocks` (
  `tb_id` int(10) unsigned NOT NULL AUTO_INCREMENT,
  `smap_id` int(10) unsigned DEFAULT NULL,
  `tb_num` char(50) NOT NULL DEFAULT '1',
  PRIMARY KEY (`tb_id`),
  UNIQUE KEY `smap_id` (`smap_id`,`tb_num`),
  CONSTRAINT `share_textblocks_ibfk_1` FOREIGN KEY (`smap_id`) REFERENCES `share_sitemap` (`smap_id`) ON DELETE CASCADE ON UPDATE CASCADE
) ENGINE=InnoDB AUTO_INCREMENT=17 DEFAULT CHARSET=utf8mb3 COLLATE=utf8mb3_general_ci;
/*!40101 SET character_set_client = @saved_cs_client */;

--
-- Dumping data for table `share_textblocks`
--

LOCK TABLES `share_textblocks` WRITE;
/*!40000 ALTER TABLE `share_textblocks` DISABLE KEYS */;
INSERT INTO `share_textblocks` VALUES
(1,NULL,'footerTextBlock'),
(10,80,'1'),
(14,330,'1'),
(15,3727,'1'),
(12,3730,'1'),
(13,3737,'1'),
(16,3741,'1');
/*!40000 ALTER TABLE `share_textblocks` ENABLE KEYS */;
UNLOCK TABLES;

--
-- Table structure for table `share_textblocks_translation`
--

DROP TABLE IF EXISTS `share_textblocks_translation`;
/*!40101 SET @saved_cs_client     = @@character_set_client */;
/*!40101 SET character_set_client = utf8mb4 */;
CREATE TABLE `share_textblocks_translation` (
  `tb_id` int(10) unsigned NOT NULL,
  `lang_id` int(10) unsigned NOT NULL,
  `tb_content` longtext NOT NULL,
  UNIQUE KEY `tb_id` (`tb_id`,`lang_id`),
  KEY `lang_id` (`lang_id`),
  CONSTRAINT `share_textblocks_translation_ibfk_1` FOREIGN KEY (`tb_id`) REFERENCES `share_textblocks` (`tb_id`) ON DELETE CASCADE ON UPDATE CASCADE,
  CONSTRAINT `share_textblocks_translation_ibfk_2` FOREIGN KEY (`lang_id`) REFERENCES `share_languages` (`lang_id`) ON DELETE CASCADE ON UPDATE CASCADE
) ENGINE=InnoDB DEFAULT CHARSET=utf8mb3 COLLATE=utf8mb3_general_ci;
/*!40101 SET character_set_client = @saved_cs_client */;

--
-- Dumping data for table `share_textblocks_translation`
--

LOCK TABLES `share_textblocks_translation` WRITE;
/*!40000 ALTER TABLE `share_textblocks_translation` DISABLE KEYS */;
INSERT INTO `share_textblocks_translation` VALUES
(1,2,'<p>Lorem ipsum dolor sit amet consectetur adipisicing elit. Sunt distinctio earum repellat quaerat voluptatibus placeat nam, commodi optio pariatur est quia magnam eum harum corrupti dicta, aliquam sequi voluptate quas.</p>\n'),
(1,3,'<p>123</p>\n'),
(10,2,'<p>1223<a href=\"uploads/public/gallery/17508596121248.jpg\">11333</a>1</p>\n\n<p>222</p>\n\n<p><img alt=\"den4.jpg\" src=\"uploads/public/gallery/17508596121248.jpg\" style=\"border-width:0px;border-style:solid;height:720px;\" /></p>\n'),
(10,3,'<p>-- asasasa</p>\n\n<p> </p>\n'),
(12,2,'<p>12345678910</p>\n\n<p> </p>\n'),
(13,2,'<p>123</p>\n'),
(14,2,'<p>123</p>\n'),
(15,1,'<p>123</p>\n'),
(15,2,'<p>-- 123</p>\n'),
(16,2,'<p>asdadasdasda</p>\n');
/*!40000 ALTER TABLE `share_textblocks_translation` ENABLE KEYS */;
UNLOCK TABLES;

--
-- Table structure for table `share_uploads`
--

DROP TABLE IF EXISTS `share_uploads`;
/*!40101 SET @saved_cs_client     = @@character_set_client */;
/*!40101 SET character_set_client = utf8mb4 */;
CREATE TABLE `share_uploads` (
  `upl_id` int(10) unsigned NOT NULL AUTO_INCREMENT,
  `upl_pid` int(10) unsigned DEFAULT NULL COMMENT 'родительский идентификатор',
  `upl_childs_count` int(10) unsigned DEFAULT NULL COMMENT 'количество наследников, 0 - могут быть[но сейчас нет, пустая папка ], NULL - не может быть вообще',
  `upl_path` varchar(250) NOT NULL COMMENT 'уникальный полный путь к файлу',
  `upl_filename` varchar(255) NOT NULL COMMENT 'реальное имя файла',
  `upl_name` varchar(250) NOT NULL COMMENT 'имя файла с расширением, с этим именем файл отдается при скачивании',
  `upl_title` varchar(250) NOT NULL DEFAULT '' COMMENT 'то как файл выводится в репозитории и в alt-ах',
  `upl_description` text DEFAULT NULL,
  `upl_publication_date` datetime DEFAULT NULL,
  `upl_data` text DEFAULT NULL,
  `upl_views` bigint(20) NOT NULL DEFAULT 0,
  `upl_internal_type` char(20) DEFAULT NULL,
  `upl_mime_type` char(50) DEFAULT NULL,
  `upl_is_mp4` tinyint(1) NOT NULL DEFAULT 0,
  `upl_is_webm` tinyint(1) NOT NULL DEFAULT 0,
  `upl_is_flv` tinyint(1) NOT NULL DEFAULT 0,
  `upl_width` int(10) unsigned DEFAULT NULL,
  `upl_height` int(10) unsigned DEFAULT NULL,
  `upl_is_ready` tinyint(1) DEFAULT 1,
  `upl_duration` time DEFAULT NULL,
  `upl_is_active` int(10) unsigned DEFAULT 1,
  PRIMARY KEY (`upl_id`),
  UNIQUE KEY `upl_path` (`upl_path`),
  KEY `upl_views` (`upl_views`),
  KEY `upl_is_ready` (`upl_is_ready`),
  KEY `upl_publication_date_index` (`upl_publication_date`),
  KEY `abc` (`upl_id`,`upl_is_ready`,`upl_views`),
  KEY `upl_pid` (`upl_pid`),
  KEY `upl_childs_count` (`upl_childs_count`),
  KEY `upl_filename` (`upl_filename`),
  KEY `upl_is_active` (`upl_is_active`),
  KEY `upl_is_mp4` (`upl_is_mp4`),
  KEY `upl_is_webm` (`upl_is_webm`),
  KEY `upl_is_flv` (`upl_is_flv`),
  CONSTRAINT `share_uploads_ibfk_1` FOREIGN KEY (`upl_pid`) REFERENCES `share_uploads` (`upl_id`) ON DELETE CASCADE ON UPDATE CASCADE
) ENGINE=InnoDB AUTO_INCREMENT=32057 DEFAULT CHARSET=utf8mb3 COLLATE=utf8mb3_general_ci;
/*!40101 SET character_set_client = @saved_cs_client */;

--
-- Dumping data for table `share_uploads`
--

LOCK TABLES `share_uploads` WRITE;
/*!40000 ALTER TABLE `share_uploads` DISABLE KEYS */;
INSERT INTO `share_uploads` VALUES
(1,NULL,0,'uploads/public','public','public','Локальный репозиторий',NULL,'2025-09-14 08:05:22',NULL,0,'repo','repo/local',0,0,0,NULL,NULL,1,NULL,1),
(14,1,NULL,'uploads/public/gallery','gallery','gallery','Gallery',NULL,'2025-09-14 08:05:22',NULL,0,'folder','unknown/mime-type',0,0,0,NULL,NULL,1,NULL,1),
(19,1,NULL,'uploads/public/fast-upload','fast-upload','fast-upload','Fast Upload',NULL,'2025-09-14 06:11:18',NULL,0,'folder','unknown/mime-type',0,0,0,NULL,NULL,1,NULL,1),
(31891,19,NULL,'uploads/public/fast-upload/17306314032816.jpg','17306314032816.jpg','7dc137ab848460492a83686f1fb421a5.jpg','7dc137ab848460492a83686f1fb421a5.jpg',NULL,'2024-11-03 12:56:43',NULL,0,'image','image/jpeg',0,0,0,678,678,1,NULL,1),
(31896,19,NULL,'uploads/public/fast-upload/17362158772012.webp','17362158772012.webp','677690b2f348e.webp','677690b2f348e.webp',NULL,'2025-01-07 04:11:17',NULL,0,'image','image/webp',0,0,0,941,526,1,NULL,1),
(31898,19,NULL,'uploads/public/fast-upload/17506349361209.webp','17506349361209.webp','zagalniy-analiz-krovi-jpg.webp','zagalniy-analiz-krovi-jpg.webp',NULL,'2025-06-23 02:28:56',NULL,0,'image','image/webp',0,0,0,1176,530,1,NULL,1),
(31899,19,NULL,'uploads/public/fast-upload/17506982799152.jpg','17506982799152.jpg','motoblock-dtz-512-dn-01-1000x1000.jpg','motoblock-dtz-512-dn-01-1000x1000.jpg',NULL,'2025-06-23 20:04:39',NULL,0,'image','image/jpeg',0,0,0,1000,1000,1,NULL,1),
(31903,19,NULL,'uploads/public/fast-upload/17507445336548.jpg','17507445336548.jpg','111.jpg','111.jpg',NULL,'2025-06-24 08:55:33',NULL,0,'image','image/jpeg',0,0,0,1200,800,1,NULL,1),
(31904,19,NULL,'uploads/public/fast-upload/1750744557399.jpg','1750744557399.jpg','credit2.jpg','credit2.jpg',NULL,'2025-06-24 08:55:57',NULL,0,'image','image/jpeg',0,0,0,1024,536,1,NULL,1),
(31905,19,NULL,'uploads/public/fast-upload/17507447104478.jpg','17507447104478.jpg','den1.jpg','den1.jpg',NULL,'2025-06-24 08:58:30',NULL,0,'image','image/jpeg',0,0,0,1000,1000,1,NULL,1),
(31906,14,NULL,'uploads/public/gallery/17507988994340.webp','17507988994340.webp','credit1.webp','credit1.webp',NULL,'2025-06-25 00:01:39',NULL,0,'image','image/webp',0,0,0,750,400,1,NULL,1),
(31907,14,NULL,'uploads/public/gallery/17507988991384.jpg','17507988991384.jpg','volos1.jpg','volos1.jpg',NULL,'2025-06-25 00:01:39',NULL,0,'image','image/jpeg',0,0,0,1500,2000,1,NULL,1),
(31908,14,NULL,'uploads/public/gallery/1750798900316.webp','1750798900316.webp','volos1.webp','volos1.webp',NULL,'2025-06-25 00:01:40',NULL,0,'image','image/webp',0,0,0,4284,5712,1,NULL,1),
(31909,14,NULL,'uploads/public/gallery/17507989004361.jpg','17507989004361.jpg','volos2.jpg','volos2.jpg',NULL,'2025-06-25 00:01:40',NULL,0,'image','image/jpeg',0,0,0,1500,2000,1,NULL,1),
(31910,14,NULL,'uploads/public/gallery/17507989008397.webp','17507989008397.webp','volos2.webp','volos2.webp',NULL,'2025-06-25 00:01:40',NULL,0,'image','image/webp',0,0,0,4284,5712,1,NULL,1),
(31911,14,NULL,'uploads/public/gallery/17507989007413.jpg','17507989007413.jpg','1200_0_1594888197-5282.jpg','1200_0_1594888197-5282.jpg',NULL,'2025-06-25 00:01:40',NULL,0,'image','image/jpeg',0,0,0,1200,788,1,NULL,1),
(31912,14,NULL,'uploads/public/gallery/17507989006454.webp','17507989006454.webp','1200_0_1594888197-5282.webp','1200_0_1594888197-5282.webp',NULL,'2025-06-25 00:01:40',NULL,0,'image','image/webp',0,0,0,1200,788,1,NULL,1),
(31913,14,NULL,'uploads/public/gallery/1750798901955.png','1750798901955.png','0909-na-chasah-1024x579-1.png','0909-na-chasah-1024x579-1.png',NULL,'2025-06-25 00:01:41',NULL,0,'image','image/png',0,0,0,1024,579,1,NULL,1),
(31914,14,NULL,'uploads/public/gallery/17507989019021.jpeg','17507989019021.jpeg','02ecbe13-60ea-11ed-80e4-e9208f0c9a67_2.jpeg','02ecbe13-60ea-11ed-80e4-e9208f0c9a67_2.jpeg',NULL,'2025-06-25 00:01:41',NULL,0,'image','image/jpeg',0,0,0,660,360,1,NULL,1),
(31915,14,NULL,'uploads/public/gallery/17507989015905.jpg','17507989015905.jpg','098089137770980833777190.jpg','098089137770980833777190.jpg',NULL,'2025-06-25 00:01:41',NULL,0,'image','image/jpeg',0,0,0,1200,630,1,NULL,1),
(31916,14,NULL,'uploads/public/gallery/17507989019623.jpg','17507989019623.jpg','1696175556402 (3).jpg','1696175556402 (3).jpg',NULL,'2025-06-25 00:01:41',NULL,0,'image','image/jpeg',0,0,0,800,600,1,NULL,1),
(31917,14,NULL,'uploads/public/gallery/17507989015687.jpg','17507989015687.jpg','1696175556402.jpg','1696175556402.jpg',NULL,'2025-06-25 00:01:41',NULL,0,'image','image/jpeg',0,0,0,800,600,1,NULL,1),
(31918,14,NULL,'uploads/public/gallery/17507989014246.jpg','17507989014246.jpg','1680008393-design-pibig-info-p-razdvizhnie-peregorodki-v-interere-dizain-1-1.jpg','1680008393-design-pibig-info-p-razdvizhnie-peregorodki-v-interere-dizain-1-1.jpg',NULL,'2025-06-25 00:01:41',NULL,0,'image','image/jpeg',0,0,0,900,750,1,NULL,1),
(31919,14,NULL,'uploads/public/gallery/1750798901196.png','1750798901196.png','15bd3f2d982b899446ea1ebeddbc2841.png','15bd3f2d982b899446ea1ebeddbc2841.png',NULL,'2025-06-25 00:01:41',NULL,0,'image','image/png',0,0,0,478,479,1,NULL,1),
(31920,14,NULL,'uploads/public/gallery/17507989029297.jpg','17507989029297.jpg','1678996461_design-pibig-info-p-kaminnii-portal-v-stile-loft-dizain-instag-1.jpg','1678996461_design-pibig-info-p-kaminnii-portal-v-stile-loft-dizain-instag-1.jpg',NULL,'2025-06-25 00:01:42',NULL,0,'image','image/jpeg',0,0,0,1170,780,1,NULL,1),
(31921,14,NULL,'uploads/public/gallery/1750798902672.jpg','1750798902672.jpg','15bd3f2d982b899446ea1ebeddbc2841.jpg','15bd3f2d982b899446ea1ebeddbc2841.jpg',NULL,'2025-06-25 00:01:42',NULL,0,'image','image/jpeg',0,0,0,478,479,1,NULL,1),
(31922,14,NULL,'uploads/public/gallery/17507989025298.webp','17507989025298.webp','15bd3f2d982b899446ea1ebeddbc2841.webp','15bd3f2d982b899446ea1ebeddbc2841.webp',NULL,'2025-06-25 00:01:42',NULL,0,'image','image/webp',0,0,0,478,479,1,NULL,1),
(31923,14,NULL,'uploads/public/gallery/17507989024342.jpg','17507989024342.jpg','111.jpg','111.jpg',NULL,'2025-06-25 00:01:42',NULL,0,'image','image/jpeg',0,0,0,1200,800,1,NULL,1),
(31924,14,NULL,'uploads/public/gallery/17507989028844.jpg','17507989028844.jpg','c0e6f7bd-68ee-4360-85ae-48608a14ec13-400x400.jpg','c0e6f7bd-68ee-4360-85ae-48608a14ec13-400x400.jpg',NULL,'2025-06-25 00:01:42',NULL,0,'image','image/jpeg',0,0,0,400,400,1,NULL,1),
(31925,14,NULL,'uploads/public/gallery/17507989025072.webp','17507989025072.webp','c0e6f7bd-68ee-4360-85ae-48608a14ec13-400x400.webp','c0e6f7bd-68ee-4360-85ae-48608a14ec13-400x400.webp',NULL,'2025-06-25 00:01:42',NULL,0,'image','image/webp',0,0,0,400,400,1,NULL,1),
(31926,14,NULL,'uploads/public/gallery/17507989023166.jpg','17507989023166.jpg','bilizna1.jpg','bilizna1.jpg',NULL,'2025-06-25 00:01:42',NULL,0,'image','image/jpeg',0,0,0,690,460,1,NULL,1),
(31927,14,NULL,'uploads/public/gallery/17507989025853.jpg','17507989025853.jpg','bilizna2.jpg','bilizna2.jpg',NULL,'2025-06-25 00:01:42',NULL,0,'image','image/jpeg',0,0,0,687,460,1,NULL,1),
(31928,14,NULL,'uploads/public/gallery/17507989038430.jpg','17507989038430.jpg','bilizna3.jpg','bilizna3.jpg',NULL,'2025-06-25 00:01:43',NULL,0,'image','image/jpeg',0,0,0,688,459,1,NULL,1),
(31929,14,NULL,'uploads/public/gallery/17507989039805.jpg','17507989039805.jpg','den1.jpg','den1.jpg',NULL,'2025-06-25 00:01:43',NULL,0,'image','image/jpeg',0,0,0,1000,1000,1,NULL,1),
(31930,14,NULL,'uploads/public/gallery/17507989035194.jpg','17507989035194.jpg','1677766328_happyhouse-guru-p-samokleyushchiisya-dekor-dlya-sten-stena-i-2.jpg','1677766328_happyhouse-guru-p-samokleyushchiisya-dekor-dlya-sten-stena-i-2.jpg',NULL,'2025-06-25 00:01:43',NULL,0,'image','image/jpeg',0,0,0,940,940,1,NULL,1),
(31931,14,NULL,'uploads/public/gallery/17507989306510.jpg','17507989306510.jpg','volos1.jpg','volos1.jpg',NULL,'2025-06-25 00:02:10',NULL,0,'image','image/jpeg',0,0,0,1500,2000,1,NULL,1),
(31932,14,NULL,'uploads/public/gallery/17507989306532.webp','17507989306532.webp','volos1.webp','volos1.webp',NULL,'2025-06-25 00:02:10',NULL,0,'image','image/webp',0,0,0,4284,5712,1,NULL,1),
(31933,14,NULL,'uploads/public/gallery/17507989303230.jpg','17507989303230.jpg','volos2.jpg','volos2.jpg',NULL,'2025-06-25 00:02:10',NULL,0,'image','image/jpeg',0,0,0,1500,2000,1,NULL,1),
(31934,14,NULL,'uploads/public/gallery/17507989314188.webp','17507989314188.webp','volos2.webp','volos2.webp',NULL,'2025-06-25 00:02:11',NULL,0,'image','image/webp',0,0,0,4284,5712,1,NULL,1),
(31935,14,NULL,'uploads/public/gallery/17507989316836.jpg','17507989316836.jpg','1200_0_1594888197-5282.jpg','1200_0_1594888197-5282.jpg',NULL,'2025-06-25 00:02:11',NULL,0,'image','image/jpeg',0,0,0,1200,788,1,NULL,1),
(31936,14,NULL,'uploads/public/gallery/17507989319263.webp','17507989319263.webp','1200_0_1594888197-5282.webp','1200_0_1594888197-5282.webp',NULL,'2025-06-25 00:02:11',NULL,0,'image','image/webp',0,0,0,1200,788,1,NULL,1),
(31937,14,NULL,'uploads/public/gallery/17507989313199.png','17507989313199.png','0909-na-chasah-1024x579-1.png','0909-na-chasah-1024x579-1.png',NULL,'2025-06-25 00:02:11',NULL,0,'image','image/png',0,0,0,1024,579,1,NULL,1),
(31938,14,NULL,'uploads/public/gallery/17507989316027.jpeg','17507989316027.jpeg','02ecbe13-60ea-11ed-80e4-e9208f0c9a67_2.jpeg','02ecbe13-60ea-11ed-80e4-e9208f0c9a67_2.jpeg',NULL,'2025-06-25 00:02:11',NULL,0,'image','image/jpeg',0,0,0,660,360,1,NULL,1),
(31939,14,NULL,'uploads/public/gallery/17507989315059.jpg','17507989315059.jpg','098089137770980833777190.jpg','098089137770980833777190.jpg',NULL,'2025-06-25 00:02:11',NULL,0,'image','image/jpeg',0,0,0,1200,630,1,NULL,1),
(31940,14,NULL,'uploads/public/gallery/1750798931780.jpg','1750798931780.jpg','1696175556402 (3).jpg','1696175556402 (3).jpg',NULL,'2025-06-25 00:02:11',NULL,0,'image','image/jpeg',0,0,0,800,600,1,NULL,1),
(31941,14,NULL,'uploads/public/gallery/1750798932207.jpg','1750798932207.jpg','1696175556402.jpg','1696175556402.jpg',NULL,'2025-06-25 00:02:12',NULL,0,'image','image/jpeg',0,0,0,800,600,1,NULL,1),
(31942,14,NULL,'uploads/public/gallery/17507989323541.jpg','17507989323541.jpg','1680008393-design-pibig-info-p-razdvizhnie-peregorodki-v-interere-dizain-1-1.jpg','1680008393-design-pibig-info-p-razdvizhnie-peregorodki-v-interere-dizain-1-1.jpg',NULL,'2025-06-25 00:02:12',NULL,0,'image','image/jpeg',0,0,0,900,750,1,NULL,1),
(31943,14,NULL,'uploads/public/gallery/1750798932317.png','1750798932317.png','15bd3f2d982b899446ea1ebeddbc2841.png','15bd3f2d982b899446ea1ebeddbc2841.png',NULL,'2025-06-25 00:02:12',NULL,0,'image','image/png',0,0,0,478,479,1,NULL,1),
(31944,14,NULL,'uploads/public/gallery/17507989326616.jpg','17507989326616.jpg','1678996461_design-pibig-info-p-kaminnii-portal-v-stile-loft-dizain-instag-1.jpg','1678996461_design-pibig-info-p-kaminnii-portal-v-stile-loft-dizain-instag-1.jpg',NULL,'2025-06-25 00:02:12',NULL,0,'image','image/jpeg',0,0,0,1170,780,1,NULL,1),
(31945,14,NULL,'uploads/public/gallery/17507989324112.jpg','17507989324112.jpg','15bd3f2d982b899446ea1ebeddbc2841.jpg','15bd3f2d982b899446ea1ebeddbc2841.jpg',NULL,'2025-06-25 00:02:12',NULL,0,'image','image/jpeg',0,0,0,478,479,1,NULL,1),
(31946,14,NULL,'uploads/public/gallery/17507989324946.webp','17507989324946.webp','15bd3f2d982b899446ea1ebeddbc2841.webp','15bd3f2d982b899446ea1ebeddbc2841.webp',NULL,'2025-06-25 00:02:12',NULL,0,'image','image/webp',0,0,0,478,479,1,NULL,1),
(31947,14,NULL,'uploads/public/gallery/17507989337014.jpg','17507989337014.jpg','111.jpg','111.jpg',NULL,'2025-06-25 00:02:13',NULL,0,'image','image/jpeg',0,0,0,1200,800,1,NULL,1),
(31948,14,NULL,'uploads/public/gallery/17507989337744.jpg','17507989337744.jpg','c0e6f7bd-68ee-4360-85ae-48608a14ec13-400x400.jpg','c0e6f7bd-68ee-4360-85ae-48608a14ec13-400x400.jpg',NULL,'2025-06-25 00:02:13',NULL,0,'image','image/jpeg',0,0,0,400,400,1,NULL,1),
(31949,14,NULL,'uploads/public/gallery/17507989337865.webp','17507989337865.webp','c0e6f7bd-68ee-4360-85ae-48608a14ec13-400x400.webp','c0e6f7bd-68ee-4360-85ae-48608a14ec13-400x400.webp',NULL,'2025-06-25 00:02:13',NULL,0,'image','image/webp',0,0,0,400,400,1,NULL,1),
(31950,14,NULL,'uploads/public/gallery/17507989339139.jpg','17507989339139.jpg','bilizna1.jpg','bilizna1.jpg',NULL,'2025-06-25 00:02:13',NULL,0,'image','image/jpeg',0,0,0,690,460,1,NULL,1),
(31951,14,NULL,'uploads/public/gallery/17507989336434.jpg','17507989336434.jpg','bilizna2.jpg','bilizna2.jpg',NULL,'2025-06-25 00:02:13',NULL,0,'image','image/jpeg',0,0,0,687,460,1,NULL,1),
(31952,14,NULL,'uploads/public/gallery/17507989339691.jpg','17507989339691.jpg','bilizna3.jpg','bilizna3.jpg',NULL,'2025-06-25 00:02:13',NULL,0,'image','image/jpeg',0,0,0,688,459,1,NULL,1),
(31953,14,NULL,'uploads/public/gallery/17507989333042.jpg','17507989333042.jpg','den1.jpg','den1.jpg',NULL,'2025-06-25 00:02:13',NULL,0,'image','image/jpeg',0,0,0,1000,1000,1,NULL,1),
(31954,14,NULL,'uploads/public/gallery/1750798933640.jpg','1750798933640.jpg','1677766328_happyhouse-guru-p-samokleyushchiisya-dekor-dlya-sten-stena-i-2.jpg','1677766328_happyhouse-guru-p-samokleyushchiisya-dekor-dlya-sten-stena-i-2.jpg',NULL,'2025-06-25 00:02:13',NULL,0,'image','image/jpeg',0,0,0,940,940,1,NULL,1),
(31955,14,NULL,'uploads/public/gallery/17507989335982.webp','17507989335982.webp','credit1.webp','credit1.webp',NULL,'2025-06-25 00:02:13',NULL,0,'image','image/webp',0,0,0,750,400,1,NULL,1),
(31956,19,NULL,'uploads/public/fast-upload/17508557821700.webp','17508557821700.webp','credit1.webp','credit1.webp',NULL,'2025-06-25 15:49:42',NULL,0,'image','image/webp',0,0,0,750,400,1,NULL,1),
(31957,14,NULL,'uploads/public/gallery/17508557971897.webp','17508557971897.webp','credit1.webp','credit1.webp',NULL,'2025-06-25 15:49:57',NULL,0,'image','image/webp',0,0,0,750,400,1,NULL,1),
(31958,14,NULL,'uploads/public/gallery/17508558081033.jpg','17508558081033.jpg','volos1.jpg','volos1.jpg',NULL,'2025-06-25 15:50:08',NULL,0,'image','image/jpeg',0,0,0,1500,2000,1,NULL,1),
(31959,14,NULL,'uploads/public/gallery/17508573575077.webp','17508573575077.webp','credit1.webp','credit1.webp',NULL,'2025-06-25 16:15:57',NULL,0,'image','image/webp',0,0,0,750,400,1,NULL,1),
(31960,19,NULL,'uploads/public/fast-upload/17508573775698.webp','17508573775698.webp','credit1.webp','credit1.webp',NULL,'2025-06-25 16:16:17',NULL,0,'image','image/webp',0,0,0,750,400,1,NULL,1),
(31961,19,NULL,'uploads/public/fast-upload/17508573954637.webp','17508573954637.webp','credit1.webp','credit1.webp',NULL,'2025-06-25 16:16:35',NULL,0,'image','image/webp',0,0,0,750,400,1,NULL,1),
(31962,19,NULL,'uploads/public/fast-upload/17508576797036.webp','17508576797036.webp','credit1.webp','credit1.webp',NULL,'2025-06-25 16:21:19',NULL,0,'image','image/webp',0,0,0,750,400,1,NULL,1),
(31963,19,NULL,'uploads/public/fast-upload/17508579249374.webp','17508579249374.webp','credit1.webp','credit1.webp',NULL,'2025-06-25 16:25:24',NULL,0,'image','image/webp',0,0,0,750,400,1,NULL,1),
(31964,19,NULL,'uploads/public/fast-upload/17508579306378.jpg','17508579306378.jpg','den1.jpg','den1.jpg',NULL,'2025-06-25 16:25:30',NULL,0,'image','image/jpeg',0,0,0,1000,1000,1,NULL,1),
(31965,19,NULL,'uploads/public/fast-upload/17508580196372.jpg','17508580196372.jpg','den1.jpg','den1.jpg',NULL,'2025-06-25 16:26:59',NULL,0,'image','image/jpeg',0,0,0,1000,1000,1,NULL,1),
(31966,19,NULL,'uploads/public/fast-upload/17508580237421.jpg','17508580237421.jpg','den1.jpg','den1.jpg',NULL,'2025-06-25 16:27:03',NULL,0,'image','image/jpeg',0,0,0,1000,1000,1,NULL,1),
(31967,19,NULL,'uploads/public/fast-upload/17508580318783.webp','17508580318783.webp','credit1.webp','credit1.webp',NULL,'2025-06-25 16:27:11',NULL,0,'image','image/webp',0,0,0,750,400,1,NULL,1),
(31968,19,NULL,'uploads/public/fast-upload/17508580316440.jpg','17508580316440.jpg','credit2.jpg','credit2.jpg',NULL,'2025-06-25 16:27:11',NULL,0,'image','image/jpeg',0,0,0,1024,536,1,NULL,1),
(31969,19,NULL,'uploads/public/fast-upload/17508580312281.jpg','17508580312281.jpg','zagalniy-analiz-krovi-jpg.jpg','zagalniy-analiz-krovi-jpg.jpg',NULL,'2025-06-25 16:27:11',NULL,0,'image','image/jpeg',0,0,0,1176,530,1,NULL,1),
(31970,19,NULL,'uploads/public/fast-upload/17508580316582.webp','17508580316582.webp','zagalniy-analiz-krovi-jpg.webp','zagalniy-analiz-krovi-jpg.webp',NULL,'2025-06-25 16:27:11',NULL,0,'image','image/webp',0,0,0,1176,530,1,NULL,1),
(31971,19,NULL,'uploads/public/fast-upload/17508581497606.jpg','17508581497606.jpg','den1.jpg','den1.jpg',NULL,'2025-06-25 16:29:09',NULL,0,'image','image/jpeg',0,0,0,1000,1000,1,NULL,1),
(31972,19,NULL,'uploads/public/fast-upload/17508581632132.jpg','17508581632132.jpg','den1.jpg','den1.jpg',NULL,'2025-06-25 16:29:23',NULL,0,'image','image/jpeg',0,0,0,1000,1000,1,NULL,1),
(31973,19,NULL,'uploads/public/fast-upload/17508581647288.jpg','17508581647288.jpg','den2.jpg','den2.jpg',NULL,'2025-06-25 16:29:24',NULL,0,'image','image/jpeg',0,0,0,480,320,1,NULL,1),
(31974,19,NULL,'uploads/public/fast-upload/17508581648883.png','17508581648883.png','den3.png','den3.png',NULL,'2025-06-25 16:29:24',NULL,0,'image','image/png',0,0,0,700,500,1,NULL,1),
(31975,19,NULL,'uploads/public/fast-upload/17508583102579.jpg','17508583102579.jpg','volos1.jpg','volos1.jpg',NULL,'2025-06-25 16:31:50',NULL,0,'image','image/jpeg',0,0,0,1500,2000,1,NULL,1),
(31976,19,NULL,'uploads/public/fast-upload/17508587462165.jpg','17508587462165.jpg','volos1.jpg','volos1.jpg',NULL,'2025-06-25 16:39:06',NULL,0,'image','image/jpeg',0,0,0,1500,2000,1,NULL,1),
(31977,19,NULL,'uploads/public/fast-upload/17508587846019.jpg','17508587846019.jpg','den1.jpg','den1.jpg',NULL,'2025-06-25 16:39:44',NULL,0,'image','image/jpeg',0,0,0,1000,1000,1,NULL,1),
(31978,19,NULL,'uploads/public/fast-upload/17508587893143.jpg','17508587893143.jpg','volos1.jpg','volos1.jpg',NULL,'2025-06-25 16:39:49',NULL,0,'image','image/jpeg',0,0,0,1500,2000,1,NULL,1),
(31979,19,NULL,'uploads/public/fast-upload/17508587936763.webp','17508587936763.webp','credit1.webp','credit1.webp',NULL,'2025-06-25 16:39:53',NULL,0,'image','image/webp',0,0,0,750,400,1,NULL,1),
(31980,19,NULL,'uploads/public/fast-upload/1750858793256.jpg','1750858793256.jpg','credit2.jpg','credit2.jpg',NULL,'2025-06-25 16:39:53',NULL,0,'image','image/jpeg',0,0,0,1024,536,1,NULL,1),
(31981,19,NULL,'uploads/public/fast-upload/17508587935313.jpg','17508587935313.jpg','volos1.jpg','volos1.jpg',NULL,'2025-06-25 16:39:53',NULL,0,'image','image/jpeg',0,0,0,1500,2000,1,NULL,1),
(31982,19,NULL,'uploads/public/fast-upload/17508587934862.webp','17508587934862.webp','volos1.webp','volos1.webp',NULL,'2025-06-25 16:39:53',NULL,0,'image','image/webp',0,0,0,4284,5712,1,NULL,1),
(31983,19,NULL,'uploads/public/fast-upload/1750858807128.jpg','1750858807128.jpg','volos1.jpg','volos1.jpg',NULL,'2025-06-25 16:40:07',NULL,0,'image','image/jpeg',0,0,0,1500,2000,1,NULL,1),
(31984,19,NULL,'uploads/public/fast-upload/17508588082680.webp','17508588082680.webp','volos1.webp','volos1.webp',NULL,'2025-06-25 16:40:08',NULL,0,'image','image/webp',0,0,0,4284,5712,1,NULL,1),
(31985,19,NULL,'uploads/public/fast-upload/17508588084241.webp','17508588084241.webp','credit1.webp','credit1.webp',NULL,'2025-06-25 16:40:08',NULL,0,'image','image/webp',0,0,0,750,400,1,NULL,1),
(31986,19,NULL,'uploads/public/fast-upload/17508588083345.jpg','17508588083345.jpg','credit2.jpg','credit2.jpg',NULL,'2025-06-25 16:40:08',NULL,0,'image','image/jpeg',0,0,0,1024,536,1,NULL,1),
(31987,19,NULL,'uploads/public/fast-upload/17508588198054.webp','17508588198054.webp','credit1.webp','credit1.webp',NULL,'2025-06-25 16:40:19',NULL,0,'image','image/webp',0,0,0,750,400,1,NULL,1),
(31988,19,NULL,'uploads/public/fast-upload/17508588199835.jpg','17508588199835.jpg','credit2.jpg','credit2.jpg',NULL,'2025-06-25 16:40:19',NULL,0,'image','image/jpeg',0,0,0,1024,536,1,NULL,1),
(31989,19,NULL,'uploads/public/fast-upload/17508588191067.jpg','17508588191067.jpg','volos1.jpg','volos1.jpg',NULL,'2025-06-25 16:40:19',NULL,0,'image','image/jpeg',0,0,0,1500,2000,1,NULL,1),
(31990,19,NULL,'uploads/public/fast-upload/17508588199547.webp','17508588199547.webp','volos1.webp','volos1.webp',NULL,'2025-06-25 16:40:19',NULL,0,'image','image/webp',0,0,0,4284,5712,1,NULL,1),
(31991,19,NULL,'uploads/public/fast-upload/17508588245107.webp','17508588245107.webp','credit1.webp','credit1.webp',NULL,'2025-06-25 16:40:24',NULL,0,'image','image/webp',0,0,0,750,400,1,NULL,1),
(31992,19,NULL,'uploads/public/fast-upload/17508588252668.jpg','17508588252668.jpg','credit2.jpg','credit2.jpg',NULL,'2025-06-25 16:40:25',NULL,0,'image','image/jpeg',0,0,0,1024,536,1,NULL,1),
(31993,19,NULL,'uploads/public/fast-upload/17508588258571.jpg','17508588258571.jpg','volos1.jpg','volos1.jpg',NULL,'2025-06-25 16:40:25',NULL,0,'image','image/jpeg',0,0,0,1500,2000,1,NULL,1),
(31994,19,NULL,'uploads/public/fast-upload/1750858825511.webp','1750858825511.webp','volos1.webp','volos1.webp',NULL,'2025-06-25 16:40:25',NULL,0,'image','image/webp',0,0,0,4284,5712,1,NULL,1),
(31995,19,NULL,'uploads/public/fast-upload/17508589348965.jpg','17508589348965.jpg','volos1.jpg','volos1.jpg',NULL,'2025-06-25 16:42:14',NULL,0,'image','image/jpeg',0,0,0,1500,2000,1,NULL,1),
(31996,19,NULL,'uploads/public/fast-upload/17508589759993.jpg','17508589759993.jpg','volos1.jpg','volos1.jpg',NULL,'2025-06-25 16:42:55',NULL,0,'image','image/jpeg',0,0,0,1500,2000,1,NULL,1),
(31997,19,NULL,'uploads/public/fast-upload/17508589781651.jpg','17508589781651.jpg','volos1.jpg','volos1.jpg',NULL,'2025-06-25 16:42:58',NULL,0,'image','image/jpeg',0,0,0,1500,2000,1,NULL,1),
(31998,14,NULL,'uploads/public/gallery/17508589874176.jpg','17508589874176.jpg','den1.jpg','den1.jpg',NULL,'2025-06-25 16:43:07',NULL,0,'image','image/jpeg',0,0,0,1000,1000,1,NULL,1),
(31999,14,NULL,'uploads/public/gallery/17508595108150.jpg','17508595108150.jpg','den1.jpg','den1.jpg',NULL,'2025-06-25 16:51:50',NULL,0,'image','image/jpeg',0,0,0,1000,1000,1,NULL,1),
(32000,19,NULL,'uploads/public/fast-upload/17508595702031.webp','17508595702031.webp','credit1.webp','credit1.webp',NULL,'2025-06-25 16:52:50',NULL,0,'image','image/webp',0,0,0,750,400,1,NULL,1),
(32001,19,NULL,'uploads/public/fast-upload/17508595746666.jpg','17508595746666.jpg','den2.jpg','den2.jpg',NULL,'2025-06-25 16:52:54',NULL,0,'image','image/jpeg',0,0,0,480,320,1,NULL,1),
(32002,14,NULL,'uploads/public/gallery/17508595984643.jpg','17508595984643.jpg','den2.jpg','den2.jpg',NULL,'2025-06-25 16:53:18',NULL,0,'image','image/jpeg',0,0,0,480,320,1,NULL,1),
(32003,14,NULL,'uploads/public/gallery/17508596037520.jpg','17508596037520.jpg','den1.jpg','den1.jpg',NULL,'2025-06-25 16:53:23',NULL,0,'image','image/jpeg',0,0,0,1000,1000,1,NULL,1),
(32004,14,NULL,'uploads/public/gallery/17508596039881.jpg','17508596039881.jpg','den2.jpg','den2.jpg',NULL,'2025-06-25 16:53:23',NULL,0,'image','image/jpeg',0,0,0,480,320,1,NULL,1),
(32005,14,NULL,'uploads/public/gallery/17508596037021.png','17508596037021.png','den3.png','den3.png',NULL,'2025-06-25 16:53:23',NULL,0,'image','image/png',0,0,0,700,500,1,NULL,1),
(32006,14,NULL,'uploads/public/gallery/17508596114957.jpg','17508596114957.jpg','den1.jpg','den1.jpg',NULL,'2025-06-25 16:53:31',NULL,0,'image','image/jpeg',0,0,0,1000,1000,1,NULL,1),
(32007,14,NULL,'uploads/public/gallery/1750859611573.jpg','1750859611573.jpg','den2.jpg','den2.jpg',NULL,'2025-06-25 16:53:31',NULL,0,'image','image/jpeg',0,0,0,480,320,1,NULL,1),
(32009,14,NULL,'uploads/public/gallery/17508596121248.jpg','17508596121248.jpg','den4.jpg','den4.jpg',NULL,'2025-06-25 16:53:32',NULL,0,'image','image/jpeg',0,0,0,1280,720,1,NULL,1),
(32010,19,NULL,'uploads/public/fast-upload/17508641407249.jpg','17508641407249.jpg','bilizna1.jpg','bilizna1.jpg',NULL,'2025-06-25 18:09:00',NULL,0,'image','image/jpeg',0,0,0,690,460,1,NULL,1),
(32011,19,NULL,'uploads/public/fast-upload/17508641407333.jpg','17508641407333.jpg','bilizna2.jpg','bilizna2.jpg',NULL,'2025-06-25 18:09:00',NULL,0,'image','image/jpeg',0,0,0,687,460,1,NULL,1),
(32012,19,NULL,'uploads/public/fast-upload/17508641407786.jpg','17508641407786.jpg','bilizna3.jpg','bilizna3.jpg',NULL,'2025-06-25 18:09:00',NULL,0,'image','image/jpeg',0,0,0,688,459,1,NULL,1),
(32013,19,NULL,'uploads/public/fast-upload/17508641416890.jpg','17508641416890.jpg','den1.jpg','den1.jpg',NULL,'2025-06-25 18:09:01',NULL,0,'image','image/jpeg',0,0,0,1000,1000,1,NULL,1),
(32014,19,NULL,'uploads/public/fast-upload/17508641419409.jpg','17508641419409.jpg','den2.jpg','den2.jpg',NULL,'2025-06-25 18:09:01',NULL,0,'image','image/jpeg',0,0,0,480,320,1,NULL,1),
(32015,19,NULL,'uploads/public/fast-upload/17508641419531.png','17508641419531.png','den3.png','den3.png',NULL,'2025-06-25 18:09:01',NULL,0,'image','image/png',0,0,0,700,500,1,NULL,1),
(32016,19,NULL,'uploads/public/fast-upload/17508641414529.jpg','17508641414529.jpg','den4.jpg','den4.jpg',NULL,'2025-06-25 18:09:01',NULL,0,'image','image/jpeg',0,0,0,1280,720,1,NULL,1),
(32017,19,NULL,'uploads/public/fast-upload/17508641418871.webp','17508641418871.webp','credit1.webp','credit1.webp',NULL,'2025-06-25 18:09:01',NULL,0,'image','image/webp',0,0,0,750,400,1,NULL,1),
(32018,19,NULL,'uploads/public/fast-upload/1750864141860.jpg','1750864141860.jpg','credit2.jpg','credit2.jpg',NULL,'2025-06-25 18:09:01',NULL,0,'image','image/jpeg',0,0,0,1024,536,1,NULL,1),
(32019,19,NULL,'uploads/public/fast-upload/17508641414124.jpg','17508641414124.jpg','zagalniy-analiz-krovi-jpg.jpg','zagalniy-analiz-krovi-jpg.jpg',NULL,'2025-06-25 18:09:01',NULL,0,'image','image/jpeg',0,0,0,1176,530,1,NULL,1),
(32020,19,NULL,'uploads/public/fast-upload/1750864141514.webp','1750864141514.webp','zagalniy-analiz-krovi-jpg.webp','zagalniy-analiz-krovi-jpg.webp',NULL,'2025-06-25 18:09:01',NULL,0,'image','image/webp',0,0,0,1176,530,1,NULL,1),
(32021,19,NULL,'uploads/public/fast-upload/17508641423785.jpg','17508641423785.jpg','volos1.jpg','volos1.jpg',NULL,'2025-06-25 18:09:02',NULL,0,'image','image/jpeg',0,0,0,1500,2000,1,NULL,1),
(32022,19,NULL,'uploads/public/fast-upload/17508641426332.webp','17508641426332.webp','volos1.webp','volos1.webp',NULL,'2025-06-25 18:09:02',NULL,0,'image','image/webp',0,0,0,4284,5712,1,NULL,1),
(32023,19,NULL,'uploads/public/fast-upload/17508641425767.webp','17508641425767.webp','c0e6f7bd-68ee-4360-85ae-48608a14ec13-400x400.webp','c0e6f7bd-68ee-4360-85ae-48608a14ec13-400x400.webp',NULL,'2025-06-25 18:09:02',NULL,0,'image','image/webp',0,0,0,400,400,1,NULL,1),
(32024,19,NULL,'uploads/public/fast-upload/17508641503446.webp','17508641503446.webp','credit1 — копия (3).webp','credit1 — копия (3).webp',NULL,'2025-06-25 18:09:10',NULL,0,'image','image/webp',0,0,0,750,400,1,NULL,1),
(32025,19,NULL,'uploads/public/fast-upload/17508641504456.jpg','17508641504456.jpg','credit2 — копия (3).jpg','credit2 — копия (3).jpg',NULL,'2025-06-25 18:09:10',NULL,0,'image','image/jpeg',0,0,0,1024,536,1,NULL,1),
(32026,19,NULL,'uploads/public/fast-upload/17508641504981.jpg','17508641504981.jpg','zagalniy-analiz-krovi-jpg — копия (3).jpg','zagalniy-analiz-krovi-jpg — копия (3).jpg',NULL,'2025-06-25 18:09:10',NULL,0,'image','image/jpeg',0,0,0,1176,530,1,NULL,1),
(32027,19,NULL,'uploads/public/fast-upload/17508641504580.webp','17508641504580.webp','zagalniy-analiz-krovi-jpg — копия (3).webp','zagalniy-analiz-krovi-jpg — копия (3).webp',NULL,'2025-06-25 18:09:10',NULL,0,'image','image/webp',0,0,0,1176,530,1,NULL,1),
(32028,19,NULL,'uploads/public/fast-upload/17508641509081.jpg','17508641509081.jpg','volos1 — копия (3).jpg','volos1 — копия (3).jpg',NULL,'2025-06-25 18:09:10',NULL,0,'image','image/jpeg',0,0,0,1500,2000,1,NULL,1),
(32029,19,NULL,'uploads/public/fast-upload/17508641515518.webp','17508641515518.webp','volos1 — копия (3).webp','volos1 — копия (3).webp',NULL,'2025-06-25 18:09:11',NULL,0,'image','image/webp',0,0,0,4284,5712,1,NULL,1),
(32030,19,NULL,'uploads/public/fast-upload/17508641512394.webp','17508641512394.webp','c0e6f7bd-68ee-4360-85ae-48608a14ec13-400x400 — копия (2).webp','c0e6f7bd-68ee-4360-85ae-48608a14ec13-400x400 — копия (2).webp',NULL,'2025-06-25 18:09:11',NULL,0,'image','image/webp',0,0,0,400,400,1,NULL,1),
(32031,19,NULL,'uploads/public/fast-upload/17508641512028.jpg','17508641512028.jpg','bilizna1 — копия.jpg','bilizna1 — копия.jpg',NULL,'2025-06-25 18:09:11',NULL,0,'image','image/jpeg',0,0,0,690,460,1,NULL,1),
(32032,19,NULL,'uploads/public/fast-upload/17508641517327.jpg','17508641517327.jpg','bilizna2 — копия.jpg','bilizna2 — копия.jpg',NULL,'2025-06-25 18:09:11',NULL,0,'image','image/jpeg',0,0,0,687,460,1,NULL,1),
(32033,19,NULL,'uploads/public/fast-upload/17508641516774.jpg','17508641516774.jpg','den1 — копия (2).jpg','den1 — копия (2).jpg',NULL,'2025-06-25 18:09:11',NULL,0,'image','image/jpeg',0,0,0,1000,1000,1,NULL,1),
(32034,19,NULL,'uploads/public/fast-upload/17508641515612.jpg','17508641515612.jpg','den2 — копия (2).jpg','den2 — копия (2).jpg',NULL,'2025-06-25 18:09:11',NULL,0,'image','image/jpeg',0,0,0,480,320,1,NULL,1),
(32035,19,NULL,'uploads/public/fast-upload/17508641514711.png','17508641514711.png','den3 — копия (2).png','den3 — копия (2).png',NULL,'2025-06-25 18:09:11',NULL,0,'image','image/png',0,0,0,700,500,1,NULL,1),
(32036,19,NULL,'uploads/public/fast-upload/17508641528767.jpg','17508641528767.jpg','den4 — копия (2).jpg','den4 — копия (2).jpg',NULL,'2025-06-25 18:09:12',NULL,0,'image','image/jpeg',0,0,0,1280,720,1,NULL,1),
(32037,19,NULL,'uploads/public/fast-upload/17508641741433.png','17508641741433.png','budi2.png','budi2.png',NULL,'2025-06-25 18:09:34',NULL,0,'image','image/png',0,0,0,2244,1654,1,NULL,1),
(32038,19,NULL,'uploads/public/fast-upload/17508641744566.png','17508641744566.png','budi1.png','budi1.png',NULL,'2025-06-25 18:09:34',NULL,0,'image','image/png',0,0,0,1080,1080,1,NULL,1),
(32039,19,NULL,'uploads/public/fast-upload/17508641742692.jpg','17508641742692.jpg','sg_750h440.jpg','sg_750h440.jpg',NULL,'2025-06-25 18:09:34',NULL,0,'image','image/jpeg',0,0,0,750,440,1,NULL,1),
(32040,19,NULL,'uploads/public/fast-upload/17508641749268.jpg','17508641749268.jpg','bdjoli.jpg','bdjoli.jpg',NULL,'2025-06-25 18:09:34',NULL,0,'image','image/jpeg',0,0,0,2000,1500,1,NULL,1),
(32041,19,NULL,'uploads/public/fast-upload/17508641742901.webp','17508641742901.webp','bdjoli.webp','bdjoli.webp',NULL,'2025-06-25 18:09:34',NULL,0,'image','image/webp',0,0,0,2000,1500,1,NULL,1),
(32042,19,NULL,'uploads/public/fast-upload/17508641755689.jpg','17508641755689.jpg','pilesos2.jpg','pilesos2.jpg',NULL,'2025-06-25 18:09:35',NULL,0,'image','image/jpeg',0,0,0,602,401,1,NULL,1),
(32043,19,NULL,'uploads/public/fast-upload/17508641758605.jpg','17508641758605.jpg','pilesos1.jpg','pilesos1.jpg',NULL,'2025-06-25 18:09:35',NULL,0,'image','image/jpeg',0,0,0,602,400,1,NULL,1),
(32044,19,NULL,'uploads/public/fast-upload/17508641755565.jpg','17508641755565.jpg','notebook-hp2.jpg','notebook-hp2.jpg',NULL,'2025-06-25 18:09:35',NULL,0,'image','image/jpeg',0,0,0,700,700,1,NULL,1),
(32045,19,NULL,'uploads/public/fast-upload/17508641759669.webp','17508641759669.webp','notebook-hp2.webp','notebook-hp2.webp',NULL,'2025-06-25 18:09:35',NULL,0,'image','image/webp',0,0,0,700,700,1,NULL,1),
(32046,19,NULL,'uploads/public/fast-upload/1750864175429.jpg','1750864175429.jpg','notebook-hp.jpg','notebook-hp.jpg',NULL,'2025-06-25 18:09:35',NULL,0,'image','image/jpeg',0,0,0,700,700,1,NULL,1),
(32047,19,NULL,'uploads/public/fast-upload/17508641761256.webp','17508641761256.webp','notebook-hp.webp','notebook-hp.webp',NULL,'2025-06-25 18:09:36',NULL,0,'image','image/webp',0,0,0,700,700,1,NULL,1),
(32048,19,NULL,'uploads/public/fast-upload/17508641762868.jpg','17508641762868.jpg','barbershop.jpg','barbershop.jpg',NULL,'2025-06-25 18:09:36',NULL,0,'image','image/jpeg',0,0,0,2048,1364,1,NULL,1),
(32049,19,NULL,'uploads/public/fast-upload/17508641765434.webp','17508641765434.webp','barbershop.webp','barbershop.webp',NULL,'2025-06-25 18:09:36',NULL,0,'image','image/webp',0,0,0,2048,1364,1,NULL,1),
(32050,19,NULL,'uploads/public/fast-upload/17508641766661.jpg','17508641766661.jpg','elektro1.jpg','elektro1.jpg',NULL,'2025-06-25 18:09:36',NULL,0,'image','image/jpeg',0,0,0,800,600,1,NULL,1),
(32051,19,NULL,'uploads/public/fast-upload/17508641768280.jpg','17508641768280.jpg','2984915789_w600_h600_2984915789.jpg','2984915789_w600_h600_2984915789.jpg',NULL,'2025-06-25 18:09:36',NULL,0,'image','image/jpeg',0,0,0,600,337,1,NULL,1),
(32052,19,NULL,'uploads/public/fast-upload/17508641765186.webp','17508641765186.webp','2984915789_w600_h600_2984915789.webp','2984915789_w600_h600_2984915789.webp',NULL,'2025-06-25 18:09:36',NULL,0,'image','image/webp',0,0,0,600,337,1,NULL,1),
(32053,19,NULL,'uploads/public/fast-upload/17508641771754.png','17508641771754.png','rabotaua.png','rabotaua.png',NULL,'2025-06-25 18:09:37',NULL,0,'image','image/png',0,0,0,624,416,1,NULL,1),
(32054,19,NULL,'uploads/public/fast-upload/17578194781999.jpg','17578194781999.jpg','1024813707.jpg','1024813707.jpg',NULL,'2025-09-14 06:11:18',NULL,0,'image','image/jpeg',0,0,0,600,356,1,NULL,1),
(32055,14,NULL,'uploads/public/gallery/17578256626468.jpg','17578256626468.jpg','5287567700652059274.jpg','5287567700652059274.jpg',NULL,'2025-09-14 07:54:22',NULL,0,'image','image/jpeg',0,0,0,1280,960,1,NULL,1),
(32056,14,NULL,'uploads/public/gallery/17578263225043.jpg','17578263225043.jpg','kodinitioner1.jpg','kodinitioner1.jpg',NULL,'2025-09-14 08:05:22',NULL,0,'image','image/jpeg',0,0,0,1200,800,1,NULL,1);
/*!40000 ALTER TABLE `share_uploads` ENABLE KEYS */;
UNLOCK TABLES;

--
-- Table structure for table `site_gallery`
--

DROP TABLE IF EXISTS `site_gallery`;
/*!40101 SET @saved_cs_client     = @@character_set_client */;
/*!40101 SET character_set_client = utf8mb4 */;
CREATE TABLE `site_gallery` (
  `gallery_id` int(10) unsigned NOT NULL AUTO_INCREMENT,
  `smap_id` int(10) unsigned NOT NULL,
  `gallery_img` varchar(255) NOT NULL,
  `gallery_order_num` int(11) NOT NULL DEFAULT 1,
  PRIMARY KEY (`gallery_id`),
  KEY `smap_id` (`smap_id`),
  CONSTRAINT `site_gallery_ibfk_1` FOREIGN KEY (`smap_id`) REFERENCES `share_sitemap` (`smap_id`) ON DELETE CASCADE ON UPDATE CASCADE
) ENGINE=InnoDB AUTO_INCREMENT=272 DEFAULT CHARSET=utf8mb3 COLLATE=utf8mb3_hungarian_ci;
/*!40101 SET character_set_client = @saved_cs_client */;

--
-- Dumping data for table `site_gallery`
--

LOCK TABLES `site_gallery` WRITE;
/*!40000 ALTER TABLE `site_gallery` DISABLE KEYS */;
/*!40000 ALTER TABLE `site_gallery` ENABLE KEYS */;
UNLOCK TABLES;

--
-- Table structure for table `site_generator`
--

DROP TABLE IF EXISTS `site_generator`;
/*!40101 SET @saved_cs_client     = @@character_set_client */;
/*!40101 SET character_set_client = utf8mb4 */;
CREATE TABLE `site_generator` (
  `sg_id` int(10) unsigned NOT NULL AUTO_INCREMENT,
  `sg_is_disabled` tinyint(1) NOT NULL DEFAULT 1,
  `sg_type` varchar(255) NOT NULL,
  `sg_title` varchar(255) NOT NULL,
  `sg_tablename` varchar(255) NOT NULL,
  `sg_template_name` varchar(255) NOT NULL,
  `sg_class_name` varchar(255) NOT NULL,
  `sg_fields` text NOT NULL,
  `sg_fields_tr` text DEFAULT NULL,
  `sg_is_filter` tinyint(1) NOT NULL DEFAULT 1,
  `sg_is_translation` tinyint(1) NOT NULL DEFAULT 1,
  `sg_is_uploads` tinyint(1) NOT NULL DEFAULT 1,
  `sg_is_js` tinyint(1) NOT NULL DEFAULT 1,
  `sg_date` datetime DEFAULT NULL,
  `sg_build_date` datetime DEFAULT NULL,
  PRIMARY KEY (`sg_id`)
) ENGINE=InnoDB AUTO_INCREMENT=14 DEFAULT CHARSET=utf8mb3 COLLATE=utf8mb3_general_ci;
/*!40101 SET character_set_client = @saved_cs_client */;

--
-- Dumping data for table `site_generator`
--

LOCK TABLES `site_generator` WRITE;
/*!40000 ALTER TABLE `site_generator` DISABLE KEYS */;
INSERT INTO `site_generator` VALUES
(12,0,'1','test','test','test','Test','test_img\ntest_date\ntest_datetime\ntest_rtf\ntest_text','test_name',1,1,1,1,'2024-11-05 20:15:40','2024-11-05 00:49:10'),
(13,0,'2','Testfeed','Testfeed','Testfeed','Testfeed','test_img\ntest_date\ntest_datetime\ntest_rtf\ntest_text','test_name',1,1,1,0,'2025-09-01 00:33:58','2025-06-24 00:18:05');
/*!40000 ALTER TABLE `site_generator` ENABLE KEYS */;
UNLOCK TABLES;

--
-- Table structure for table `user_group_rights`
--

DROP TABLE IF EXISTS `user_group_rights`;
/*!40101 SET @saved_cs_client     = @@character_set_client */;
/*!40101 SET character_set_client = utf8mb4 */;
CREATE TABLE `user_group_rights` (
  `right_id` int(10) unsigned NOT NULL AUTO_INCREMENT,
  `right_name` char(20) NOT NULL,
  `right_const` char(20) NOT NULL,
  PRIMARY KEY (`right_id`)
) ENGINE=InnoDB AUTO_INCREMENT=4 DEFAULT CHARSET=utf8mb3 COLLATE=utf8mb3_general_ci;
/*!40101 SET character_set_client = @saved_cs_client */;

--
-- Dumping data for table `user_group_rights`
--

LOCK TABLES `user_group_rights` WRITE;
/*!40000 ALTER TABLE `user_group_rights` DISABLE KEYS */;
INSERT INTO `user_group_rights` VALUES
(1,'Read only','ACCESS_READ'),
(2,'Edit','ACCESS_EDIT'),
(3,'Full control','ACCESS_FULL');
/*!40000 ALTER TABLE `user_group_rights` ENABLE KEYS */;
UNLOCK TABLES;

--
-- Table structure for table `user_groups`
--

DROP TABLE IF EXISTS `user_groups`;
/*!40101 SET @saved_cs_client     = @@character_set_client */;
/*!40101 SET character_set_client = utf8mb4 */;
CREATE TABLE `user_groups` (
  `group_id` int(10) unsigned NOT NULL AUTO_INCREMENT,
  `group_name` char(50) NOT NULL DEFAULT '',
  `group_default` tinyint(1) DEFAULT 0,
  `group_user_default` tinyint(1) DEFAULT 0,
  PRIMARY KEY (`group_id`),
  KEY `group_default` (`group_default`)
) ENGINE=InnoDB AUTO_INCREMENT=7 DEFAULT CHARSET=utf8mb3 COLLATE=utf8mb3_general_ci;
/*!40101 SET character_set_client = @saved_cs_client */;

--
-- Dumping data for table `user_groups`
--

LOCK TABLES `user_groups` WRITE;
/*!40000 ALTER TABLE `user_groups` DISABLE KEYS */;
INSERT INTO `user_groups` VALUES
(1,'Администратор',NULL,0),
(3,'Гость',1,0),
(4,'Пользователь',NULL,1);
/*!40000 ALTER TABLE `user_groups` ENABLE KEYS */;
UNLOCK TABLES;

--
-- Table structure for table `user_user_groups`
--

DROP TABLE IF EXISTS `user_user_groups`;
/*!40101 SET @saved_cs_client     = @@character_set_client */;
/*!40101 SET character_set_client = utf8mb4 */;
CREATE TABLE `user_user_groups` (
  `u_id` int(10) unsigned NOT NULL,
  `group_id` int(10) unsigned NOT NULL,
  PRIMARY KEY (`u_id`,`group_id`),
  KEY `group_id` (`group_id`),
  CONSTRAINT `user_user_groups_ibfk_1` FOREIGN KEY (`u_id`) REFERENCES `user_users` (`u_id`) ON DELETE CASCADE ON UPDATE CASCADE,
  CONSTRAINT `user_user_groups_ibfk_2` FOREIGN KEY (`group_id`) REFERENCES `user_groups` (`group_id`) ON DELETE CASCADE ON UPDATE CASCADE
) ENGINE=InnoDB DEFAULT CHARSET=utf8mb3 COLLATE=utf8mb3_general_ci;
/*!40101 SET character_set_client = @saved_cs_client */;

--
-- Dumping data for table `user_user_groups`
--

LOCK TABLES `user_user_groups` WRITE;
/*!40000 ALTER TABLE `user_user_groups` DISABLE KEYS */;
INSERT INTO `user_user_groups` VALUES
(22,1),
(1656,1),
(1658,1);
/*!40000 ALTER TABLE `user_user_groups` ENABLE KEYS */;
UNLOCK TABLES;

--
-- Table structure for table `user_users`
--

DROP TABLE IF EXISTS `user_users`;
/*!40101 SET @saved_cs_client     = @@character_set_client */;
/*!40101 SET character_set_client = utf8mb4 */;
CREATE TABLE `user_users` (
  `u_id` int(10) unsigned NOT NULL AUTO_INCREMENT,
  `u_name` varchar(50) NOT NULL,
  `u_password` varchar(40) NOT NULL,
  `u_is_active` tinyint(1) NOT NULL DEFAULT 1,
  `u_fullname` varchar(250) DEFAULT NULL,
  `u_recovery_code` varchar(255) DEFAULT NULL,
  `u_recovery_date` datetime DEFAULT NULL,
  PRIMARY KEY (`u_id`),
  UNIQUE KEY `u_login` (`u_name`)
) ENGINE=InnoDB AUTO_INCREMENT=1660 DEFAULT CHARSET=utf8mb3 COLLATE=utf8mb3_general_ci;
/*!40101 SET character_set_client = @saved_cs_client */;

--
-- Dumping data for table `user_users`
--

LOCK TABLES `user_users` WRITE;
/*!40000 ALTER TABLE `user_users` DISABLE KEYS */;
INSERT INTO `user_users` VALUES
(22,'demo@energine.org','89e495e7941cf9e40e6980d14a16bf023ccd4c91',1,'Admin1','672d370f6094a672d370f6094c','2024-11-08 23:54:23'),
(1656,'a@starter.ooo','91fa2f1978c8d41f69e5dccdb4ab9091c45670f8',1,'a',NULL,NULL),
(1658,'vitaly.yuzvishen@gmail.com','ac2b9fbafc724b18b48586e89a83176d2f183833',1,'Vitaly Yuzvishen','685a0d1f9820b685a0d1f9820d','2025-06-25 05:27:43');
/*!40000 ALTER TABLE `user_users` ENABLE KEYS */;
UNLOCK TABLES;

--
-- Dumping routines for database 'c1phpbase'
--
/*!50003 SET @saved_sql_mode       = @@sql_mode */ ;
/*!50003 SET sql_mode              = 'STRICT_TRANS_TABLES,NO_ENGINE_SUBSTITUTION' */ ;
/*!50003 DROP FUNCTION IF EXISTS `get_upl_parent` */;
/*!50003 SET @saved_cs_client      = @@character_set_client */ ;
/*!50003 SET @saved_cs_results     = @@character_set_results */ ;
/*!50003 SET @saved_col_connection = @@collation_connection */ ;
/*!50003 SET character_set_client  = utf8mb3 */ ;
/*!50003 SET character_set_results = utf8mb3 */ ;
/*!50003 SET collation_connection  = utf8mb3_general_ci */ ;
DELIMITER ;;
CREATE DEFINER=`root`@`localhost` FUNCTION `get_upl_parent`(`in_id` INT(10) UNSIGNED) RETURNS int(10) unsigned
    READS SQL DATA
RETURN (select ifnull(`upl_pid`, 0) from `share_uploads` where `upl_id` = in_id) ;;
DELIMITER ;
/*!50003 SET sql_mode              = @saved_sql_mode */ ;
/*!50003 SET character_set_client  = @saved_cs_client */ ;
/*!50003 SET character_set_results = @saved_cs_results */ ;
/*!50003 SET collation_connection  = @saved_col_connection */ ;
/*!50003 SET @saved_sql_mode       = @@sql_mode */ ;
/*!50003 SET sql_mode              = 'STRICT_TRANS_TABLES,NO_ENGINE_SUBSTITUTION' */ ;
/*!50003 DROP PROCEDURE IF EXISTS `proc_get_upl_pid_list` */;
/*!50003 SET @saved_cs_client      = @@character_set_client */ ;
/*!50003 SET @saved_cs_results     = @@character_set_results */ ;
/*!50003 SET @saved_col_connection = @@collation_connection */ ;
/*!50003 SET character_set_client  = utf8mb3 */ ;
/*!50003 SET character_set_results = utf8mb3 */ ;
/*!50003 SET collation_connection  = utf8mb3_general_ci */ ;
DELIMITER ;;
CREATE DEFINER=`root`@`localhost` PROCEDURE `proc_get_upl_pid_list`(IN `in_id` INT(10) UNSIGNED)
    MODIFIES SQL DATA
BEGIN
    create temporary table if not exists temp (id int(10) UNSIGNED, title varchar(255)) DEFAULT CHARSET=utf8;
    set @_pid = in_id;

    while @_pid > 0 do
    insert into `temp` select upl_id, upl_title from `share_uploads` where upl_id = @_pid;
    set @_pid = get_upl_parent(@_pid);
    end while;
    select * from `temp`;
    drop table if exists `temp`;
  END ;;
DELIMITER ;
/*!50003 SET sql_mode              = @saved_sql_mode */ ;
/*!50003 SET character_set_client  = @saved_cs_client */ ;
/*!50003 SET character_set_results = @saved_cs_results */ ;
/*!50003 SET collation_connection  = @saved_col_connection */ ;
/*!50003 SET @saved_sql_mode       = @@sql_mode */ ;
/*!50003 SET sql_mode              = 'STRICT_TRANS_TABLES,NO_ENGINE_SUBSTITUTION' */ ;
/*!50003 DROP PROCEDURE IF EXISTS `proc_update_dir_date` */;
/*!50003 SET @saved_cs_client      = @@character_set_client */ ;
/*!50003 SET @saved_cs_results     = @@character_set_results */ ;
/*!50003 SET @saved_col_connection = @@collation_connection */ ;
/*!50003 SET character_set_client  = utf8mb3 */ ;
/*!50003 SET character_set_results = utf8mb3 */ ;
/*!50003 SET collation_connection  = utf8mb3_general_ci */ ;
DELIMITER ;;
CREATE DEFINER=`root`@`localhost` PROCEDURE `proc_update_dir_date`(IN `in_id` INT UNSIGNED, IN `in_date` DATETIME)
    MODIFIES SQL DATA
BEGIN
	set @_pid = get_upl_parent(in_id);

    while @_pid > 0 do
	update share_uploads set upl_publication_date=in_date where upl_id=@_pid;
	set @_pid = get_upl_parent(@_pid);
    end while;
END ;;
DELIMITER ;
/*!50003 SET sql_mode              = @saved_sql_mode */ ;
/*!50003 SET character_set_client  = @saved_cs_client */ ;
/*!50003 SET character_set_results = @saved_cs_results */ ;
/*!50003 SET collation_connection  = @saved_col_connection */ ;
/*!40103 SET TIME_ZONE=@OLD_TIME_ZONE */;

/*!40101 SET SQL_MODE=@OLD_SQL_MODE */;
/*!40014 SET FOREIGN_KEY_CHECKS=@OLD_FOREIGN_KEY_CHECKS */;
/*!40014 SET UNIQUE_CHECKS=@OLD_UNIQUE_CHECKS */;
/*!40101 SET CHARACTER_SET_CLIENT=@OLD_CHARACTER_SET_CLIENT */;
/*!40101 SET CHARACTER_SET_RESULTS=@OLD_CHARACTER_SET_RESULTS */;
/*!40101 SET COLLATION_CONNECTION=@OLD_COLLATION_CONNECTION */;
/*!40111 SET SQL_NOTES=@OLD_SQL_NOTES */;

-- Dump completed on 2025-09-14 21:34:10
